sample_index,model_id,official_split,selection_rank_sha256,step_file,step_bytes,step_sha256,file_description,file_schema,manifold_solid_brep,brep_with_voids,closed_shell,advanced_face,has_step_end_marker,validation_status
1,21225_c081eae3_21,test,001a3530fc8d557b10c25b18e1fb177bbf6e1ea7d1c4108d8009c0ce9165eddd,step/21225_c081eae3_21.stp,8242,f60c34d3a041bd1ed2077920288bb958d0cf7aa803de02df4bd060bace8308fa,unspecified,AUTOMOTIVE_DESIGN { 1 0 10303 214 3 1 1 },1,0,1,4,True,text_audited_kernel_validation_pending
2,24650_dad8c8ee_9,test,0027aa6044ef7699651dbf84e424acd70d04b775361099bc5fca4701c9e80a3c,step/24650_dad8c8ee_9.stp,6218,697510ca2db6ea6daf4feb7a944ad7e72ad249d7879d0ffbb1c1b473743cbc87,unspecified,AUTOMOTIVE_DESIGN { 1 0 10303 214 3 1 1 },1,0,1,3,True,text_audited_kernel_validation_pending
3,78606_53ee0da2_1,test,0028e69fb61c554332e8aa485f9a94d5ce943dec7eb4cd80d36cd3cc0181ba5f,step/78606_53ee0da2_1.stp,8236,1f919b78ecdab13b789777b4323a03eb8ec4d2178d5668a34731d8a0e16f8670,unspecified,AUTOMOTIVE_DESIGN { 1 0 10303 214 3 1 1 },1,0,1,4,True,text_audited_kernel_validation_pending
4,38287_88ec74de_86,test,0030ad7a47588cd23642d131fa05baef7e62a0dddee7de89d0f0f6223295bc10,step/38287_88ec74de_86.stp,8417,18061ef876861f9b75f09cf1290f8dfb432592fe22a473f16e70892a693f6777,unspecified,AUTOMOTIVE_DESIGN { 1 0 10303 214 3 1 1 },1,0,1,4,True,text_audited_kernel_validation_pending
5,40524_7b7ca640_8,test,0039f0830a3ccc11be981c5b9725950b19d1fd48b744b9e5fdbf2115cb5582f3,step/40524_7b7ca640_8.stp,9235,9bfa5d5e2925ce7a6da7e1104073b899d2fce41317ed1c0072a6ff2f12b6cc19,unspecified,AUTOMOTIVE_DESIGN { 1 0 10303 214 3 1 1 },1,0,1,3,True,text_audited_kernel_validation_pending
6,23685_4e489619_4,test,004bde071514d2c332f49b4ffaee147efc4404a7a0dfcf76eb9f285bea1b8d91,step/23685_4e489619_4.stp,129774,a414cd427573d214ea25fe008f556a4b59aa9a93fac2fa7a83322b83405e4194,unspecified,AUTOMOTIVE_DESIGN { 1 0 10303 214 3 1 1 },1,0,1,36,True,text_audited_kernel_validation_pending
7,125152_65ed33fd_17,test,004e34bb80126869cf06d8d46220b243fb232b8a035cf1e9064de9e877579a0f,step/125152_65ed33fd_17.stp,59087,413e34f6a4c57028991e2094d876c2edc78fe6367d6e56ec2b3005c85e4083b3,unspecified,AUTOMOTIVE_DESIGN { 1 0 10303 214 3 1 1 },1,0,1,22,True,text_audited_kernel_validation_pending
8,23035_6087bb57_5,test,005c91b7f35a31943427cefc3fa8a4e84239d8d833744e738ea78d347a3faf32,step/23035_6087bb57_5.stp,11762,cee738b364a57436bbdf97ceff923fb734fa5d99ab82a00a11ff4a4d2fcd4cdf,unspecified,AUTOMOTIVE_DESIGN { 1 0 10303 214 3 1 1 },1,0,1,6,True,text_audited_kernel_validation_pending
9,24890_5f8a67df_14,test,0064fc154d8aee94176ae62297c77b64f1931e0d4a0130b8cb69e185aa633870,step/24890_5f8a67df_14.stp,10163,c87b44318161a140a30e6340df8c6fc929b2ad0771103e00750241175916651b,unspecified,AUTOMOTIVE_DESIGN { 1 0 10303 214 3 1 1 },1,0,1,5,True,text_audited_kernel_validation_pending
10,131656_7da36cb9_0,test,00656338583afee04554396174e649dccc6c432d1648ff65649e4117634af2ff,step/131656_7da36cb9_0.stp,30005,6bc70a7933cae0a2ff1b6ecfba3c414b181b4a1aa0742d18a7cea0d6bde5b7c0,unspecified,AUTOMOTIVE_DESIGN { 1 0 10303 214 3 1 1 },1,0,1,17,True,text_audited_kernel_validation_pending
11,119787_9a55dfa9_11,test,0066e0ea51ae0ec1d4b996be76719980701828b0f8d6b2206b9aecab6f534b35,step/119787_9a55dfa9_11.stp,10981,45fed1476f09dda54a772fa22c9b7e3fbc320581da2a48fcbb23c7c400d0775d,unspecified,AUTOMOTIVE_DESIGN { 1 0 10303 214 3 1 1 },1,0,1,6,True,text_audited_kernel_validation_pending
12,22670_9353c710_3,test,007b6bc0e4314a2addcf81f9b9df58f40fd2f4a6196b7965a4114d012382915a,step/22670_9353c710_3.stp,36066,b796eb9130e42545f45a37d87bbff288b4c9c077bc566bb1ed70b958f5316a13,unspecified,AUTOMOTIVE_DESIGN { 1 0 10303 214 3 1 1 },1,0,1,20,True,text_audited_kernel_validation_pending
13,32960_0eaa1de8_9,test,008cf620a5fe8463ff0a57cb6ead8fe2789d54146ae9d28fe14707cf97715617,step/32960_0eaa1de8_9.stp,16311,5c53cc342b4126000e14e4cf111d5a602636f17d8796a3fbe3dfae7ab83166a8,unspecified,AUTOMOTIVE_DESIGN { 1 0 10303 214 3 1 1 },1,0,1,8,True,text_audited_kernel_validation_pending
14,34782_b461066c_3,test,00986ac1409db521853434360618ffce46ce9ae60f42151c0fa99ddc338b7b8b,step/34782_b461066c_3.stp,23881,59b4fb55c96e621d9fa5e8f3bac49612ca5f439f7f7c298f72c1ec05bc36fb55,unspecified,AUTOMOTIVE_DESIGN { 1 0 10303 214 3 1 1 },1,0,1,6,True,text_audited_kernel_validation_pending
15,137166_90691294_15,test,00a2c19c37e160b787201833df17789a933fd50bc6eed41b7b3142e7010b06d7,step/137166_90691294_15.stp,20053,ce18f0f11d4945da5c83bd55a6c3104836e03a7df18c8191742d4e886f82ff1b,unspecified,AUTOMOTIVE_DESIGN { 1 0 10303 214 3 1 1 },1,0,1,10,True,text_audited_kernel_validation_pending
16,21852_6cf9a734_3,test,00a82478fa985d5cdf649e13f7c10b980132259364708479db8f91f508ee5b85,step/21852_6cf9a734_3.stp,42654,4a9d0258e82cb49b3744cef5dc9d89c787412225debdfdfcae18b1d2212cfccc,unspecified,AUTOMOTIVE_DESIGN { 1 0 10303 214 3 1 1 },1,0,1,25,True,text_audited_kernel_validation_pending
17,145530_0a838de7_5,test,00b4b2a6accf6b94e49b2f0482a72978f9324ca7ad471fa7b9438aaeb054b131,step/145530_0a838de7_5.stp,858815,d6c53bf03531c0d194d8a77fffbd80a8bc7917e2b8b6327ef07cec5d4e03059d,unspecified,AUTOMOTIVE_DESIGN { 1 0 10303 214 3 1 1 },1,0,1,297,True,text_audited_kernel_validation_pending
18,21242_6c2af7c2_5,test,00c8fbc884875d31361b97f27b126fa059038de5ff772a53d3001b9913ac0cb5,step/21242_6c2af7c2_5.stp,16695,163a1b9f764618ac96ec2c661901a7a3ca4ffbe5da494f162be6f7122ef91786,unspecified,AUTOMOTIVE_DESIGN { 1 0 10303 214 3 1 1 },1,0,1,5,True,text_audited_kernel_validation_pending
19,32220_1fd19c5e_36,test,00cfd06dc32d429579b4cc1c3250febc650d1f97c22241dc17b663d7ce9ffebd,step/32220_1fd19c5e_36.stp,27369,8b9e095195a56ab343806c00a53b7ab15da3bea4288d9f7bc19210f4edf151c8,unspecified,AUTOMOTIVE_DESIGN { 1 0 10303 214 3 1 1 },1,0,1,14,True,text_audited_kernel_validation_pending
20,123094_af46c5e1_20,test,00d65e067d51006e4f036d27d2018aa2b259b3c03f61164fd7684d7a734b8737,step/123094_af46c5e1_20.stp,12752,8874159645ea83ee1720ae977d490d0f0294fbd9225a9582176de332c918f45c,unspecified,AUTOMOTIVE_DESIGN { 1 0 10303 214 3 1 1 },1,0,1,6,True,text_audited_kernel_validation_pending
21,138423_553700e1_4,test,00d7cf5dc5384c55b99d579fa3b8ec0e5e08a857772b5cb807719eeacb4b6669,step/138423_553700e1_4.stp,36441,7bbecf0038588b4d73e640497fa39720d196a678f6f32cef4a5e79ecfa9b420b,unspecified,AUTOMOTIVE_DESIGN { 1 0 10303 214 3 1 1 },1,0,1,8,True,text_audited_kernel_validation_pending
22,21641_83f43fad_2,test,00e61c1f54e667e606c2d8abbb8fc8f01ac8bea12d697a13fe67287c093b3e3a,step/21641_83f43fad_2.stp,6223,60c82d7a86f108dd72fc1c59394e2ea8446405b4ab4a322e5d7892a70f5c259c,unspecified,AUTOMOTIVE_DESIGN { 1 0 10303 214 3 1 1 },1,0,1,3,True,text_audited_kernel_validation_pending
23,38287_88ec74de_73,test,00eaf03de3c56ac80c5d71a1886d3ba29835db7ca5c0802a3a75942b6d857a4f,step/38287_88ec74de_73.stp,17874,5021ada304e0d8869733bb750eace34b3d58ca1bf95c05d7f66ba928c9b93488,unspecified,AUTOMOTIVE_DESIGN { 1 0 10303 214 3 1 1 },1,0,1,9,True,text_audited_kernel_validation_pending
24,29845_053c4c5b_4,test,00ed0164d4d02fe43f20e6f9a4ebc9077ab8350ba7bf2cf2efb28f8945607413,step/29845_053c4c5b_4.stp,80501,f26dace0d3e382e0ca71fa92ea5410bad6e52c6e1cee1bc2c2ccb7219e5caf9e,unspecified,AUTOMOTIVE_DESIGN { 1 0 10303 214 3 1 1 },1,0,1,22,True,text_audited_kernel_validation_pending
25,53078_b592f2bd_13,test,00f3e5ad96038103459cc32c1ee1e91d4a525f3b88a54f01192102a21b30d866,step/53078_b592f2bd_13.stp,28619,ada89ac0c9d69ea69ef2ab0b306e4100cad87bd19fd72644fcc3d8a52305bee1,unspecified,AUTOMOTIVE_DESIGN { 1 0 10303 214 3 1 1 },1,0,1,14,True,text_audited_kernel_validation_pending
26,23418_18c3b38d_5,test,00f60dc3da997acaab3c56c5045bf0e0e9b8c39c7447d6358179feb263ce17f7,step/23418_18c3b38d_5.stp,15696,f76deac3c9fc1dbe510876945d623cd0c24c67187f2e1b7b74f530728734bc60,unspecified,AUTOMOTIVE_DESIGN { 1 0 10303 214 3 1 1 },1,0,1,8,True,text_audited_kernel_validation_pending
27,76880_9bb28e72_11,test,00f92408a0604a5a6dfe7a277663164d3687762f4dc01cb2f56f68b6c5664437,step/76880_9bb28e72_11.stp,8542,88734f6db8544920d040cdec696098878f35f2f4c14e33b47b8ec11bea7b6064,unspecified,AUTOMOTIVE_DESIGN { 1 0 10303 214 3 1 1 },1,0,1,4,True,text_audited_kernel_validation_pending
28,23676_52069f98_21,test,0103031ebb9159abfa9bead4ed13c8b5c1a3855aa6b4cf64584ad50a17f3e642,step/23676_52069f98_21.stp,16568,6c4ec6b9e4974fb6ddd388af7ec10bce5e059b5a57f9e40e7e16de6733387a58,unspecified,AUTOMOTIVE_DESIGN { 1 0 10303 214 3 1 1 },1,0,1,10,True,text_audited_kernel_validation_pending
29,54516_ac9e2ef4_16,test,0104bd4301c0f816d9623e0fd1b8f200730b710a7b4b66ed6fa8a5b46c85626b,step/54516_ac9e2ef4_16.stp,51761,7f4fc7e3a59bffbf6a774f20829d6a583a1849e5e228e3a1cfe7b2165d7972a2,unspecified,AUTOMOTIVE_DESIGN { 1 0 10303 214 3 1 1 },1,0,1,26,True,text_audited_kernel_validation_pending
30,138756_a39897f4_0,test,010bc95ae94bac16c1a84d2c16721cd43e82c6c1191da2df7ce50c85d4ca2c32,step/138756_a39897f4_0.stp,57358,a0c48fff33205db4f44e5fecf199fb1295f50513791ecd88396c0d9e864f4e50,unspecified,AUTOMOTIVE_DESIGN { 1 0 10303 214 3 1 1 },1,0,1,19,True,text_audited_kernel_validation_pending
31,54073_7d8cdd04_1,test,011c13fdd34684803a127397640a4038182d445840d3e1f0a6c8435dc8bf0fa8,step/54073_7d8cdd04_1.stp,20494,41c4798047eedc08ab16ef2d1a4f2e35a63070d0c2b305f3fa25ef6ae12310a4,unspecified,AUTOMOTIVE_DESIGN { 1 0 10303 214 3 1 1 },1,0,1,10,True,text_audited_kernel_validation_pending
32,50927_e458e13b_0,test,012baaa21aa3231eb56887296de1c4e88f72d4669f34873be16b9ce9a5d9302a,step/50927_e458e13b_0.stp,9259,4658ba33440ee397195d9d14a2cc1578df15b6831022ec30c37bb813c04edbfa,unspecified,AUTOMOTIVE_DESIGN { 1 0 10303 214 3 1 1 },1,0,1,5,True,text_audited_kernel_validation_pending
33,130757_b2c47f8d_9,test,0142a4cc83da429b1317d382aa37e86044bb6c2b0ab8801be1ddf7485772857a,step/130757_b2c47f8d_9.stp,164492,aa0c711dd67ff08f8399536da2709303b50f4b9969cd7eaf8cd10f8aae78f935,unspecified,AUTOMOTIVE_DESIGN { 1 0 10303 214 3 1 1 },1,0,1,79,True,text_audited_kernel_validation_pending
34,35145_a3d7363c_11,test,015ab78d0afe969e173abe98c2f13b382b86a380a78543749ea506a17b6b448b,step/35145_a3d7363c_11.stp,37256,6a3a38e623a1b773710e24891a583e02110b2e1552649b960ed7fec5e7cf655f,unspecified,AUTOMOTIVE_DESIGN { 1 0 10303 214 3 1 1 },1,0,1,18,True,text_audited_kernel_validation_pending
35,22711_33843a5d_15,test,016fe0c6dfcaca2984ba7724d7c7d79fd8d94c7f08e607331128df2b856758f1,step/22711_33843a5d_15.stp,20278,782dfe5dc680809cb546671ab27fa5e63e2aaebe16b0d6497f80022435b92aca,unspecified,AUTOMOTIVE_DESIGN { 1 0 10303 214 3 1 1 },1,0,1,12,True,text_audited_kernel_validation_pending
36,100112_bc0a563a_4,test,0173445cc869416489df08f287f9ac4cc02923801ae243215ae91b99706eef5d,step/100112_bc0a563a_4.stp,16540,f45d6bba95059c9d50bf56c7351eacaae501cea3ab6a3c5320ec560de169216f,unspecified,AUTOMOTIVE_DESIGN { 1 0 10303 214 3 1 1 },1,0,1,8,True,text_audited_kernel_validation_pending
37,31018_a01ba8e5_6,test,0173f530c1820e89a9268b939c4b9183891799d1d591438b3a7a3cf16e5ccddf,step/31018_a01ba8e5_6.stp,19659,f98fa762b8d29dff15c28ef0ea803c1ff949e3b6466dc11a96db6f4956d2b791,unspecified,AUTOMOTIVE_DESIGN { 1 0 10303 214 3 1 1 },1,0,1,10,True,text_audited_kernel_validation_pending
38,70313_c860c42b_0,test,017d2f4b36fc74683029e61b66346941286e86afd1d46a93733f2620a4bd443d,step/70313_c860c42b_0.stp,15771,ff629f670e72bcd4c106e09192a656750b174d645df6be00534e2052c540df40,unspecified,AUTOMOTIVE_DESIGN { 1 0 10303 214 3 1 1 },1,0,1,9,True,text_audited_kernel_validation_pending
39,48227_390437ae_1,test,01845a50edc049e4f959165fc345208f4eb7130ee47af32927c17dd59011984a,step/48227_390437ae_1.stp,30153,9662aa0f77414ee2b6acd65d74105db288322cae1971594f4ef9dbbe63a6f370,unspecified,AUTOMOTIVE_DESIGN { 1 0 10303 214 3 1 1 },1,0,1,18,True,text_audited_kernel_validation_pending
40,148051_c59af578_9,test,01866562621fb20a2e28f02cf6b0b3b3cc70f8f7dd51f178b1d6afbf18c37d2f,step/148051_c59af578_9.stp,65143,6537c4b4fa2cdf188797ae84a1541c8b6939d192650e4cf0e2165d2c53e3e7c0,unspecified,AUTOMOTIVE_DESIGN { 1 0 10303 214 3 1 1 },1,0,1,31,True,text_audited_kernel_validation_pending
41,48183_91e0b011_9,test,0189d6cb7bb7f65e1bd00d3cd097b301c767c6c0d1d30e0b6b70f326aa4b2d60,step/48183_91e0b011_9.stp,36639,648514e202cf150273d55c1b2949d444a5eae4984da4291e8456d0831d9381a3,unspecified,AUTOMOTIVE_DESIGN { 1 0 10303 214 3 1 1 },1,0,1,18,True,text_audited_kernel_validation_pending
42,44417_dfea0c21_2,test,01ac67c66060a9d36cbc6ef6a1225bc3f9ab3f78edb0a72f882316eefc7119a8,step/44417_dfea0c21_2.stp,21446,6b6df915fdc9921903f67d4ef44bf2181bad49552984d9284f03ed0a729be493,unspecified,AUTOMOTIVE_DESIGN { 1 0 10303 214 3 1 1 },1,0,1,11,True,text_audited_kernel_validation_pending
43,24890_5f8a67df_7,test,01b675b474545d3dc82e70c4e69608d143379bb096611e94f69a768a280963bc,step/24890_5f8a67df_7.stp,64805,6c644502ebcc47bcde539471ecb3b324bc3f0a34677a9bde0621040d1ad38bde,unspecified,AUTOMOTIVE_DESIGN { 1 0 10303 214 3 1 1 },1,0,1,30,True,text_audited_kernel_validation_pending
44,39101_23fec10f_19,test,01ccc3523d710e75e732a8725790cd4c74072b72e0809e88d9c09d1972788394,step/39101_23fec10f_19.stp,15403,ec92399327ca5664556802e2c1fd55b43fb28eb296dc52d8b563385a3a8a3107,unspecified,AUTOMOTIVE_DESIGN { 1 0 10303 214 3 1 1 },1,0,1,7,True,text_audited_kernel_validation_pending
45,37016_455093c1_0,test,01ea638a2eb43f7a27e794e35a25fb70b18ad2414715540c702c723874638668,step/37016_455093c1_0.stp,10602,a0c7ac375af07f0a6b4d2c9c3db6ef2514bf1c2c404d7542a74d9825e774e9fd,unspecified,AUTOMOTIVE_DESIGN { 1 0 10303 214 3 1 1 },1,0,1,6,True,text_audited_kernel_validation_pending
46,65842_de75838b_3,test,01ed4a571f29342a49a0e1350db761754023cf0ad9114331c7ab1f7b25824eb8,step/65842_de75838b_3.stp,11828,cd7246d658fda4137b18d5b69dff09afbd0fe30eb789682eef3a3ced7446bd6a,unspecified,AUTOMOTIVE_DESIGN { 1 0 10303 214 3 1 1 },1,0,1,6,True,text_audited_kernel_validation_pending
47,33499_48ac4df4_1,test,01f7018bbd4b7fe7437d7c4ab393c84ac8ef2206fbb18effa1ac9d975313ed4d,step/33499_48ac4df4_1.stp,14616,a200ac93da9bfd176e497f7d04ad4cebbef9ab56fe7866ec77d1944583308219,unspecified,AUTOMOTIVE_DESIGN { 1 0 10303 214 3 1 1 },1,0,1,8,True,text_audited_kernel_validation_pending
48,43681_027a109d_4,test,020a59b0d8cd0983b19a4829eaf3bee28602cd08f5bbd8507aa98177f92d3570,step/43681_027a109d_4.stp,40138,ae5a26ad4b708cadf0809e6e863b175df62f988c7ff8b4c29c167da03a1f1d52,unspecified,AUTOMOTIVE_DESIGN { 1 0 10303 214 3 1 1 },1,0,1,24,True,text_audited_kernel_validation_pending
49,51595_41f3d1a3_10,test,022330453f1a13eb798ee8d5406e9baf8c4f6ef0225508613f2b6c8591607acf,step/51595_41f3d1a3_10.stp,17248,b3349ae68734601562f577864d32bcc1451ba2e5096ca8b545a8906ac5f7f5b8,unspecified,AUTOMOTIVE_DESIGN { 1 0 10303 214 3 1 1 },1,0,1,9,True,text_audited_kernel_validation_pending
50,128052_1650519e_1,test,0226722f185a33e165934e26226f3a73fe71831659e9797f2a0fde5af8b1ec31,step/128052_1650519e_1.stp,72423,d0f3eb78b31eb3313a50f8f8845f164b19918fd4924cdf0432ac059bb6d1cca6,unspecified,AUTOMOTIVE_DESIGN { 1 0 10303 214 3 1 1 },1,0,1,18,True,text_audited_kernel_validation_pending
51,35145_a3d7363c_7,test,0240f6591d64478db92de9e906aa2ba65bb3cb57c3aa41f06b908bb4126a869a,step/35145_a3d7363c_7.stp,20067,4d3aeb635d624a798b661adbc49fc9dd6db310306c335d43c164710e0a8579d3,unspecified,AUTOMOTIVE_DESIGN { 1 0 10303 214 3 1 1 },1,0,1,10,True,text_audited_kernel_validation_pending
52,109232_04340d62_2,test,024e89359ac142ba6689ded7c69ed759629f25a5280cfef9c7045d459bec940e,step/109232_04340d62_2.stp,82459,2c2b5993a7547bd3a1b2814127937006ced9e38eaba62562b568fb07fa62535b,unspecified,AUTOMOTIVE_DESIGN { 1 0 10303 214 3 1 1 },1,0,1,40,True,text_audited_kernel_validation_pending
53,53474_f29e4438_14,test,024eeeac3dab8ead7899a5c6a1e9213ebfc6650f0b497308648624cda0119cd4,step/53474_f29e4438_14.stp,86288,ed7acbf2a55e02902d3849c73d24143f949de57f54eac6c05d17d13b03ab555d,unspecified,AUTOMOTIVE_DESIGN { 1 0 10303 214 3 1 1 },1,0,1,36,True,text_audited_kernel_validation_pending
54,49317_ba20e582_0,test,0258ef32c62e8414140cdcf52818343a156e8e7133d7fda3e6505c32a39809c1,step/49317_ba20e582_0.stp,31223,f31373b639b2d62a85adfd2620cee7b582bb1ceefc127eca885e105828e610a3,unspecified,AUTOMOTIVE_DESIGN { 1 0 10303 214 3 1 1 },1,0,1,18,True,text_audited_kernel_validation_pending
55,109637_8b7fe169_2,test,025d0345b1b622716a15855c93d7be5ed161ca0583d6af9da8007010421b0676,step/109637_8b7fe169_2.stp,8343,3edecc6d1c676f281ca000d4441905c4dc6376667d657486b8ebad67a85b564b,unspecified,AUTOMOTIVE_DESIGN { 1 0 10303 214 3 1 1 },1,0,1,4,True,text_audited_kernel_validation_pending
56,45285_dc1f2b6f_3,test,0272e8ccbd3b32e3d3bbd6bf3ca1d9b2835ead9a9b56112c77db81f887395d54,step/45285_dc1f2b6f_3.stp,9146,cb8b18aec496853857089afab2a9920e67d6c797ca5c408769602e89ff18793a,unspecified,AUTOMOTIVE_DESIGN { 1 0 10303 214 3 1 1 },1,0,1,5,True,text_audited_kernel_validation_pending
57,98989_ce1a2dab_0,test,02767b1ead4d2f2f55aa6b4016dab7059f33b33ca79fe0f9624bd22e8d604fed,step/98989_ce1a2dab_0.stp,102733,a51a876afa6c3b49c10cfa51f3ce3f777aaf788dc562f3804b18ecd57fa1e13e,unspecified,AUTOMOTIVE_DESIGN { 1 0 10303 214 3 1 1 },1,0,1,50,True,text_audited_kernel_validation_pending
58,72090_a3e21840_4,test,027d0ca2f7e26fba623b36c227634a489b59a9f1ddba4b5ba5902e6abca35100,step/72090_a3e21840_4.stp,58540,226ee236061a2aa00b17972f60df599f5f4943ca4e99084f294b7acd345ba189,unspecified,AUTOMOTIVE_DESIGN { 1 0 10303 214 3 1 1 },1,0,1,28,True,text_audited_kernel_validation_pending
59,41321_43c99300_6,test,02a0c97c04f6ce271d315dbb08545034ec99b4dc097616e6c6b05df31ddd0933,step/41321_43c99300_6.stp,8866,a97ae515cd6205e39875ca10a411e55226d1907e39e8a29ea80478cd00388741,unspecified,AUTOMOTIVE_DESIGN { 1 0 10303 214 3 1 1 },1,0,1,4,True,text_audited_kernel_validation_pending
60,40997_e3c88650_8,test,02aaca4e84174fe462ba0f098c4e104557770e78ed168281c1ed4cecb1449880,step/40997_e3c88650_8.stp,22314,c718b3bdb228c9fcf28ac923ea262a910c28c1ecafeffcd04b8424cbc6b4e1ec,unspecified,AUTOMOTIVE_DESIGN { 1 0 10303 214 3 1 1 },1,0,1,12,True,text_audited_kernel_validation_pending
61,31642_61133335_4,test,02adab582019ac93ba44e53a6f29f3e7400d9004671c6c2c786eddc44e998f83,step/31642_61133335_4.stp,6435,3c68bc3e207fca7d6586fd9fdda8fa11477f8879df512531e817e4ce834c3865,unspecified,AUTOMOTIVE_DESIGN { 1 0 10303 214 3 1 1 },1,0,1,3,True,text_audited_kernel_validation_pending
62,23267_8ecbbb9e_35,test,02b2e158e23afaa06e087e10abac30024c8dfcf61d21a8fd27b817d277008abb,step/23267_8ecbbb9e_35.stp,11693,db7dab0a1fff739b0fa48a9c8c7c02e71ac172cea171402aac6c8e90841aacac,unspecified,AUTOMOTIVE_DESIGN { 1 0 10303 214 3 1 1 },1,0,1,6,True,text_audited_kernel_validation_pending
63,45178_c1a5b721_0,test,02de5b0b7e582b3e85203b144af8c9ba4da6edb0abc892947f1d51bc9ff4d1c7,step/45178_c1a5b721_0.stp,383451,78fac7e89d859279319dd6e7c846a54f0decf5e55d053808752e0153edd02e70,unspecified,AUTOMOTIVE_DESIGN { 1 0 10303 214 3 1 1 },1,0,1,178,True,text_audited_kernel_validation_pending
64,56248_b358425c_4,test,02ec0ae7acce2c01972d11a4c0043aa324b000b0cbf39aa67da55ce511a4a463,step/56248_b358425c_4.stp,27583,1aca5c071ba0e15d216ba390290355be0e21c4335b83e7126805fc375558176a,unspecified,AUTOMOTIVE_DESIGN { 1 0 10303 214 3 1 1 },1,0,1,14,True,text_audited_kernel_validation_pending
65,44354_07805a0e_0,test,02f03d28f9e3c4409d40cdd466133e23c21328dfc01903a8d58af4faeb1818b7,step/44354_07805a0e_0.stp,22956,31a25ac48ac35801bce89025df98ea83e75824c0b5304098fa7862dfe99c0873,unspecified,AUTOMOTIVE_DESIGN { 1 0 10303 214 3 1 1 },1,0,1,12,True,text_audited_kernel_validation_pending
66,27866_ece3076e_102,test,02f6f34398fd2a4d4542d3ce44ae76ce9a2c2f02409137c9aa660863f27f3892,step/27866_ece3076e_102.stp,20312,5a9bdc3fb1beb5a1bd8369f6ca70f3b7644fff54959f0ae66bbd1e5e07f71371,unspecified,AUTOMOTIVE_DESIGN { 1 0 10303 214 3 1 1 },1,0,1,10,True,text_audited_kernel_validation_pending
67,75982_f8018303_13,test,03114112eb85a4de53fd258ef8d1bc36cea019f87fd19b048d049f6b0db27241,step/75982_f8018303_13.stp,11604,843b1245576a4cc553e9dc9064b1e0ce4922fb297df7f7e72ae5aa61885a835f,unspecified,AUTOMOTIVE_DESIGN { 1 0 10303 214 3 1 1 },1,0,1,6,True,text_audited_kernel_validation_pending
68,30910_38ea5a06_21,test,03147ba80c52a2e65d5a587d4f02749d828ffcdbd17285b61e247de2893ad948,step/30910_38ea5a06_21.stp,6225,5b07cd013160f3c2307f358c5e2e92bb7db36d7ed8c5c8f6e21a57b62f9ba6c4,unspecified,AUTOMOTIVE_DESIGN { 1 0 10303 214 3 1 1 },1,0,1,3,True,text_audited_kernel_validation_pending
69,136652_a09ad805_10,test,032d2b9cad9aaad5ecf157646e27db64ea86189830239c872025df22f8b1d736,step/136652_a09ad805_10.stp,18732,90beea96cf11ce2fa7799c773dfcf84aab292a803035cba3175e9b1a12aa72d1,unspecified,AUTOMOTIVE_DESIGN { 1 0 10303 214 3 1 1 },1,0,1,9,True,text_audited_kernel_validation_pending
70,41472_f9d73638_12,test,032f33d02ffe486c6449c33542790a87785026fda1abaf129326a4992ae8669f,step/41472_f9d73638_12.stp,9020,191ec5a2e33632903e04d4400aba4412e62593a94fe9f568e8f8fcba4c38ab07,unspecified,AUTOMOTIVE_DESIGN { 1 0 10303 214 3 1 1 },1,0,1,5,True,text_audited_kernel_validation_pending
71,134850_0ceb2f11_45,test,0337be11d0b70d9a6f5fd0abd8422678643716f7203af1025c6f8ef26977c8f7,step/134850_0ceb2f11_45.stp,17341,bc5cf3cf58dc5cb4a96858699c05ef33e59423558cebccfe0205bf72782a7059,unspecified,AUTOMOTIVE_DESIGN { 1 0 10303 214 3 1 1 },1,0,1,8,True,text_audited_kernel_validation_pending
72,45468_eaf0dc99_3,test,03477a473c93c121467103cf64eb8f06e542b98d5cdbfb86fad42a5169b79513,step/45468_eaf0dc99_3.stp,29127,85d151c7514a8668ea25a135f98fa96a9491cbb5f40849434f817dd6883e0a4a,unspecified,AUTOMOTIVE_DESIGN { 1 0 10303 214 3 1 1 },1,0,1,13,True,text_audited_kernel_validation_pending
73,68956_753650aa_4,test,03495847778821ac2ccb96e4fce07d3a464a9c0ddf8608a4abb883aa6291ba54,step/68956_753650aa_4.stp,18308,1fc0acfc81d32f6eaefafeacdd2a28b986679b66981fc373a981585f0f2831f4,unspecified,AUTOMOTIVE_DESIGN { 1 0 10303 214 3 1 1 },1,0,1,10,True,text_audited_kernel_validation_pending
74,66323_15018ef7_1,test,035dfa9cc1841835e0cc6b492dc762cf2f3b7c46d4b6fcc91a478cd52b720b4f,step/66323_15018ef7_1.stp,65859,083fc1bba39905e5ec5d98efe762936fba4310ac6325424ac4a14480a020d334,unspecified,AUTOMOTIVE_DESIGN { 1 0 10303 214 3 1 1 },1,0,1,9,True,text_audited_kernel_validation_pending
75,119553_457234b4_11,test,0366d0b5aa1a21c42e4eb9e5130316dda68b43aad111061646853aca1623b2a5,step/119553_457234b4_11.stp,94235,a86914ebd3746c80377e9e88b78a6fef8746932ee24b6b99153426dc3a1de9bc,unspecified,AUTOMOTIVE_DESIGN { 1 0 10303 214 3 1 1 },1,0,1,11,True,text_audited_kernel_validation_pending
76,145132_7aea3b66_29,train,00010389c69d7624252ca1b654652dd2082ccf10798ab3750a4538c0c953390f,step/145132_7aea3b66_29.stp,26215,aca9fa6baf384dc8d24d7a36a8ce01d2f2195b9a961aa83372a81a7befa64237,unspecified,AUTOMOTIVE_DESIGN { 1 0 10303 214 3 1 1 },1,0,1,13,True,text_audited_kernel_validation_pending
77,24039_448afafa_5,train,000153828834d43b5e4a6f95f32068563241633d87588971c7266cf46f81767e,step/24039_448afafa_5.stp,17385,1345c4946707b1049792c82a4a3dcd43079e859bfdc4c4e63b97ed7dfcc66508,unspecified,AUTOMOTIVE_DESIGN { 1 0 10303 214 3 1 1 },1,0,1,10,True,text_audited_kernel_validation_pending
78,130996_b842b511_24,train,000438622c01182bae3d4c501e9f10fb9886f83f7d2dbc0bf00c244ef4f4fd65,step/130996_b842b511_24.stp,12324,c95c084ef1bdb274c33fad3a7be6d1aec9ede7ce8421c1ac7d8648a761e95eae,unspecified,AUTOMOTIVE_DESIGN { 1 0 10303 214 3 1 1 },1,0,1,6,True,text_audited_kernel_validation_pending
79,34443_27f9adde_5,train,0008328082a8bfa72d47bbed5ece1913a51eda9333dbf73a941e891b2955b189,step/34443_27f9adde_5.stp,29389,bac38407d6490a7270d2567c125d479582c8afe34ddc81bc55eaf5fddf7bcd1a,unspecified,AUTOMOTIVE_DESIGN { 1 0 10303 214 3 1 1 },1,0,1,6,True,text_audited_kernel_validation_pending
80,83110_487f8396_3,train,000b353a3705aae2ec008ad8a3d687cd8c873a8b776b26ee7342a964dd93768b,step/83110_487f8396_3.stp,10189,63b6fd86aa88154eacbcc923203daf83cad06f0ddf574e9ea444cf4fcd4fd6dd,unspecified,AUTOMOTIVE_DESIGN { 1 0 10303 214 3 1 1 },1,0,1,5,True,text_audited_kernel_validation_pending
81,70834_d131d9c8_0,train,000c586dc9ce06ba442b63a79216eef28172a5b34d1561c7b35f9957543402df,step/70834_d131d9c8_0.stp,10675,73624067fb8df2a92d6eecb11e180cfc0b97de3c49c4c9149b51c34dd2d3c84b,unspecified,AUTOMOTIVE_DESIGN { 1 0 10303 214 3 1 1 },1,0,1,5,True,text_audited_kernel_validation_pending
82,41624_a15f83c1_7,train,000ce417c88bc44eb8b061f09492f456bd2dbb08203dd48c899b04ec4f8fd6c0,step/41624_a15f83c1_7.stp,8348,f6b4ab0469d752ea244740b8ff275bbb6efbacbbaa5f8f9460f698394a4b7869,unspecified,AUTOMOTIVE_DESIGN { 1 0 10303 214 3 1 1 },1,0,1,4,True,text_audited_kernel_validation_pending
83,23267_8ecbbb9e_2,train,0010b4a7989af014f2805e4c4ee2b6642010ee554ad35cbfcbfd8cbbb0d525f7,step/23267_8ecbbb9e_2.stp,11265,470eb94362c846e8e7fafd2db55d24af96c58e725283c0526480717c39ab757d,unspecified,AUTOMOTIVE_DESIGN { 1 0 10303 214 3 1 1 },1,0,1,5,True,text_audited_kernel_validation_pending
84,79791_00f639ca_9,train,00156a3c28fe7b0afa1352849026672a0cb2bdc1d53073e3057de6836ef955c2,step/79791_00f639ca_9.stp,28023,b3f975fb9fe07f19559be380e10c1f950dfe17adbd13859cfc5d574afd31157e,unspecified,AUTOMOTIVE_DESIGN { 1 0 10303 214 3 1 1 },1,0,1,14,True,text_audited_kernel_validation_pending
85,50410_f8f03667_33,train,0018b129473adf185901cddef4016b9f6605e7ecfc08d4d236ba95fa3aad0961,step/50410_f8f03667_33.stp,22482,34de1819b924b1ecfb5e4367f30e8084c3f0649381c8404aaf91f1487f110b04,unspecified,AUTOMOTIVE_DESIGN { 1 0 10303 214 3 1 1 },1,0,1,11,True,text_audited_kernel_validation_pending
86,41650_9417da80_0,train,001bdac8eb614bd1f2f5ce0b480b572f1f837e4d9454f8d01305a8a027a798b5,step/41650_9417da80_0.stp,6366,014607aa6ddde69b0f94b3ddd7473bf1c18c2981abaf2f659e78e47b23c1b18d,unspecified,AUTOMOTIVE_DESIGN { 1 0 10303 214 3 1 1 },1,0,1,3,True,text_audited_kernel_validation_pending
87,119457_8ed60b2e_9,train,001ca16142224110deb67b5c2fe0d916d77a423880b09ce0bc59cfdfd134087b,step/119457_8ed60b2e_9.stp,11952,4e25e2abcb61ec18057dd552c580e4658263c8c71ae92a9e88edafc58baac241,unspecified,AUTOMOTIVE_DESIGN { 1 0 10303 214 3 1 1 },1,0,1,7,True,text_audited_kernel_validation_pending
88,21477_babb9c34_24,train,001d6139ac1b40efe00ce3c3a48ab0550cc887cc49f0e4efde15813fe1518d0b,step/21477_babb9c34_24.stp,41103,ceff4b1bd24c299912b297ed8efa88f6396bd20a13b94da24e47f08f438de817,unspecified,AUTOMOTIVE_DESIGN { 1 0 10303 214 3 1 1 },1,0,1,20,True,text_audited_kernel_validation_pending
89,25354_ce952bc1_1,train,001fdd546997c883450c30c61be13e154ab5e8c956cc80be86f3a34243c518d5,step/25354_ce952bc1_1.stp,16910,f9a33a04374f198c1fceb0629f77f5e88ac32bad01af342843d2bd80d42f9225,unspecified,AUTOMOTIVE_DESIGN { 1 0 10303 214 3 1 1 },1,0,1,8,True,text_audited_kernel_validation_pending
90,133734_9fdc1293_3,train,00214c35b162231684dd136d3698a282572e933814392e223e96a650f751128d,step/133734_9fdc1293_3.stp,109512,247669b9a1e62abbe382a5673f4fcdb98d2c291ab546daf59a76cf90b4443de1,unspecified,AUTOMOTIVE_DESIGN { 1 0 10303 214 3 1 1 },1,0,1,25,True,text_audited_kernel_validation_pending
91,137098_0a45d1c8_26,train,002174a6689dab998e0b3682da2a6d8be39615caa516c6a11f8748fa381c92a6,step/137098_0a45d1c8_26.stp,43518,6504b4d147569991e3a11dffdd7cf1b723489a7a91e093cb006e159cc733b51d,unspecified,AUTOMOTIVE_DESIGN { 1 0 10303 214 3 1 1 },1,0,1,26,True,text_audited_kernel_validation_pending
92,32743_f4c47bbc_15,train,00219db11f4bbe2a11476d915874d83e6ce434875ba62d6aac9ca87a0a98110f,step/32743_f4c47bbc_15.stp,12412,1eca2316d4d8e0368ca730588471e576317018f61872b3b934f1578d026948e2,unspecified,AUTOMOTIVE_DESIGN { 1 0 10303 214 3 1 1 },1,0,1,6,True,text_audited_kernel_validation_pending
93,50897_3be92e2f_28,train,0021de70826797420710816c40ecf9cfedc405e7dd929087f6145120521205b3,step/50897_3be92e2f_28.stp,10902,88f6e5515e71aeacce9373a65720b4b16d84312438ca5fd22354c6507f462d8f,unspecified,AUTOMOTIVE_DESIGN { 1 0 10303 214 3 1 1 },1,0,1,6,True,text_audited_kernel_validation_pending
94,143481_e8d7fe93_0,train,0022adf952fdcd14f3c8f8ea25e15e85f4755a824b4ec12c5d5cf53479a72ec4,step/143481_e8d7fe93_0.stp,68355,661ae6027df74db1c42716c258810e47e37ff190696b8b771177470b0a9c6a65,unspecified,AUTOMOTIVE_DESIGN { 1 0 10303 214 3 1 1 },1,0,1,32,True,text_audited_kernel_validation_pending
95,81836_fc49fcee_10,train,00245fe153dc9f90a303ee9d16af94e13331d6b18bc04d52cf635c361599838a,step/81836_fc49fcee_10.stp,65393,939f1347a5653b00affdc997e8c2521f90e86830490642ffd6bef059df1a8872,unspecified,AUTOMOTIVE_DESIGN { 1 0 10303 214 3 1 1 },1,0,1,16,True,text_audited_kernel_validation_pending
96,33413_060ce192_49,train,0026d974697003a0e32722df3ad2dcfd97903938bcac3583a98f709a3b9f1054,step/33413_060ce192_49.stp,32991,25d77d2e97a072b7f12e0a57021a62d97f5bc6cbf965e2ac6ce54a32464e2344,unspecified,AUTOMOTIVE_DESIGN { 1 0 10303 214 3 1 1 },1,0,1,16,True,text_audited_kernel_validation_pending
97,111056_3839d6da_1,train,0027de186cc77f5d62e908bfb46ad6ddbb61fbb751b0e62cf88a970c0a521fe3,step/111056_3839d6da_1.stp,10931,d161d59e9bc77c9230dced13cbea6d614b2c5ae43a3934588eba874c5faca88b,unspecified,AUTOMOTIVE_DESIGN { 1 0 10303 214 3 1 1 },1,0,1,6,True,text_audited_kernel_validation_pending
98,133129_0872b871_1,train,002b5b10dd3e10429876522367ae3b716deb9aa8832f8d52c8feb8518efd173a,step/133129_0872b871_1.stp,11823,1313bc6f647425351adc4993a84f456ea6ddad6d8611c8af16cde68969dd85db,unspecified,AUTOMOTIVE_DESIGN { 1 0 10303 214 3 1 1 },1,0,1,6,True,text_audited_kernel_validation_pending
99,52890_0ae9bb77_1,train,002bc6abf7de109d8deaa0de078c7b157caf7b7d473690d33fa14f9648781efa,step/52890_0ae9bb77_1.stp,242803,e898a646f1d463d8ca082c0e6d4da13f6c2648b5776660b086d173a465b900d7,unspecified,AUTOMOTIVE_DESIGN { 1 0 10303 214 3 1 1 },1,0,1,120,True,text_audited_kernel_validation_pending
100,143768_2939716e_0,train,0033dc5cbccf6f0fa66de61de83d4ef3a17df196910d97d53a4f10b02fcf30f0,step/143768_2939716e_0.stp,47834,4865ba3a366ee4db8be57645902cd3db8e1c5cdfc61326670caecf8c546268e1,unspecified,AUTOMOTIVE_DESIGN { 1 0 10303 214 3 1 1 },1,0,1,22,True,text_audited_kernel_validation_pending
101,30114_9f7d9611_1,train,003458d2f86579af2a07e61456b62080cf81b670991302911087f77209ee4708,step/30114_9f7d9611_1.stp,15427,02d8334ea46caa52d3f48e584f74d8d5b9083bcf9ab30687da05738cd6d2bcd8,unspecified,AUTOMOTIVE_DESIGN { 1 0 10303 214 3 1 1 },1,0,1,8,True,text_audited_kernel_validation_pending
102,25284_c88414c8_0,train,00346d52842df948d95978de1898ee9554c2ba71c9806b3638eaf1a4000eb9e7,step/25284_c88414c8_0.stp,37256,3354380b1f014cd9a0b01351f254ae5e23f630aee3e5861d7c009d43063d6e30,unspecified,AUTOMOTIVE_DESIGN { 1 0 10303 214 3 1 1 },1,0,1,18,True,text_audited_kernel_validation_pending
103,24591_1476271f_0,train,0034c4a373820e2ca305ec22ff713c4edd672f1f3097d99e75b04df5553e239d,step/24591_1476271f_0.stp,87653,da0497b8d72a90ba5b3064a1c74f6f8cbec0e1b9770eb60dff17474400a4a608,unspecified,AUTOMOTIVE_DESIGN { 1 0 10303 214 3 1 1 },1,0,1,42,True,text_audited_kernel_validation_pending
104,22788_b6a9e30a_5,train,003590a8159ef5e58aa83e449c65ace6ad620c273a27061cc386828cf6598372,step/22788_b6a9e30a_5.stp,11395,694364b487765eba74b5eff79d13e5e2b99cb60b08dc1ebf70f5314038728a87,unspecified,AUTOMOTIVE_DESIGN { 1 0 10303 214 3 1 1 },1,0,1,6,True,text_audited_kernel_validation_pending
105,109576_3504cc04_0,train,0035c1c624b9b9a12994c84697009ee553572337484d3e616cead4039556f634,step/109576_3504cc04_0.stp,37452,7254a091a8c6b2980e5b3ea0e28630a2cb394bad950e5d1874fdd26cde3419b9,unspecified,AUTOMOTIVE_DESIGN { 1 0 10303 214 3 1 1 },1,0,1,24,True,text_audited_kernel_validation_pending
106,88235_b2001358_3,train,0036ae6abf4a5fb881a213ef40c2d809a37a5daaff7c45474733a48765926300,step/88235_b2001358_3.stp,11622,b7fa52125019f4b28cfce6e2cb28ef8b5a3d1bc579fe7db47af497bcfc322507,unspecified,AUTOMOTIVE_DESIGN { 1 0 10303 214 3 1 1 },1,0,1,5,True,text_audited_kernel_validation_pending
107,50908_c40c2f8a_0,train,003731184a5c796be82d3342a2510b33bd814d71968815ff1dcac87b1e0c2339,step/50908_c40c2f8a_0.stp,20086,8bca434bd64966ca5807eb44f219250aaca22953c5d68fd4da866e308948a614,unspecified,AUTOMOTIVE_DESIGN { 1 0 10303 214 3 1 1 },1,0,1,10,True,text_audited_kernel_validation_pending
108,45798_b573e9da_7,train,003834871d2d11e7294f81f1575f58d25b4b1bac49579ade21a242b1c10f96a1,step/45798_b573e9da_7.stp,8456,b2532e24edd8aadf366f98a16f1fd6aff1f76ba7944fc3da715b80e3626350bd,unspecified,AUTOMOTIVE_DESIGN { 1 0 10303 214 3 1 1 },1,0,1,4,True,text_audited_kernel_validation_pending
109,136401_69f29349_1,train,0038cc02f4308f63d9e13cd04850ca3eca59957edf66f57672ed12e63d01fe7a,step/136401_69f29349_1.stp,53574,d89b221e185ddc1f105a2b6337f7647c9c2884ef5e48f185e582c5ad2ca7f6cb,unspecified,AUTOMOTIVE_DESIGN { 1 0 10303 214 3 1 1 },1,0,1,26,True,text_audited_kernel_validation_pending
110,97733_4ac743c3_2,train,003d3da1d111bee47ea52bcf39841fb4c87f985247bc29157d0b6037f935e05f,step/97733_4ac743c3_2.stp,8397,2c7d9f0f189a50d1b00ff424b9b80de3d7db3cac1c291f1da770070e3a65eb37,unspecified,AUTOMOTIVE_DESIGN { 1 0 10303 214 3 1 1 },1,0,1,4,True,text_audited_kernel_validation_pending
111,32743_f4c47bbc_31,train,003d6ac2ba5daa06038967e39080ccb02d2146c53ef5dad7b9505f691f8ac93e,step/32743_f4c47bbc_31.stp,33412,32aef421df9bd8c6143c32b179294ab4be757f9e833344f1f9d6b9ebc35927f5,unspecified,AUTOMOTIVE_DESIGN { 1 0 10303 214 3 1 1 },1,0,1,16,True,text_audited_kernel_validation_pending
112,66159_4d95964e_8,train,003d9099f7eaef067920120dfcfbe9051aa4cf32c15734bfec4f3b645318d46f,step/66159_4d95964e_8.stp,18171,9ed24a7853fe58f75403bff4185bb8aa31b8f881cb6969f4d8e862ab9a713d7e,unspecified,AUTOMOTIVE_DESIGN { 1 0 10303 214 3 1 1 },1,0,1,5,True,text_audited_kernel_validation_pending
113,86112_b89cfbc8_0,train,003dfe90b9c325354fa89d54118d1f17a5059229d124a3d4d90788b26c751355,step/86112_b89cfbc8_0.stp,81130,5c38cf967ada6587cf974bf855eabbd80ec575300b8c72305896956757bc781b,unspecified,AUTOMOTIVE_DESIGN { 1 0 10303 214 3 1 1 },1,0,1,44,True,text_audited_kernel_validation_pending
114,35053_10e4ad39_4,train,003f0bd2ff1efc216dfa67cd40b1e002c066ba27cef52b7074df91cba2475e8d,step/35053_10e4ad39_4.stp,16611,8f4aa5e2105ef42d1d8384910a9b1b19d1029e6cc8783db55a300fb8061208ac,unspecified,AUTOMOTIVE_DESIGN { 1 0 10303 214 3 1 1 },1,0,1,8,True,text_audited_kernel_validation_pending
115,41595_e15895be_1,train,0046f514eae5d6f61fd68151ae634d63c5303963b6d8de01924f5619da967dfa,step/41595_e15895be_1.stp,32143,e0711ee37dad31f3addd9298fcd664759f27993f015d7a67333827d66f7db8f0,unspecified,AUTOMOTIVE_DESIGN { 1 0 10303 214 3 1 1 },1,0,1,17,True,text_audited_kernel_validation_pending
116,55095_fa260d33_11,train,0047b2eeb4894c7f18e2c97ed8bdb681b9d51cb2f2c97ddc67130a4fd4a94b9c,step/55095_fa260d33_11.stp,42205,2331ad743ba89af57668032b8e7c8bddb8e547e25db48019a89ca30f32e7f618,unspecified,AUTOMOTIVE_DESIGN { 1 0 10303 214 3 1 1 },1,0,1,19,True,text_audited_kernel_validation_pending
117,115617_7d36e5d9_10,train,004808968d31c401db7a698dbdc207710e65a51a559c9e699d32d606f2a5eaac,step/115617_7d36e5d9_10.stp,39950,da15f4a503b0b7f5e9168c0c57564d64c0cc9b81bb65e412298e05db7fe4bcba,unspecified,AUTOMOTIVE_DESIGN { 1 0 10303 214 3 1 1 },1,0,1,3,True,text_audited_kernel_validation_pending
118,34581_e34981d3_0,train,0048dcad56988f8ab11e0fc8af461b32e8f40d80c91d1b1abc18761c282003ab,step/34581_e34981d3_0.stp,11819,157af17cc015cd45b951c88cfc24105fc09dee3abccc23bdaabac27d13527658,unspecified,AUTOMOTIVE_DESIGN { 1 0 10303 214 3 1 1 },1,0,1,6,True,text_audited_kernel_validation_pending
119,108773_f9384cff_24,train,004eda55751dc7ced2b03cd50cde68ea5cd0c66b6de9297d4eda13b3aa8cec6a,step/108773_f9384cff_24.stp,21201,335b3a697d2767ce17985a1b350c9ebed621c58351c8593d85caf0bf25674a78,unspecified,AUTOMOTIVE_DESIGN { 1 0 10303 214 3 1 1 },1,0,1,11,True,text_audited_kernel_validation_pending
120,21644_aa203dc5_39,train,004f25b157db15b8f02ab9f09f3fd39305cb3130ccfc618d209c8b1c9f7c9fec,step/21644_aa203dc5_39.stp,19341,c08fb4a10085624898fe7648eab298816f4ca09309247599119e91e1ea2445ab,unspecified,AUTOMOTIVE_DESIGN { 1 0 10303 214 3 1 1 },1,0,1,10,True,text_audited_kernel_validation_pending
121,109307_a5919b9f_0,train,005144ee28f010795a6a93cf124ce4d2a789612deb8a936464a4d30c7e853129,step/109307_a5919b9f_0.stp,34183,6fa248b94b793770b851a73d803e3043dac6ceda44b0594875dd5ef32ca88b61,unspecified,AUTOMOTIVE_DESIGN { 1 0 10303 214 3 1 1 },1,0,1,18,True,text_audited_kernel_validation_pending
122,130752_52d74f2f_19,train,005458f523aeda7330b6c8ccc1241b201a2ec0e8baf4d4f197dbc06388621359,step/130752_52d74f2f_19.stp,8271,58560c70950ba5328db9122ee8f7c938313cfad9933a16435d268a22d1c9babb,unspecified,AUTOMOTIVE_DESIGN { 1 0 10303 214 3 1 1 },1,0,1,4,True,text_audited_kernel_validation_pending
123,41512_c1a779f2_6,train,00571c03f081968b8d631af304b260391f1dd9c04f6146f62a852b5ca1d1f1d1,step/41512_c1a779f2_6.stp,24587,872d646314eef80a821e364e367415627de109ca6cb5faa97c74085aef5aee7c,unspecified,AUTOMOTIVE_DESIGN { 1 0 10303 214 3 1 1 },1,0,1,12,True,text_audited_kernel_validation_pending
124,138838_c9a9e790_6,train,0057d7488d1520210d11a2ee74144230e71b1f0690d8b02f12f1f4cb6c29699a,step/138838_c9a9e790_6.stp,9474,4935034ce69d96ee0e5d1b523c8cc2cdfb03bc8f8cdecfdd1f5373c9f3ec0293,unspecified,AUTOMOTIVE_DESIGN { 1 0 10303 214 3 1 1 },1,0,1,4,True,text_audited_kernel_validation_pending
125,24481_6e1400f0_2,train,0057dcc3db9844133b913423ec6a175e9aef2d1eb9259898cc471c12f8787b87,step/24481_6e1400f0_2.stp,36078,e74f71c68960cc9828a41d5d9fb11ce08629af0d8f5547c4316e8d7a2950f067,unspecified,AUTOMOTIVE_DESIGN { 1 0 10303 214 3 1 1 },1,0,1,18,True,text_audited_kernel_validation_pending
126,42333_53c85dac_12,train,005a42bba3e302c9bdb88b8a3dd0511707c8b5cca62a8cb5896625ea0c3876ed,step/42333_53c85dac_12.stp,24612,7115abd8bfc0755cc94cbe9b9b8ad34837602e7503acca297f76a6c8fa7d43ab,unspecified,AUTOMOTIVE_DESIGN { 1 0 10303 214 3 1 1 },1,0,1,12,True,text_audited_kernel_validation_pending
127,42558_11345b58_0,train,005af2a51f13eae48ece741648f2b7d9b20e2e75cefd9bf06da626ffc473c464,step/42558_11345b58_0.stp,161217,98e052ae837ada5fd25c5a0052388ceae4d6761b90fb6a344f4617a424117a42,unspecified,AUTOMOTIVE_DESIGN { 1 0 10303 214 3 1 1 },1,0,1,85,True,text_audited_kernel_validation_pending
128,113103_c0430481_0,train,005c09151358004eb66e4b144102b07578c8c28b2f50f96fbf43b00c0f43ab8e,step/113103_c0430481_0.stp,222016,9693aa911890dc81dac2b590a76de8fd99f82439f1f43d55b84959e67802104b,unspecified,AUTOMOTIVE_DESIGN { 1 0 10303 214 3 1 1 },1,0,1,102,True,text_audited_kernel_validation_pending
129,33165_cec42ec5_7,train,005c67605570d169938c9f0504d480a43f768b3982ae8819b6bf1109ccdd1689,step/33165_cec42ec5_7.stp,12122,1f3e076988993bc5749139fddfea85f1dde6df2cfdea627da0952afbb8b23130,unspecified,AUTOMOTIVE_DESIGN { 1 0 10303 214 3 1 1 },1,0,1,6,True,text_audited_kernel_validation_pending
130,36284_ad2dc2f2_6,train,005ce25b04792fd62f7d6ff52bc44a204bcc8f2c7adee93f2db5c1fc202542ce,step/36284_ad2dc2f2_6.stp,41158,98136f5de92fb1a93fed43ff560a4a237cf04ed4f613524a0fb5bb01a18dae81,unspecified,AUTOMOTIVE_DESIGN { 1 0 10303 214 3 1 1 },1,0,1,4,True,text_audited_kernel_validation_pending
131,137141_748596d0_0,train,005cf1322d50e15f6ff6e88d289f7ce7a2d0283f6743492d2f6476329429f0b5,step/137141_748596d0_0.stp,77099,cc839cfe8850a4b105f222154608fd3404331cc8ac752b2227701f0836f459d0,unspecified,AUTOMOTIVE_DESIGN { 1 0 10303 214 3 1 1 },1,0,1,38,True,text_audited_kernel_validation_pending
132,123689_ccbd39d6_8,train,005ea11a6033f779faf4703c26bbbbfdbd0415109c2e51ec1859be472c244b8a,step/123689_ccbd39d6_8.stp,75448,824669448a976178949c6f1e1cf8b386e3ec57c81cec257880ba5df8a1544a29,unspecified,AUTOMOTIVE_DESIGN { 1 0 10303 214 3 1 1 },1,0,1,1,True,text_audited_kernel_validation_pending
133,86296_8a6ed4d3_10,train,005f72bd19f32943c9e64ca2c4c54eb7586fa1fa69d4117149bd1634d347493e,step/86296_8a6ed4d3_10.stp,114248,9ee10844a391e397d7096478ed73b3e66727e996a489374965da3e1d933d2fb0,unspecified,AUTOMOTIVE_DESIGN { 1 0 10303 214 3 1 1 },1,0,1,32,True,text_audited_kernel_validation_pending
134,57859_f415d3a0_4,train,0061279d6b70c1beac444034bd66bdc0e20a10a6a00d89457140acf364bbee1e,step/57859_f415d3a0_4.stp,20645,99caaec4d1ee1f1d9e8f92aa8259925280f97898a75a3f5af5bd336aea3c9dd5,unspecified,AUTOMOTIVE_DESIGN { 1 0 10303 214 3 1 1 },1,0,1,10,True,text_audited_kernel_validation_pending
135,51242_5b85ef7b_21,train,0063ea1c0a2718350884b01e724764d2ab821680ca396be1337c8c7ecdd8c894,step/51242_5b85ef7b_21.stp,10161,f46426873420e5b1956c979f2b13aca31c2198e13b3b68b651577e8992624ccf,unspecified,AUTOMOTIVE_DESIGN { 1 0 10303 214 3 1 1 },1,0,1,5,True,text_audited_kernel_validation_pending
136,22225_a3ce4d29_7,train,0067aa793fde4bef2fedaa7f9a78ca5060b970eab630f9707292dc0ba455880c,step/22225_a3ce4d29_7.stp,51647,70184a491162a3eee142164d2b8bf875448183993609ae8d70ecee9c73ff0772,unspecified,AUTOMOTIVE_DESIGN { 1 0 10303 214 3 1 1 },1,0,1,25,True,text_audited_kernel_validation_pending
137,24508_6ee28fe9_1,train,0069a464d7a5b9275b2d4144f685d91a057cfe828f43eb31b20b05062af0d9f0,step/24508_6ee28fe9_1.stp,11881,7d724615561b9fdab0c827aa05abe727caa2c15b15d299035d47bbffdb6fd9a4,unspecified,AUTOMOTIVE_DESIGN { 1 0 10303 214 3 1 1 },1,0,1,6,True,text_audited_kernel_validation_pending
138,93395_d6c6f957_0,train,006a89ec6cc4ab40b62f12902be82b68bdf4dcf7e6827f6c6da9e8e8e5f1d394,step/93395_d6c6f957_0.stp,121059,e059afd5dce1104c7f4237b5eed2714d2003b6cc7547244e568c78dcedda7d26,unspecified,AUTOMOTIVE_DESIGN { 1 0 10303 214 3 1 1 },1,0,1,70,True,text_audited_kernel_validation_pending
139,24221_0b711dbf_0,train,006b1cb0ca90ad6569096b34b78f8532983eebcfb8f6d03b6f58f4891b051878,step/24221_0b711dbf_0.stp,28031,02fe7590c13ce0fb2813fe2f280d90234d07e2c85cd12edb6d7045143b4066e2,unspecified,AUTOMOTIVE_DESIGN { 1 0 10303 214 3 1 1 },1,0,1,15,True,text_audited_kernel_validation_pending
140,51940_67bb0219_10,train,006e471a584424df0d545d08864dd28603459112833c7981cb5e884d8cd80ac1,step/51940_67bb0219_10.stp,13880,eabb4a30cb5a868c97db473ec761b8822c9404d6bad247d3e282ba0b643cb475,unspecified,AUTOMOTIVE_DESIGN { 1 0 10303 214 3 1 1 },1,0,1,6,True,text_audited_kernel_validation_pending
141,66373_34b20fca_1,train,006f22e3a63013897b31c98a074bda86d614aa1df2fa36bae202600a15f83449,step/66373_34b20fca_1.stp,18104,6058adc7d90cea749a9d1c88c0a8bf7b72bf10c7aba9fef4e84e96dbd16f62c1,unspecified,AUTOMOTIVE_DESIGN { 1 0 10303 214 3 1 1 },1,0,1,6,True,text_audited_kernel_validation_pending
142,54502_9441c063_0,train,00704c325a7b3f46a35063e4243caf047388558506d1a32d5d6fcaf7ff77a2fe,step/54502_9441c063_0.stp,74869,2b35b507e621df8b917f576bac9b9c3fce4b1c87e23e2b854757b5aa8b83d5c3,unspecified,AUTOMOTIVE_DESIGN { 1 0 10303 214 3 1 1 },1,0,1,34,True,text_audited_kernel_validation_pending
143,23418_18c3b38d_11,train,00718ff71fa6c6de7b5615d21a1cec8ef1c2cf22d1d028ed5680eb731b52cc50,step/23418_18c3b38d_11.stp,10632,cdb2382d172f74c3a9f197ded906d46e3c5b02ab9161145d33d61f98f207eb59,unspecified,AUTOMOTIVE_DESIGN { 1 0 10303 214 3 1 1 },1,0,1,3,True,text_audited_kernel_validation_pending
144,29729_e8bb36f1_4,train,0071fd24c1c20cd0d5bc262f32f040b2e20cf0e5d05d10d501b68b240861160c,step/29729_e8bb36f1_4.stp,11416,aaa359ec534c581a08baa355f6df47ae4ea0a6595ae4938b4d5e7555e3c628b2,unspecified,AUTOMOTIVE_DESIGN { 1 0 10303 214 3 1 1 },1,0,1,6,True,text_audited_kernel_validation_pending
145,31360_a1accb4b_87,train,007207ed5eb2b47b6747d61514fdd8bc309d56eb3e0a9b71f5a64f331ec59b9e,step/31360_a1accb4b_87.stp,25533,ef69ea45886d3629a56a937107c334cfcdad0825c0c64e3c1b6cb0e6bdc07cce,unspecified,AUTOMOTIVE_DESIGN { 1 0 10303 214 3 1 1 },1,0,1,12,True,text_audited_kernel_validation_pending
146,76298_af8ea172_33,train,0075ccf8b61dfb9a153bad5a2524948e7850c4d427aa2aeac540c191123c5dfe,step/76298_af8ea172_33.stp,26435,31bca0afb385ae87118c5ba8820b6024d0f8ebc28ba7d94a88c040e883731733,unspecified,AUTOMOTIVE_DESIGN { 1 0 10303 214 3 1 1 },1,0,1,12,True,text_audited_kernel_validation_pending
147,42404_6a7d8616_0,train,00765b5048fd138878120f60ad5df5e747033369f608407d588a88d47f97fafe,step/42404_6a7d8616_0.stp,20052,490468b5111607dccba487a91a9e3ae5822aea2e187235706abfc0cfa4bcc88f,unspecified,AUTOMOTIVE_DESIGN { 1 0 10303 214 3 1 1 },1,0,1,11,True,text_audited_kernel_validation_pending
148,41708_3a74f048_9,train,007667bfc2d7dbb0c2ff9ce8f9a559a7c2418b4f0f384f97761b52571b7c0e26,step/41708_3a74f048_9.stp,47759,9a196bb33dd0de83a4e683c83a18033d2f92f48f2ba4c546d2c0167bb8171fbd,unspecified,AUTOMOTIVE_DESIGN { 1 0 10303 214 3 1 1 },1,0,1,15,True,text_audited_kernel_validation_pending
149,79117_19097e61_5,train,0079f5827f5969aa8de39b8d77c5b4ed5483836585e22485056031a5f1581f8d,step/79117_19097e61_5.stp,9722,c54c35312be7620250f410e7533a5f974dcdfe16727c81f641171bf47eea4d47,unspecified,AUTOMOTIVE_DESIGN { 1 0 10303 214 3 1 1 },1,0,1,4,True,text_audited_kernel_validation_pending
150,55279_5d386bad_0,train,007dda47b2d3f87bd031fe1ea17cdfaeea1772a04fc2e7fab7a1e329a5665e31,step/55279_5d386bad_0.stp,8324,5c20400ae3616f7f1e372def3e6bedd4d3026eaf2783483ec9fb79d4e33bb7ac,unspecified,AUTOMOTIVE_DESIGN { 1 0 10303 214 3 1 1 },1,0,1,4,True,text_audited_kernel_validation_pending
151,24690_b6d62097_8,train,007f9c83267d21ded43b0ba8ddf82b991ec8ef505b3311b91186f4d96bc5e295,step/24690_b6d62097_8.stp,11265,515f15f2f522130cb5945cd9be60b4a9eb7d34f27187ebee646113a5bdf6fafb,unspecified,AUTOMOTIVE_DESIGN { 1 0 10303 214 3 1 1 },1,0,1,6,True,text_audited_kernel_validation_pending
152,55247_13a4b5ed_2,train,007fc87c2644805a1b5b9eda859cad391a5b31790e11f6bd7ee8d20db624f035,step/55247_13a4b5ed_2.stp,9186,a012559acda29f4c483a4eab0320a0e21f8454b95d261c67fc23c7355ac33b73,unspecified,AUTOMOTIVE_DESIGN { 1 0 10303 214 3 1 1 },1,0,1,5,True,text_audited_kernel_validation_pending
153,115608_25230092_0,train,008022ffb491b84768c99a63e559b50e98e080bd37cbee8d145879bd53237634,step/115608_25230092_0.stp,449840,3d3bf1eaa670db43ea69e773f1d48a931c962a082c4645aeee50e24462948129,unspecified,AUTOMOTIVE_DESIGN { 1 0 10303 214 3 1 1 },1,0,1,231,True,text_audited_kernel_validation_pending
154,36194_c9cfd107_14,train,00819a61305c5c85175d8f72b75ef6c6bee00a925e8fe60ce6257d5d4d4b9018,step/36194_c9cfd107_14.stp,36932,3e5c76401692c860f7199cc71ba30e40afb620f0e531c931627602644781fa6e,unspecified,AUTOMOTIVE_DESIGN { 1 0 10303 214 3 1 1 },1,0,1,15,True,text_audited_kernel_validation_pending
155,51860_32540fd4_31,train,0081f215b2228aac0ab99fa661e64bb17308321b24ae7fdff526d96569630c91,step/51860_32540fd4_31.stp,56473,19cbfd217e466f0c07169d391299ed2b8d84e0ce67b8f8cf07b3759e536919ab,unspecified,AUTOMOTIVE_DESIGN { 1 0 10303 214 3 1 1 },1,0,1,28,True,text_audited_kernel_validation_pending
156,40807_58058731_7,train,0082b903cef1bfbb693aa81e4b9cd920bad686811d1cfd20fe3050b1c195fad4,step/40807_58058731_7.stp,6428,6707de1483c2750b86e8fcf57b1efdd2072d8c19a9ef9e77f01d276da50f8202,unspecified,AUTOMOTIVE_DESIGN { 1 0 10303 214 3 1 1 },1,0,1,3,True,text_audited_kernel_validation_pending
157,136716_076bbbb3_9,train,0083cbb5feba9279a1566f109befd65f6198ced9f5f03dd7641b560906fc8ec6,step/136716_076bbbb3_9.stp,41837,9fa7b5652e826f33dff831c03c06382802563fe528f0eb4420027ad5b5e82193,unspecified,AUTOMOTIVE_DESIGN { 1 0 10303 214 3 1 1 },1,0,1,21,True,text_audited_kernel_validation_pending
158,22070_fd1b8e5e_4,train,0085c8d3b2363c9343177e0812a1ac476ce4238e01019b1e523ee1ad0be6ddae,step/22070_fd1b8e5e_4.stp,18004,74caa2bcb5f17772f016b7f3cddc7732a4774e157e48ca139c6c08958c67d927,unspecified,AUTOMOTIVE_DESIGN { 1 0 10303 214 3 1 1 },1,0,1,10,True,text_audited_kernel_validation_pending
159,23120_f7c9092f_6,train,00862069aac0e175f88e64261e7f8683d001ceb2f040abd4b94879f54f2778b2,step/23120_f7c9092f_6.stp,12295,b58507071c8e322abd573acb100e0075ab240ecd20d1324094d987556f969f53,unspecified,AUTOMOTIVE_DESIGN { 1 0 10303 214 3 1 1 },1,0,1,6,True,text_audited_kernel_validation_pending
160,91573_272066be_0,train,0086d7f53a594a4d7856146c4b387d60de16d8169ae532bc37af5c034914ac5d,step/91573_272066be_0.stp,11669,3031ee3321a66afd3c3f9a7a6d84b8a8dcc5c26a943fae3cf4ab6b4228600aca,unspecified,AUTOMOTIVE_DESIGN { 1 0 10303 214 3 1 1 },1,0,1,6,True,text_audited_kernel_validation_pending
161,115617_7d36e5d9_15,train,00880a64cc7730bb29f1a5079babba424512f6f45f620dd68a0e4e4d6b47bb5c,step/115617_7d36e5d9_15.stp,123109,f631dffcfc73778ebe93974da91df400c4623e7c5ad8275b41a4c5594713f22f,unspecified,AUTOMOTIVE_DESIGN { 1 0 10303 214 3 1 1 },1,0,1,12,True,text_audited_kernel_validation_pending
162,30729_b4d83b07_30,train,00880df07da752e7db96a066c56a9eb06fe0a3954dfb734f12f1f24903f1f6cb,step/30729_b4d83b07_30.stp,12039,ed0a02fbdcd3228de7cde50e2cd8e4eb942226f398eefbc9cb17fdc7a53c8045,unspecified,AUTOMOTIVE_DESIGN { 1 0 10303 214 3 1 1 },1,0,1,7,True,text_audited_kernel_validation_pending
163,21237_7887a24b_70,train,00886bed4d44b6173e6d62a8f4d21daa405300c9dceb974ddf3125838ebac680,step/21237_7887a24b_70.stp,46669,4872f80acfbb4afb864071f4d44e9f98f6f63ed91b9295887c1e7686b6b503dd,unspecified,AUTOMOTIVE_DESIGN { 1 0 10303 214 3 1 1 },1,0,1,22,True,text_audited_kernel_validation_pending
164,34341_d19b12fb_22,train,00893dbcc4ef3b436ace91fddcbac9b92a433499462030efbe87b9d73b4a5096,step/34341_d19b12fb_22.stp,7233,81f12faa25aa446131e6527e837fd31ce5d70eef468055067f32401d2da136a6,unspecified,AUTOMOTIVE_DESIGN { 1 0 10303 214 3 1 1 },1,0,1,3,True,text_audited_kernel_validation_pending
165,134439_efb3051d_17,train,00898716a3f28005b84762b14c5d9130ae7a0553c7fa6a05baea0b662ede7e2b,step/134439_efb3051d_17.stp,919333,bb1d85addc53b79e6f5daab7db9e632b66451d31e4bf6be207d224c4411ae4a8,unspecified,AUTOMOTIVE_DESIGN { 1 0 10303 214 3 1 1 },1,0,1,266,True,text_audited_kernel_validation_pending
166,36445_67816b83_0,train,008ac388c8b8fde399a6e84f180ff0e214d50737ee8711b35fe770f354f2e8f8,step/36445_67816b83_0.stp,24042,24e629ca0b9714dd893fee5960e47b8a6e343e5d4af12d4b2a5c3ba1af37ffbf,unspecified,AUTOMOTIVE_DESIGN { 1 0 10303 214 3 1 1 },1,0,1,15,True,text_audited_kernel_validation_pending
167,55355_9b28f55a_1,train,008f4f7a83b513b0f76e592076c771323d634796c382e14a74b9850333f6a8c9,step/55355_9b28f55a_1.stp,23204,382d8bb99ad84cf1710d0cacfdacecfacb3de217252ee902aa75e3c3288e2402,unspecified,AUTOMOTIVE_DESIGN { 1 0 10303 214 3 1 1 },1,0,1,3,True,text_audited_kernel_validation_pending
168,129845_8e93541e_109,train,008f61a5b18d2562272302761905ba5d2d7f5ea75ffe0b49e4a2b9c76edeb604,step/129845_8e93541e_109.stp,11526,3807b4cbfd1829438605700de995e81f8b1f9564b2bbc9e7e93f2b15d792679e,unspecified,AUTOMOTIVE_DESIGN { 1 0 10303 214 3 1 1 },1,0,1,6,True,text_audited_kernel_validation_pending
169,24815_4f2a57e4_14,train,008fbe5460e32a6c6d200ed46d053e8a6a753d52f17bdd66092f506fd3d0eb4f,step/24815_4f2a57e4_14.stp,28316,e1e7bc72bc6a857d61184b78bb270948575091bfef5958823d0ecac33774ff6a,unspecified,AUTOMOTIVE_DESIGN { 1 0 10303 214 3 1 1 },1,0,1,5,True,text_audited_kernel_validation_pending
170,24302_2bcddd22_1,train,0093e344a8830b4cc09c103c8c9a99c117996259719ea51ef3f4f6f21216794f,step/24302_2bcddd22_1.stp,9397,8ed69d5dfc295a42700db07310b58864bf26fdf8c0fd8122d711530e99e8ca11,unspecified,AUTOMOTIVE_DESIGN { 1 0 10303 214 3 1 1 },1,0,1,5,True,text_audited_kernel_validation_pending
171,34330_5eff1ee1_14,train,009e26019c28b1fb9c1f88f4e1aa9a87945150a4d992216c40cda849f28ef029,step/34330_5eff1ee1_14.stp,6267,a33f1486a6acadea2082c47a6b8ca7e294b5ecd6b83dfa7fa7f18702ed41fb40,unspecified,AUTOMOTIVE_DESIGN { 1 0 10303 214 3 1 1 },1,0,1,3,True,text_audited_kernel_validation_pending
172,63069_df3a2685_0,train,009ee9d7dbc7afc978358d695c0cd55e974c77c8a2f92d4ab8931a56f8e7778f,step/63069_df3a2685_0.stp,185355,3fe6d075aad562fa996099b7df928cabc10050c0c65efdc6a4e9022bc4f6831b,unspecified,AUTOMOTIVE_DESIGN { 1 0 10303 214 3 1 1 },1,0,1,94,True,text_audited_kernel_validation_pending
173,70348_492f4e13_0,train,00a62930f37c516e9ab84c924ec9eec370b5bd1ed5e70dbb0f915d41375968d2,step/70348_492f4e13_0.stp,399753,b979c4897713f0473ea6e96772fdadaae114d912f1cb1bb5282b546471f237be,unspecified,AUTOMOTIVE_DESIGN { 1 0 10303 214 3 1 1 },1,0,1,129,True,text_audited_kernel_validation_pending
174,135810_3d5e24a5_37,train,00a6a4f8688ec25b571f04bf1ad1bf73b3c6814312b76c4e5442b303407bae60,step/135810_3d5e24a5_37.stp,11878,36528510b06d40d56e0407d09c3d2bb7702cfeca2942be48f4c9be975516396c,unspecified,AUTOMOTIVE_DESIGN { 1 0 10303 214 3 1 1 },1,0,1,6,True,text_audited_kernel_validation_pending
175,113177_e0a0fba7_0,train,00a98c9a12e787d98b2fef77f41584e47ce04a3372c3a5492d0e22d8ab494e6d,step/113177_e0a0fba7_0.stp,49999,d97278e0f8fee2a5373f164fcb3604ad7996040079cff83d9a0dfedf718fd475,unspecified,AUTOMOTIVE_DESIGN { 1 0 10303 214 3 1 1 },1,0,1,26,True,text_audited_kernel_validation_pending
176,107647_af2c0a8b_3,train,00ac3c08290bb7bf3ab50ff9db8bd8e85b936a214a231af2585bd180abd870f5,step/107647_af2c0a8b_3.stp,6281,6296f059994efb1f12689d19ff2c22a66b18693aec28fbd56dbe48f581d1bab8,unspecified,AUTOMOTIVE_DESIGN { 1 0 10303 214 3 1 1 },1,0,1,3,True,text_audited_kernel_validation_pending
177,36088_1ea9c8a9_8,train,00ad0e6ccfab32748a5c6c64fed777f964af840eb9bb5b6d26be9d842fd88968,step/36088_1ea9c8a9_8.stp,11342,5d9323431c512cb02ef9aeb64f29fb0d96c5bc00d98ff8221c202e17bf6db51b,unspecified,AUTOMOTIVE_DESIGN { 1 0 10303 214 3 1 1 },1,0,1,6,True,text_audited_kernel_validation_pending
178,70718_14dd6922_16,train,00b050baae14f794dcad07c22d11c67673359c54b7acf3102d49d29b14d776a4,step/70718_14dd6922_16.stp,27127,7eb36b0cece79a568c4fd7f6647ecadb4e9d7e97912a9da44010944c8b99b13f,unspecified,AUTOMOTIVE_DESIGN { 1 0 10303 214 3 1 1 },1,0,1,15,True,text_audited_kernel_validation_pending
179,139469_8e9175f6_3,train,00b129e6e2617f1b9d252ad6ad2dbcdf12ffda81aaad5230fd4e1ea26ed18398,step/139469_8e9175f6_3.stp,47628,a9b50f6d3f1783233d900a6cdda2c61bb5bd6a989e3defd133d27cb75ff07a8a,unspecified,AUTOMOTIVE_DESIGN { 1 0 10303 214 3 1 1 },1,0,1,20,True,text_audited_kernel_validation_pending
180,143590_87049041_7,train,00b1dfb1ddaeea14b69b84d7d60b47b3ab34a9ad13332d2f238bdea55584e0a5,step/143590_87049041_7.stp,25936,e8cdeb93e7275e52089c94d3ce2026a527d13488da0a9ff14cffb9f96c9bb00a,unspecified,AUTOMOTIVE_DESIGN { 1 0 10303 214 3 1 1 },1,0,1,14,True,text_audited_kernel_validation_pending
181,122500_e33660ad_16,train,00b4cb85b61d8ae2953b3bd4f1a77600744d0c6822609bf0523e00be48274db1,step/122500_e33660ad_16.stp,119442,49d2649805bbec9065aa5742500a5587641e69007bf5a0b55eb2dda30ab74c81,unspecified,AUTOMOTIVE_DESIGN { 1 0 10303 214 3 1 1 },1,0,1,36,True,text_audited_kernel_validation_pending
182,21852_6cf9a734_18,train,00b77d738f2445651a249fc0a9c28dee46f27be447112d77c61d8f7ae4fa9072,step/21852_6cf9a734_18.stp,26639,8047cf4f34baffa09f715a40a591c642019f31447441fe07f935b1289377b0a1,unspecified,AUTOMOTIVE_DESIGN { 1 0 10303 214 3 1 1 },1,0,1,16,True,text_audited_kernel_validation_pending
183,118865_0c8a3bc4_0,train,00b9c7b97005c078839f60bcbdb5e92ae0211ccad7f312518a56d3c4ba03ec1c,step/118865_0c8a3bc4_0.stp,21964,56d3a6336d7731bac61153fff5b615a5a9ddeffa2c56c5ff0cf3f4ef59c48cf5,unspecified,AUTOMOTIVE_DESIGN { 1 0 10303 214 3 1 1 },1,0,1,11,True,text_audited_kernel_validation_pending
184,122515_758d8b70_19,train,00ba47c7f8f3c798fa6a1c2efa7b73c1c580f7709fef7e1a649e8f3e07db6044,step/122515_758d8b70_19.stp,15639,049a5f602ada6797e49ba8a4a2c31c7fbb67a8eff4b1d32bc6cabdee256f632b,unspecified,AUTOMOTIVE_DESIGN { 1 0 10303 214 3 1 1 },1,0,1,9,True,text_audited_kernel_validation_pending
185,20838_86c931be_0,train,00ba4d2aacd43fccc1d911d5963026b64ef94de898de59a3ee7506fc6fd4785c,step/20838_86c931be_0.stp,16288,f451821be24d8ef518910a183fa1929b3ff5bb255116ed2731350a9e4e902d22,unspecified,AUTOMOTIVE_DESIGN { 1 0 10303 214 3 1 1 },1,0,1,8,True,text_audited_kernel_validation_pending
186,82397_9df31ee8_0,train,00ba528842cfcd987eca7334ba66d350696263ac8bb5d224fdcc7d0783194281,step/82397_9df31ee8_0.stp,7611,b10b21f7299b4c51f563fde79fbbbc9dc6c9ccae76538d3d335eda44c6cfc598,unspecified,AUTOMOTIVE_DESIGN { 1 0 10303 214 3 1 1 },1,0,1,4,True,text_audited_kernel_validation_pending
187,102175_699d5e7c_12,train,00baf9efa77ffeee2dc1e4e4d13fe18278411e9eb3d27f82d7fd2114452c12cb,step/102175_699d5e7c_12.stp,59616,6accdb69ca446906fa03eee2f612df8d836879ddd5a29af109a9b702c87c6845,unspecified,AUTOMOTIVE_DESIGN { 1 0 10303 214 3 1 1 },1,0,1,18,True,text_audited_kernel_validation_pending
188,51743_372223b1_7,train,00bb3029c01ae33974313114ef0bacd8baa6516ee0a9919d3ab11bc5d841ce94,step/51743_372223b1_7.stp,6317,ee20cbcf772a0a14fc0792720831ee6c62cfc8a8d6292b45723604ebad5f432b,unspecified,AUTOMOTIVE_DESIGN { 1 0 10303 214 3 1 1 },1,0,1,3,True,text_audited_kernel_validation_pending
189,24720_19eea793_3,train,00bbb1c2c739edb452e9c859414e1d34ebc44e87a85eb51d7e79118591bfe9a7,step/24720_19eea793_3.stp,6155,9a5990bed7700f20c0a11ba27754249993ccea0db31941403d2833d948d7a323,unspecified,AUTOMOTIVE_DESIGN { 1 0 10303 214 3 1 1 },1,0,1,3,True,text_audited_kernel_validation_pending
190,102416_b74464a2_0,train,00bcc10a6ea727190169a550598c56ca760f12934bac8801b5bf7fbddb4f8e65,step/102416_b74464a2_0.stp,19777,e8513a85b0de657556afc03293fc598e67f99a41cb26403f2b0c1fb7d446b851,unspecified,AUTOMOTIVE_DESIGN { 1 0 10303 214 3 1 1 },1,0,1,10,True,text_audited_kernel_validation_pending
191,33500_e58e287e_1,train,00bcc1eb9a2682342f04feb8f38aa3e16eb83333cc35813e2289975c05e85d48,step/33500_e58e287e_1.stp,15538,b2426af56b20f06de5820010aa0e69bc2ef43ad8e3fe226c67d852f8853f5f52,unspecified,AUTOMOTIVE_DESIGN { 1 0 10303 214 3 1 1 },1,0,1,8,True,text_audited_kernel_validation_pending
192,56250_3b6024e3_36,train,00bde3b03bd37f1b7be3ab8fa1675169ab0dfdcb2059ca5a2b7671ad0d68d186,step/56250_3b6024e3_36.stp,14729,be86e70d0c1279c8c36570a13fb80684cec7ff208d6ea5739bf9924695b285c6,unspecified,AUTOMOTIVE_DESIGN { 1 0 10303 214 3 1 1 },1,0,1,8,True,text_audited_kernel_validation_pending
193,51864_39932fe9_42,train,00bf8c4a41afddd0a6d24a9222198e62d6d19df506686202800b7e4cfed63468,step/51864_39932fe9_42.stp,32572,619317dd14ebd26e8d446f665b35755bd43ea50ea95e3d05c54819c594f3637e,unspecified,AUTOMOTIVE_DESIGN { 1 0 10303 214 3 1 1 },1,0,1,16,True,text_audited_kernel_validation_pending
194,139314_6678418f_0,train,00c03ae65c5d4d849d3a8c0b36d99f18ff82a1278f7cafa4a4fd66ff02a4e7f9,step/139314_6678418f_0.stp,12838,ccac5881252e52265f47bce03550ed19bf88cda4dc23ea987c289310a7870e13,unspecified,AUTOMOTIVE_DESIGN { 1 0 10303 214 3 1 1 },1,0,1,6,True,text_audited_kernel_validation_pending
195,131468_117edf36_25,train,00c1e70c377d705cb263e22368bb459b2a215ac64501a6fb9a98d72eb7733c14,step/131468_117edf36_25.stp,11785,e907ed1600666270553c3625de4e03a7721780abb305160e3e5658a7262026a0,unspecified,AUTOMOTIVE_DESIGN { 1 0 10303 214 3 1 1 },1,0,1,6,True,text_audited_kernel_validation_pending
196,35420_228908ef_4,train,00c259379acd1e99f125a975c05da9d9e02d005e00b286852c6cf1581039356e,step/35420_228908ef_4.stp,6338,0a6ea9e835cbb1b0bdfa608b1c7503be5d930c16fa3c706ba6393d30f9d91470,unspecified,AUTOMOTIVE_DESIGN { 1 0 10303 214 3 1 1 },1,0,1,3,True,text_audited_kernel_validation_pending
197,139049_38b2143f_12,train,00c50bbd442e15e258fb19df1d610187cc4240d1973a089f98a1605db39276f0,step/139049_38b2143f_12.stp,46506,ce30757e40dba086312389cbf54c1e6c1e085352111ad2740bce71b5a5631f67,unspecified,AUTOMOTIVE_DESIGN { 1 0 10303 214 3 1 1 },1,0,1,23,True,text_audited_kernel_validation_pending
198,22581_406c16c4_0,train,00c517a53d977357ba56e02d370242a3411e9cf0e589b44e135d03da88c598d4,step/22581_406c16c4_0.stp,8472,cb0872574a8318c7b266b8c940c756f38f1636db2cba188c44aac0401fe9dc3e,unspecified,AUTOMOTIVE_DESIGN { 1 0 10303 214 3 1 1 },1,0,1,3,True,text_audited_kernel_validation_pending
199,54360_db08c779_9,train,00cb9e6bcd1e1c92cb3856a4f79e8b22bc0f34fbae8d2bbbbe2e42d9e010e519,step/54360_db08c779_9.stp,43833,4e10ce4a737ddd63ae7ae21b41ff3519ee2dd06efd60d7347b6cb03fd9f6b433,unspecified,AUTOMOTIVE_DESIGN { 1 0 10303 214 3 1 1 },1,0,1,23,True,text_audited_kernel_validation_pending
200,21568_3503887f_0,train,00ccf533ce4b043613b88127d232f706f1dbda36e9cf798a66f66feaaf3a6e06,step/21568_3503887f_0.stp,30052,5fdc6ad082568be4fc26eabbb79f106b3b92858273d97d43850d0a9c7a40693e,unspecified,AUTOMOTIVE_DESIGN { 1 0 10303 214 3 1 1 },1,0,1,14,True,text_audited_kernel_validation_pending
201,127820_cfde5ee0_1,train,00ce197e9bb9a5625cc62d35c423268929f692bd3edb7d2f908570c6800abf10,step/127820_cfde5ee0_1.stp,8431,3faf9279136d4fb29c0a8ee66b79c326fd30b4ad5f84abf74a94fb5dcf9c3d7c,unspecified,AUTOMOTIVE_DESIGN { 1 0 10303 214 3 1 1 },1,0,1,4,True,text_audited_kernel_validation_pending
202,44998_b4e41716_95,train,00ced5c30db5417b85de8c3f0f072221cb76e4d2c0d880aebffefba5ac98afaa,step/44998_b4e41716_95.stp,18345,0adde170b11d36652bdf886e848ee9f600088c630df3fb0190c0a12018353fc9,unspecified,AUTOMOTIVE_DESIGN { 1 0 10303 214 3 1 1 },1,0,1,10,True,text_audited_kernel_validation_pending
203,133712_f733e991_6,train,00d2dac5c2b6ab7b263a8c7f33cc1f4c675ff997c89c4db081c6b0e89613949a,step/133712_f733e991_6.stp,33259,0775c434781ae09ca34ec86d6f7f58977717f43930503ca0d89c5ec86b984b97,unspecified,AUTOMOTIVE_DESIGN { 1 0 10303 214 3 1 1 },1,0,1,19,True,text_audited_kernel_validation_pending
204,21271_ec7f62b8_2,train,00d415254660690507f50603bf4db0d1d5321e8b68fda56ecfcf9b7452870c81,step/21271_ec7f62b8_2.stp,38721,9109865c054191c75952b3dec6a76f59dde26045d5eb7c62496ee05316cbb894,unspecified,AUTOMOTIVE_DESIGN { 1 0 10303 214 3 1 1 },1,0,1,20,True,text_audited_kernel_validation_pending
205,41624_a15f83c1_61,train,00d48b7b323ede72a9b44e53133fd9667d39591e9e9ac68c89e960392d7e7d0a,step/41624_a15f83c1_61.stp,32284,5bc01b86399a44f90893226b032be30a20b838a03d8fee50c5286d9d14681a05,unspecified,AUTOMOTIVE_DESIGN { 1 0 10303 214 3 1 1 },1,0,1,18,True,text_audited_kernel_validation_pending
206,33501_b1ee5058_15,train,00d4af4d442ee46e3324949fdd8092929c25ea348a79c7567cf43a206f5a7294,step/33501_b1ee5058_15.stp,6340,39377e1da85f32b76411e2c7c06de6151c029ba0e59ec70d50c429729061f1b4,unspecified,AUTOMOTIVE_DESIGN { 1 0 10303 214 3 1 1 },1,0,1,3,True,text_audited_kernel_validation_pending
207,51554_d661534c_6,train,00d63c98923e5b0732392971d59d3d2aae45b7c1eeb15fb2e3d35c425c515479,step/51554_d661534c_6.stp,26362,236d48fa1533f4764076c46c56d24df6a66b99fd166ddbb255cde11fb007dd1a,unspecified,AUTOMOTIVE_DESIGN { 1 0 10303 214 3 1 1 },1,0,1,14,True,text_audited_kernel_validation_pending
208,80754_9c3b58fa_5,train,00d9622fa115fa82da7838a2d7bce344a62b35529c138f75c2dfd5b267bc5be6,step/80754_9c3b58fa_5.stp,6354,fd43cffc1c32928ae7f85eb20c6e6aaeeefb34f9181d32a95cbd36d3392ccb97,unspecified,AUTOMOTIVE_DESIGN { 1 0 10303 214 3 1 1 },1,0,1,3,True,text_audited_kernel_validation_pending
209,45300_1710ace7_4,train,00de0b4e2bd3843d92e4b65454dc917c359f8427e4f761ef8e9b824e9bdd9bc7,step/45300_1710ace7_4.stp,14006,6112bbe5ef1101e8340c51169c5d540e78981c1d535258f7352454a5e02a341a,unspecified,AUTOMOTIVE_DESIGN { 1 0 10303 214 3 1 1 },1,0,1,8,True,text_audited_kernel_validation_pending
210,132971_a993d31c_13,train,00dea74a6f16e759eed1781bf64a5c69ff874ea2cc1587b4ac29077e4fb32f2b,step/132971_a993d31c_13.stp,46666,91eaa9688bf6149abf25f622e47e8b6bfcb8b878a2b248c01e5149a8e213b6bd,unspecified,AUTOMOTIVE_DESIGN { 1 0 10303 214 3 1 1 },1,0,1,11,True,text_audited_kernel_validation_pending
211,63055_6b907478_20,train,00df0019fd03206a6a987152e89c06eba34407045a5772656a6341be3f32f9df,step/63055_6b907478_20.stp,138118,8d08a05184825751046ff702968f3f94011da51fbf62ef4f8bdb881744d5ed70,unspecified,AUTOMOTIVE_DESIGN { 1 0 10303 214 3 1 1 },1,0,1,54,True,text_audited_kernel_validation_pending
212,144031_6decb8c7_0,train,00df1a6637c736928767c5bf6597ad77347ba551aa5d29738f73b66db2339aec,step/144031_6decb8c7_0.stp,27492,278caf038b63a8aaa78e5c53774b0055fe5ec39c6d77a797ac6ee850dcc47544,unspecified,AUTOMOTIVE_DESIGN { 1 0 10303 214 3 1 1 },1,0,1,14,True,text_audited_kernel_validation_pending
213,113856_e7484fa7_4,train,00df8f4c7f9f3d5befadc591eeffbf64c7d6d42d33959bae06cf4cdb7ac6a518,step/113856_e7484fa7_4.stp,12158,fb9790b53fbb1f888aa3bb341d0f9b2af87844384fcc3b93181d89484fd5659c,unspecified,AUTOMOTIVE_DESIGN { 1 0 10303 214 3 1 1 },1,0,1,6,True,text_audited_kernel_validation_pending
214,138966_ce08df8d_0,train,00dff3658938a156ef714c0484a710a70c664844b2b31b476f49a68b402430cc,step/138966_ce08df8d_0.stp,42744,a1b13a7e05bd9c4a2a7fd873739dd6da510d53a34dffacba7af9b08630a00de5,unspecified,AUTOMOTIVE_DESIGN { 1 0 10303 214 3 1 1 },1,0,1,22,True,text_audited_kernel_validation_pending
215,36826_d9269c2e_8,train,00e06a974b20940dec3aad7818dac1145399725966f775dbb7466bce23df35f1,step/36826_d9269c2e_8.stp,11681,04f0fa2e597eca1871f4508e2a8457cde68dad9ef942ead03a23a7f6d313e13b,unspecified,AUTOMOTIVE_DESIGN { 1 0 10303 214 3 1 1 },1,0,1,7,True,text_audited_kernel_validation_pending
216,102525_06a3094b_14,train,00e3307df7e60309816e561444de0d7e579ba5719b9b3a65788f2e3fb2df7d00,step/102525_06a3094b_14.stp,11888,3178c42250678e78e9b8e43f0d7e15b64a2f2d2f55550a79bdae22278ca660c6,unspecified,AUTOMOTIVE_DESIGN { 1 0 10303 214 3 1 1 },1,0,1,6,True,text_audited_kernel_validation_pending
217,24584_a13ef50c_6,train,00e7e63cdff58790e2d4660521b22be9465685d152f48c7f75c7e14a11f8630f,step/24584_a13ef50c_6.stp,17442,a2eeba51ef3170f8374cdc6dd3ab612fa513658455aac022159b4fa4a509dd5a,unspecified,AUTOMOTIVE_DESIGN { 1 0 10303 214 3 1 1 },1,0,1,8,True,text_audited_kernel_validation_pending
218,38279_6e1a0597_2,train,00e81ede4cd07946a45a76ea4255c603df52c76feebcbc251e23f53056b1d80d,step/38279_6e1a0597_2.stp,16027,aae602638a532f71cf9cc65c37e373dd2080a51ebb9014387f9f49cca92773e3,unspecified,AUTOMOTIVE_DESIGN { 1 0 10303 214 3 1 1 },1,0,1,8,True,text_audited_kernel_validation_pending
219,119553_457234b4_0,train,00e90cb946a59c20a28279858d8ff2784e4c47669fd377a9ee0b244d515e1415,step/119553_457234b4_0.stp,37681,a2f6d4ec8c60e3e5b50bd38e1eb3aaddffd074f9e20edfda1e26e937e70c2643,unspecified,AUTOMOTIVE_DESIGN { 1 0 10303 214 3 1 1 },1,0,1,18,True,text_audited_kernel_validation_pending
220,118541_2dc9652c_38,train,00e922e95c3df0f995689d33efd28529138e2214a1925430472ce96b88990b03,step/118541_2dc9652c_38.stp,21306,7ca9f69936e7e3d33b99fddb5cc1d263f3473e9b8d951fc59e1a17c3af0a58ed,unspecified,AUTOMOTIVE_DESIGN { 1 0 10303 214 3 1 1 },1,0,1,10,True,text_audited_kernel_validation_pending
221,75175_879cdaa5_14,train,00ec376c18752ce785e21187d96d89a8cf5a836cb39e714c0dfcee7d7cb56aae,step/75175_879cdaa5_14.stp,107738,9af7771fc3834bcc31382fb88ae60c2e286abe1852b2108ef57bf85ee05f091e,unspecified,AUTOMOTIVE_DESIGN { 1 0 10303 214 3 1 1 },1,0,1,44,True,text_audited_kernel_validation_pending
222,112928_03f271d6_0,train,00f084a622ab4860cea43da936be9c2e1294e4d316eea7073c3134699893fef9,step/112928_03f271d6_0.stp,6359,e5d1ae9d8499ccf7e86a09471f0d0b73d1530a202fb66c243538f56de7f2527c,unspecified,AUTOMOTIVE_DESIGN { 1 0 10303 214 3 1 1 },1,0,1,3,True,text_audited_kernel_validation_pending
223,53740_ead80e62_2,train,00f1643a9d0360fadc5f2d563e650b2ec34ea19963bb8d4274d502c5b72bfc9c,step/53740_ead80e62_2.stp,37465,7d28c7a4b3555e9716d113bf2ef43c6110f90737158568015be74f9260246222,unspecified,AUTOMOTIVE_DESIGN { 1 0 10303 214 3 1 1 },1,0,1,22,True,text_audited_kernel_validation_pending
224,82794_88492124_0,train,00f3814ef3b15ee587691d51f0a835215c22b5f5628e9719f9697ed4edd3fcd1,step/82794_88492124_0.stp,52463,aa6ec8e476d30635f5806e5bcc013d61bb1a868227681c0d983013409e4eccf9,unspecified,AUTOMOTIVE_DESIGN { 1 0 10303 214 3 1 1 },1,0,1,28,True,text_audited_kernel_validation_pending
225,61290_fb0765ef_51,train,00f3ce3033f94a0ed2389f600f5d3564722768716a8d0a5b92549cad05a5a1e6,step/61290_fb0765ef_51.stp,11191,9fc5299bc76651954cd4ba4eefc58d8399268b731d29eb285aec750dfec8a21f,unspecified,AUTOMOTIVE_DESIGN { 1 0 10303 214 3 1 1 },1,0,1,6,True,text_audited_kernel_validation_pending
226,102314_91648bfc_0,train,00f415a925caeb2b1f421cbf6fb3826bc5b2e16e0a14d0955b30ad6eac9406ce,step/102314_91648bfc_0.stp,9835,88ed928fb45fe19a87535ce59f89633743061726951bda239fdd2906a1affc02,unspecified,AUTOMOTIVE_DESIGN { 1 0 10303 214 3 1 1 },1,0,1,5,True,text_audited_kernel_validation_pending
227,31117_cd5cdbdb_37,train,00f5ccbf6d0d1c34ba4aa596a02606c365c39a6a8b81ceb90e0d0b8c062ebf17,step/31117_cd5cdbdb_37.stp,20692,048ac95f000bde40675409120a3d5a47f5d3f0a2181ef99b1d6611de981a8a49,unspecified,AUTOMOTIVE_DESIGN { 1 0 10303 214 3 1 1 },1,0,1,9,True,text_audited_kernel_validation_pending
228,81446_048e9b21_1,train,00f6f02c9ef3b498e61bf5f7d9f8cd7facf712af4e4848cbd77c78aa0602ad92,step/81446_048e9b21_1.stp,27989,65c63e2beab6ff198fe46a8f1162294772810daadfbbfee0fd8cd703d1e49276,unspecified,AUTOMOTIVE_DESIGN { 1 0 10303 214 3 1 1 },1,0,1,14,True,text_audited_kernel_validation_pending
229,27050_c151822b_1,train,00f790f3ebaad79fa5be3862b12728414131734c3a5f39b50acfca7b61c59012,step/27050_c151822b_1.stp,24935,90738f8303f4afdeda5063dec7a68ee80dc14caff2ffae4fd7f3bb7693cf2a83,unspecified,AUTOMOTIVE_DESIGN { 1 0 10303 214 3 1 1 },1,0,1,3,True,text_audited_kernel_validation_pending
230,148043_79ffa007_3,train,00f7b58ab7eb6a736e9e6aaa87aad75d841d350cbe85aa5d5586d709f3b4879d,step/148043_79ffa007_3.stp,77266,804f5a6a59ea56e137886dfe5d50cd363b10f6eff8da2508c361dd232c12d9eb,unspecified,AUTOMOTIVE_DESIGN { 1 0 10303 214 3 1 1 },1,0,1,24,True,text_audited_kernel_validation_pending
231,22604_bcab4db9_63,train,00fc1862ac46e9fcaaaffa25ab2340da48708615732b6d15f407c778c2039b63,step/22604_bcab4db9_63.stp,978776,c692781971740f9f6c0960894c0f9e796803d4bacf275b6375afac18cefbf3c2,unspecified,AUTOMOTIVE_DESIGN { 1 0 10303 214 3 1 1 },1,0,1,150,True,text_audited_kernel_validation_pending
232,56589_290abfc0_6,train,00fe7768f12709d5768bd5487d52de1c841ced699fcecc4808b04f371186664c,step/56589_290abfc0_6.stp,13417,62e5a8d4b3147b23fb4c600567a2a5791299d71621bf7698ab21260f9ac3ea14,unspecified,AUTOMOTIVE_DESIGN { 1 0 10303 214 3 1 1 },1,0,1,6,True,text_audited_kernel_validation_pending
233,32743_f4c47bbc_34,train,00fe77a2f20378a06b4b45b8f8faa129fa3daf3e8f07bc0e752dba6d5d220dd9,step/32743_f4c47bbc_34.stp,27065,fcb2bbf2fb4f846c05a95586b0d47a18ce9695b2efa19b711f5e114122454a74,unspecified,AUTOMOTIVE_DESIGN { 1 0 10303 214 3 1 1 },1,0,1,13,True,text_audited_kernel_validation_pending
234,45456_81466bae_0,train,0100bddd07d835577d96b562ad89fa288613c19f738a71a16b4eb87f45b4f202,step/45456_81466bae_0.stp,323677,781ee2391f11b5aef8a0510db53d53cd3d199618f4748dee682a3ae4babfbfcf,unspecified,AUTOMOTIVE_DESIGN { 1 0 10303 214 3 1 1 },1,0,1,164,True,text_audited_kernel_validation_pending
235,22604_7063d5c9_58,train,010203b85e0751f37d644f51d80eed60ce1309d04dc37fb81565501006538700,step/22604_7063d5c9_58.stp,52360,3b23db8c256b295e4517a457d5303d16d99f29d10454b9123f2b915bd3b49cdc,unspecified,AUTOMOTIVE_DESIGN { 1 0 10303 214 3 1 1 },1,0,1,27,True,text_audited_kernel_validation_pending
236,138035_0f1c0565_0,train,010205bdfc62c12a2c0057419c7d2714887d39999ff5cc7ac341aa0bad1b8dc9,step/138035_0f1c0565_0.stp,897471,d2438248e0d5435e2b8cd32ca2a67dcc60792d3547354ef62ddea4485c9d9f82,unspecified,AUTOMOTIVE_DESIGN { 1 0 10303 214 3 1 1 },1,0,1,291,True,text_audited_kernel_validation_pending
237,33975_49d8cef7_6,train,0102d3cf8b54d9125df114ac5e5bb5f971915dd10c0441f9342d5a274faa6583,step/33975_49d8cef7_6.stp,36600,1e86c4631fcb74fc60f32eb217ff33118ec81acb0ae05f77017dcb34e7403f3a,unspecified,AUTOMOTIVE_DESIGN { 1 0 10303 214 3 1 1 },1,0,1,19,True,text_audited_kernel_validation_pending
238,94594_4364e701_2,train,01043da39e475fb0ec7eee99759ac2b5ae4702e32168316acd81d2305d565639,step/94594_4364e701_2.stp,14557,f39780071d14d748f0d721f436cef1fb9f4e1dae692bab9685148b91a6e60010,unspecified,AUTOMOTIVE_DESIGN { 1 0 10303 214 3 1 1 },1,0,1,7,True,text_audited_kernel_validation_pending
239,143964_137cb0c5_1,train,010508955514e903a09d2530bf09c56924431141f6798a6d90448f204b4a8138,step/143964_137cb0c5_1.stp,24231,733b9588db1a8b0985a769d271e4425b1f5cd4a0f2f512bc5e75c2c9c3a23bcc,unspecified,AUTOMOTIVE_DESIGN { 1 0 10303 214 3 1 1 },1,0,1,14,True,text_audited_kernel_validation_pending
240,60719_76b5da02_3,train,010545ace1b438a3454823a29069306833d70ce53290825707ac89f9974da7b6,step/60719_76b5da02_3.stp,26207,d73457be93cecee9b2a1ee49a6cd2598b86b94d980b9cb43ed1bfdd9071c79a2,unspecified,AUTOMOTIVE_DESIGN { 1 0 10303 214 3 1 1 },1,0,1,12,True,text_audited_kernel_validation_pending
241,23482_233a3ef3_4,train,01055299f32e231cffc239fe2e45db44c6881f72bf95e84f4f440af8c38ebf08,step/23482_233a3ef3_4.stp,27097,c91ed98a6950b660a282222436bcdd2d255375b2c34ab84063690c950e4d78e4,unspecified,AUTOMOTIVE_DESIGN { 1 0 10303 214 3 1 1 },1,0,1,11,True,text_audited_kernel_validation_pending
242,21330_f0cee934_44,train,01086f94d455ed4baaa6cdc45b6b2e9020a9cf94e239f824e96b359a66ce6c30,step/21330_f0cee934_44.stp,24260,b58d65b54323559ff6c536a1b68679e8e6435880346d2bef36ba5f5a36a77dec,unspecified,AUTOMOTIVE_DESIGN { 1 0 10303 214 3 1 1 },1,0,1,13,True,text_audited_kernel_validation_pending
243,25354_ce952bc1_32,train,01092daa16260a4b4a3b2e5a80d4ea85c03cbc0163bb5b17455910c7c9baad1e,step/25354_ce952bc1_32.stp,184930,3773e923c0b9d3c598c036f9354ff96efb56be982d78af9707fd25c66bf63eab,unspecified,AUTOMOTIVE_DESIGN { 1 0 10303 214 3 1 1 },1,0,1,62,True,text_audited_kernel_validation_pending
244,56250_3b6024e3_60,train,010a07ca75314ca870db63f4398083933648d39c8fe6b28eeaba926b896b6e5b,step/56250_3b6024e3_60.stp,28311,b5b0e47c58fdae8a9900b753e86e22be23004d90aa0d1dea1ce71e7575e567e0,unspecified,AUTOMOTIVE_DESIGN { 1 0 10303 214 3 1 1 },1,0,1,14,True,text_audited_kernel_validation_pending
245,88233_b549fa43_0,train,010a990cdcfa28a4ee252accb02a422b4e00575748266cda8daaf8f0e1a8beaa,step/88233_b549fa43_0.stp,11820,c404850c75681ab30dfc62d01d23d3ab7efb56c8b7484b2253cdce1aff352b6c,unspecified,AUTOMOTIVE_DESIGN { 1 0 10303 214 3 1 1 },1,0,1,6,True,text_audited_kernel_validation_pending
246,22535_0ba01cc9_17,train,010ada7536575bd401bc8deca5ec58230b80fe71abaf2113ee62cef2740f18ff,step/22535_0ba01cc9_17.stp,9946,16ceedc0b36522e0805ae0bb056dc0a28822e5eef1e25e077c5870850abb6128,unspecified,AUTOMOTIVE_DESIGN { 1 0 10303 214 3 1 1 },1,0,1,5,True,text_audited_kernel_validation_pending
247,27694_7801dc67_5,train,010e9064749b78c2420c7640b82e3f01301976e466510da19e0a095ea1b003ef,step/27694_7801dc67_5.stp,14823,0609f9b18f406540f01398d039023c35ab78847018754b5d56c7e89ee2d9601e,unspecified,AUTOMOTIVE_DESIGN { 1 0 10303 214 3 1 1 },1,0,1,9,True,text_audited_kernel_validation_pending
248,56477_620f7fc8_12,train,010efd10814dc984dc9367821b1874477c46f021d1b329accb9885a0c56e84c4,step/56477_620f7fc8_12.stp,50411,646ab64f7b9736bae8aa0c89c973eee8d9aca7dc5800842ce8df785dae0091a5,unspecified,AUTOMOTIVE_DESIGN { 1 0 10303 214 3 1 1 },1,0,1,16,True,text_audited_kernel_validation_pending
249,23168_7fdf5427_17,train,0111024aef90de0424128e0b2871f6bccbcb8cd1d4b948b984cab17aa71851a4,step/23168_7fdf5427_17.stp,27948,1b48993c6313a8e3082fe9ecf23baf71e40b94cd5b24fe03db1a3954da2674a6,unspecified,AUTOMOTIVE_DESIGN { 1 0 10303 214 3 1 1 },1,0,1,14,True,text_audited_kernel_validation_pending
250,112920_757c6713_4,train,0112bfb542b7177b41d1b45596add91b49ff27811abdb537f2634466987fc254,step/112920_757c6713_4.stp,6787,41f704c25c0bed5d0071fd0c092c86cd1e01a72306fc4e3882a0cdcd8818980c,unspecified,AUTOMOTIVE_DESIGN { 1 0 10303 214 3 1 1 },1,0,1,3,True,text_audited_kernel_validation_pending
251,25156_78e996ae_4,train,01138f5a300509c993eeb826bf8ee38a77428b89d3f556b8f11108ce4522e52e,step/25156_78e996ae_4.stp,113541,706d3f044e721a844ab292b6aecee48d8f777bcdf94c5def073327e6554255eb,unspecified,AUTOMOTIVE_DESIGN { 1 0 10303 214 3 1 1 },1,0,1,43,True,text_audited_kernel_validation_pending
252,56355_727ca47c_4,train,0113d1cd8f71f60c6aec79f6248f28c9f8eb5a36f46139089255fb94fa778184,step/56355_727ca47c_4.stp,11842,c97715eb41350f3dbb9cab01d119f74c920b6c2b76e429d3592abae18dcf8fef,unspecified,AUTOMOTIVE_DESIGN { 1 0 10303 214 3 1 1 },1,0,1,6,True,text_audited_kernel_validation_pending
253,85617_4879c1a8_0,train,011607dc969f0f801fae4a7c983ed489c3b8990dbef86bc918f1cc27b7957344,step/85617_4879c1a8_0.stp,79219,135ffc921b298e79f6929b337a0d0f077c3fc744f9dbdd750e41ea00d43efad9,unspecified,AUTOMOTIVE_DESIGN { 1 0 10303 214 3 1 1 },1,0,1,38,True,text_audited_kernel_validation_pending
254,51883_d97df863_1,train,0116f21c97cac39305128e2268d8ed27bb3ac2b315fda55032e945d7c173c6ab,step/51883_d97df863_1.stp,29655,2da8735cc38c223ae1a8240e99997820c9d2b7203bc4ef736fa7a919209c1151,unspecified,AUTOMOTIVE_DESIGN { 1 0 10303 214 3 1 1 },1,0,1,14,True,text_audited_kernel_validation_pending
255,118617_9a4459c9_1,train,011f220e85aba16f8e5f011440a736c376ed0d508d7d2fa5b55c1ba833680b03,step/118617_9a4459c9_1.stp,14031,d22e794d77402b922388b1340ff0dcb419dec1c91775c84b159fe141ba8f0e03,unspecified,AUTOMOTIVE_DESIGN { 1 0 10303 214 3 1 1 },1,0,1,7,True,text_audited_kernel_validation_pending
256,133165_d792ccda_0,train,011fd4cd92c1c9a69a5389611e56363234e14fabc090cbaa5b92db65dde7ef10,step/133165_d792ccda_0.stp,18866,dcff94d6376340dd2b63807d959608b36985e1a1cbe262b80d9b1e5534d98979,unspecified,AUTOMOTIVE_DESIGN { 1 0 10303 214 3 1 1 },1,0,1,10,True,text_audited_kernel_validation_pending
257,43334_ed3db3e8_5,train,012208a7e01df2b6c434b455a9fe8fe8d783577170540e93ccd3b885d6a9c066,step/43334_ed3db3e8_5.stp,8523,7389f10d12e2ab5d11402be91df74d892a27a9b07f20863b63e1ad0efd0f03cb,unspecified,AUTOMOTIVE_DESIGN { 1 0 10303 214 3 1 1 },1,0,1,4,True,text_audited_kernel_validation_pending
258,23418_18c3b38d_4,train,0124f2c6a537dfa125a4d7f629d629c8c6d2f30e06820a9c75892581be1c8b0f,step/23418_18c3b38d_4.stp,10621,0d0870dbd35c4118b9744fe5087034aa170bda57b44f7167b387ee6007ec1744,unspecified,AUTOMOTIVE_DESIGN { 1 0 10303 214 3 1 1 },1,0,1,6,True,text_audited_kernel_validation_pending
259,86296_8a6ed4d3_92,train,01269fefcc368729e9713514c59a49571d58f99293f8fdb76aba8e126b097266,step/86296_8a6ed4d3_92.stp,81090,b5481052c5c5d4d694a78de415ef1c5c890b3c801c8711233ff2ef49c87b1d3f,unspecified,AUTOMOTIVE_DESIGN { 1 0 10303 214 3 1 1 },1,0,1,23,True,text_audited_kernel_validation_pending
260,55807_a441abd1_0,train,0126dadf473dafee5698ca8726da5846c02d09ab498104f803067d749011b953,step/55807_a441abd1_0.stp,58933,a2d494571fd6d95226ccd3d20e859676caf5fe267909fdf2399db428bb3b6074,unspecified,AUTOMOTIVE_DESIGN { 1 0 10303 214 3 1 1 },1,0,1,12,True,text_audited_kernel_validation_pending
261,120212_e7381791_34,train,012a075349dd10d437e6e4b8b0bb5a173243e953475bbcd3a87ab1360316a947,step/120212_e7381791_34.stp,78156,b5bc26e2f14ccfbe6a5d782c9b63c35babd60b5dac6d7d834e96feb41e700315,unspecified,AUTOMOTIVE_DESIGN { 1 0 10303 214 3 1 1 },1,0,1,26,True,text_audited_kernel_validation_pending
262,38668_a85118f9_0,train,012a7d82a886b88235582e855c88c76b19a1c371a68f2807e5df044bd61e611c,step/38668_a85118f9_0.stp,11317,05ca6be43061c225a69230da1cbe232422061d5ced1c8238fa59a430c480c77e,unspecified,AUTOMOTIVE_DESIGN { 1 0 10303 214 3 1 1 },1,0,1,6,True,text_audited_kernel_validation_pending
263,135872_a6ca0e40_8,train,012b7b4d20fa04039c71f1b063834b65674cf6399c11b20af63b217a3585ef47,step/135872_a6ca0e40_8.stp,20642,7f5d85220f62b45ce143e24105bd996f360e53f4c4ecdb1845b23fb9b0766146,unspecified,AUTOMOTIVE_DESIGN { 1 0 10303 214 3 1 1 },1,0,1,13,True,text_audited_kernel_validation_pending
264,131464_f56eebcc_4,train,012c1f8545b24b0cfc29bfac191a2fca4633c51e26bc69fbc0da04f5d70211b5,step/131464_f56eebcc_4.stp,32758,29807c1cf0e174adf27362052292d032bd8077c4c83ed53055c7588d8249d92d,unspecified,AUTOMOTIVE_DESIGN { 1 0 10303 214 3 1 1 },1,0,1,16,True,text_audited_kernel_validation_pending
265,53108_f64825a4_7,train,012c7269bafc4565a3960edc900e758ae332e14bb5dd28b6b3efef4c7f2cfb72,step/53108_f64825a4_7.stp,17818,01790ee34e2ec4eb017d81d8faae1b1e710cc9e075d194dc23281a3bb63100aa,unspecified,AUTOMOTIVE_DESIGN { 1 0 10303 214 3 1 1 },1,0,1,8,True,text_audited_kernel_validation_pending
266,27449_088a5bd0_1,train,012cf37afede60dca563259e2c9be2a326a0792aa118caa680d24b3179580ee6,step/27449_088a5bd0_1.stp,253015,5314bf8b5ed3d785d63895ccc249900a8565c2eab5e1a5c20d762e05e96704e5,unspecified,AUTOMOTIVE_DESIGN { 1 0 10303 214 3 1 1 },1,0,1,18,True,text_audited_kernel_validation_pending
267,44998_b4e41716_94,train,012d76c6128b42bb8ceadeb37aa78bed0413e67ea2a702f3b4d2de48689acd66,step/44998_b4e41716_94.stp,16135,49d1c3482523f86b4c55b623ac1f86965a7ff02ea30a4f979e139de0773d4fee,unspecified,AUTOMOTIVE_DESIGN { 1 0 10303 214 3 1 1 },1,0,1,8,True,text_audited_kernel_validation_pending
268,44519_90af0df6_7,train,01314e1690079e6ab112d1d8cb101630ec983ea1c0529abf2c7f178ada07ab88,step/44519_90af0df6_7.stp,18452,6e3de4dafe909c37a6443a97e65c05a8a80d490c82061b7baf77178a93f2e2d4,unspecified,AUTOMOTIVE_DESIGN { 1 0 10303 214 3 1 1 },1,0,1,9,True,text_audited_kernel_validation_pending
269,40413_c590b4b4_5,train,01347b3e78b6e693aa054c18aa6236c0c1af608c6b26697adea5929f2efd35d8,step/40413_c590b4b4_5.stp,28315,c17e88d2c00e5dc99baf1b3e83cea9849db52552d60d474ba54d4e06cdf0b4f9,unspecified,AUTOMOTIVE_DESIGN { 1 0 10303 214 3 1 1 },1,0,1,14,True,text_audited_kernel_validation_pending
270,22686_afe3a61e_0,train,0135c7e160d58f52c1a13ab047bca5f1d80add074656c6aa7f5c5045f00e6fc0,step/22686_afe3a61e_0.stp,61867,b167ddcb85bc19b57315662ba0accc4cd0f365c8fa025deebed63349007161b7,unspecified,AUTOMOTIVE_DESIGN { 1 0 10303 214 3 1 1 },1,0,1,32,True,text_audited_kernel_validation_pending
271,23031_0d684603_7,train,013ad42d49ce789fc6abdbce69c76d47eafca3c6dd5f6d96925966ae1a909c60,step/23031_0d684603_7.stp,38582,3afa9d034c0d4a121f95dd11ab34301324ff5009eda0e2fe16fe9a1b53134d88,unspecified,AUTOMOTIVE_DESIGN { 1 0 10303 214 3 1 1 },1,0,1,19,True,text_audited_kernel_validation_pending
272,30910_38ea5a06_22,train,013bcbe00d14e2c38897ebf1bbe61e16ad0135a2204083ea2ae806c0a403b058,step/30910_38ea5a06_22.stp,31845,42a8d040fccc31eb20ee57deebf92c740d32f35ada888b00ebf008e208b96603,unspecified,AUTOMOTIVE_DESIGN { 1 0 10303 214 3 1 1 },1,0,1,18,True,text_audited_kernel_validation_pending
273,130273_bea3b1ca_10,train,01429f04226b284bc54c3f234654e8207273f1d715eaca3ee35b7708cc71e97c,step/130273_bea3b1ca_10.stp,11952,7b8e59abaabe2c5af6bd55f1bcd0e06e7650f9cae5097da859f7ba235667dd5d,unspecified,AUTOMOTIVE_DESIGN { 1 0 10303 214 3 1 1 },1,0,1,6,True,text_audited_kernel_validation_pending
274,73388_10a40b49_29,train,01471386f860492d647c1a2b81f004655f3b6c19310c7a3841295e1ed97494f4,step/73388_10a40b49_29.stp,8463,8f6d2fd02ab91852bc6e60b669cda393e0859f948d3f9bcbf529aa07683bf131,unspecified,AUTOMOTIVE_DESIGN { 1 0 10303 214 3 1 1 },1,0,1,4,True,text_audited_kernel_validation_pending
275,116991_1a3aaea3_2,train,014a02edac64adc8ffd6c4cf7e72c337eb6a8e06c51cf8c944820915c72b13b7,step/116991_1a3aaea3_2.stp,35139,1a394c100f9515bca39f666569dc4d9330984746c9f441cfe10ea41bf07d6f5b,unspecified,AUTOMOTIVE_DESIGN { 1 0 10303 214 3 1 1 },1,0,1,11,True,text_audited_kernel_validation_pending
276,140329_34b663b2_0,train,014a16d6332ff2cbbe85aa8114552e44672fb4a1a4924026c797d40af04649d5,step/140329_34b663b2_0.stp,25185,a00aefbf434843e2935db28a9f5c4a5298ee85542a700d5b83e8fb54631ff0c6,unspecified,AUTOMOTIVE_DESIGN { 1 0 10303 214 3 1 1 },1,0,1,13,True,text_audited_kernel_validation_pending
277,51913_1fa125b4_14,train,014aad39d2f14c85927ffa4ad95b4ffd82d86f12ae0381ec3d4ec489028ee232,step/51913_1fa125b4_14.stp,11570,0c338835cb0271d3e181c635fd1bfdba2bb6a75625bf329f3c92678160c24518,unspecified,AUTOMOTIVE_DESIGN { 1 0 10303 214 3 1 1 },1,0,1,6,True,text_audited_kernel_validation_pending
278,110423_d91efa4c_0,train,014c8779eb778a45487efa75369ff9ec13c0d3ae233572f2963c81f1d39a8b7a,step/110423_d91efa4c_0.stp,17709,88a53564385eabed3e06b237d2838bef1fbe2ed452631acc87a5792bcf3b9f0b,unspecified,AUTOMOTIVE_DESIGN { 1 0 10303 214 3 1 1 },1,0,1,10,True,text_audited_kernel_validation_pending
279,125002_7287b175_0,train,014e6d5de00f3a2c6526856bea61ffdba7444c74b631f771aca62a9124b07907,step/125002_7287b175_0.stp,256836,718d79a9637f3f73ac3caf6357586953b6d7e356ffda236eb65783c38fff0c60,unspecified,AUTOMOTIVE_DESIGN { 1 0 10303 214 3 1 1 },1,0,1,134,True,text_audited_kernel_validation_pending
280,140063_745a3b65_1,train,015158a11ee3580cb04acda0847e31373a4f68dec41cd10edbcbcb148f973805,step/140063_745a3b65_1.stp,75993,c2cd298757a3d921a49530dfbd16319a4be9217b3bc10a1d856ab5068c3251ce,unspecified,AUTOMOTIVE_DESIGN { 1 0 10303 214 3 1 1 },1,0,1,38,True,text_audited_kernel_validation_pending
281,127099_f6719ba3_1,train,0156c4df63d45f8231df1095cf6e0c0f9f3abdcfd9f969ec6d2677a5df54a7e9,step/127099_f6719ba3_1.stp,27547,9dd820793908d59deb42c823eb675f0d4ca50243a7ad8d95df11a0f8fb6f2cba,unspecified,AUTOMOTIVE_DESIGN { 1 0 10303 214 3 1 1 },1,0,1,14,True,text_audited_kernel_validation_pending
282,30905_511b96bf_14,train,0156cfa698c647733226606a43ca64ad3e58876410a2dec6dbbf59342139848e,step/30905_511b96bf_14.stp,18902,c145923dd37c48f29fd05f35fecffbbd378d38ae181b376830e3c926420efd32,unspecified,AUTOMOTIVE_DESIGN { 1 0 10303 214 3 1 1 },1,0,1,9,True,text_audited_kernel_validation_pending
283,51795_850e53f3_3,train,0157cd96e0d726c116a154063e5dc44fd39091a7083cc2ed5551edab81e091fb,step/51795_850e53f3_3.stp,124637,c5193a4640440c9d72e519c181b883d357ddd23e555cc1ce797aefbe44d1c180,unspecified,AUTOMOTIVE_DESIGN { 1 0 10303 214 3 1 1 },1,0,1,59,True,text_audited_kernel_validation_pending
284,85197_ab93428f_34,train,01600d0ffe6f9dc86fc374b7b27880cf5c54e95315680a5e8492e0a7294a9060,step/85197_ab93428f_34.stp,138083,c9c81285f2e777f848c7e9670ebe5db9db26d509b34df8fb3b785f47406d51e7,unspecified,AUTOMOTIVE_DESIGN { 1 0 10303 214 3 1 1 },1,0,1,69,True,text_audited_kernel_validation_pending
285,123094_af46c5e1_7,train,016089ba9f223a094b1094fc48f317c4d142d1aa960fef6f79949d3ca171feba,step/123094_af46c5e1_7.stp,64917,056b8ec492d0890109cdf8396cb15a325c98b44f0afcfa00e3c8749f48cc8b95,unspecified,AUTOMOTIVE_DESIGN { 1 0 10303 214 3 1 1 },1,0,1,21,True,text_audited_kernel_validation_pending
286,41125_711db4bf_21,train,01612e67f3428327cb8e0d7aecb31139a5b104bcc5b24b3d2ef246dec49ec642,step/41125_711db4bf_21.stp,13540,776f2a20fde942cf70a23e6f89995d281fd7cee172c37a752566ac8d16cced4c,unspecified,AUTOMOTIVE_DESIGN { 1 0 10303 214 3 1 1 },1,0,1,8,True,text_audited_kernel_validation_pending
287,24936_61e1dc0f_9,train,0161580650e2b409e8e9b84e2da1bafdc91863a852951cde94d7f1df573330b4,step/24936_61e1dc0f_9.stp,12496,ddb0eaefc02d144f1adf08a0692bbb97df1f14f9743f05a11311dce1830f1bcd,unspecified,AUTOMOTIVE_DESIGN { 1 0 10303 214 3 1 1 },1,0,1,6,True,text_audited_kernel_validation_pending
288,53078_b592f2bd_18,train,01653bba6cd397ab247fcb5ed9f5e6a388df77fa52787be38432ac3ccc188179,step/53078_b592f2bd_18.stp,21871,04228e0be80bf61f803746fe65af225c43fec3e8b82e36318e6fe0914201379f,unspecified,AUTOMOTIVE_DESIGN { 1 0 10303 214 3 1 1 },1,0,1,12,True,text_audited_kernel_validation_pending
289,54819_28228c3f_0,train,01657ecb6411b4a26bf481db5957593be4c7b12883bdb114da7b40cbc8ad669d,step/54819_28228c3f_0.stp,160017,27c1270c9c4890020143f3b386bce85c7a1eec9f21cf7bd8fbf6bde77d1dad4b,unspecified,AUTOMOTIVE_DESIGN { 1 0 10303 214 3 1 1 },1,0,1,76,True,text_audited_kernel_validation_pending
290,23258_87a2ba81_5,train,01662dc4226a3281b1caf88014c9da27660b048b485e34ce30b84e5c02aecd0a,step/23258_87a2ba81_5.stp,74700,fa714b404ab4a92fe138e656ffb1d4143c1761c5914080f61b31a7d57fc74d02,unspecified,AUTOMOTIVE_DESIGN { 1 0 10303 214 3 1 1 },1,0,1,29,True,text_audited_kernel_validation_pending
291,49307_ee6922d7_2,train,016cdec05a7094b68509a4267d8ddee9915429132656d5b1193f92a4ed077431,step/49307_ee6922d7_2.stp,33424,e0130a5112173ca248ee5ed9b18357db4c60cc488c6efaff9da884e27587d866,unspecified,AUTOMOTIVE_DESIGN { 1 0 10303 214 3 1 1 },1,0,1,17,True,text_audited_kernel_validation_pending
292,33770_b5473043_11,train,016d5e7c22a66a6cbaf5f5024f8b1965bb85fbd59e54aa357ac9532bcf298a73,step/33770_b5473043_11.stp,10207,8cf02ac74d658612680cf8cd7b4ac591fdbcc8d0718a4b54df2da430f213ba0a,unspecified,AUTOMOTIVE_DESIGN { 1 0 10303 214 3 1 1 },1,0,1,5,True,text_audited_kernel_validation_pending
293,49413_4e7d47f7_0,train,016d706f57d34194341f429b658cf0bb0def34776a1664ba504ad6e306c9cc4e,step/49413_4e7d47f7_0.stp,29017,19e6d064fe3a2bfdba2371844144c0972f4e9d823799297f118f0bc5860e5317,unspecified,AUTOMOTIVE_DESIGN { 1 0 10303 214 3 1 1 },1,0,1,14,True,text_audited_kernel_validation_pending
294,39468_15fb2e60_45,train,0171b639c185961a36e1110fda41b603f9cb9f046485a31bccea86765194d63d,step/39468_15fb2e60_45.stp,75672,bd82fdd109c5d92203fa7e20ac30e6dc99b1a896f17ad14fb380a3a292a37f53,unspecified,AUTOMOTIVE_DESIGN { 1 0 10303 214 3 1 1 },1,0,1,39,True,text_audited_kernel_validation_pending
295,140732_1f417cd0_0,train,0173a9616f10d631c097dde1a7b7c6849bbf6586fa31cb3c4011411a4c7f573d,step/140732_1f417cd0_0.stp,90745,23b844b4ed7137c1cf249315b2a84cdb5928e80f2463cbaaa5606f4788f1db6d,unspecified,AUTOMOTIVE_DESIGN { 1 0 10303 214 3 1 1 },1,0,1,42,True,text_audited_kernel_validation_pending
296,25203_1cc0cb3c_52,train,0178a04828e86cbdf551ce769382bc08b2921bd145737523adeef4ca9002a684,step/25203_1cc0cb3c_52.stp,6265,00028cd1be35f55da7cd16b409fbb1b783c082fcfd98c05b3dd7d93f42010498,unspecified,AUTOMOTIVE_DESIGN { 1 0 10303 214 3 1 1 },1,0,1,3,True,text_audited_kernel_validation_pending
297,141533_f361f8c3_0,train,017a3237cee223803aa056706bfd37f49e7b07c49fe96956e5d94fc27e5a46cb,step/141533_f361f8c3_0.stp,116984,9dd0e9166857de4a6f1d9bbaea7a4721c099c077ba121ae1d71ed4dcbd6154dc,unspecified,AUTOMOTIVE_DESIGN { 1 0 10303 214 3 1 1 },1,0,1,63,True,text_audited_kernel_validation_pending
298,23054_311abee4_6,train,017aa40d756173d790349aa5ad3a903073bdeb62fc9ff4ed3a9aa3145fd234a8,step/23054_311abee4_6.stp,175818,478bab8350732717609b878945ca7e166c19ec5e1885c502f0cc599a13f58c58,unspecified,AUTOMOTIVE_DESIGN { 1 0 10303 214 3 1 1 },1,0,1,37,True,text_audited_kernel_validation_pending
299,34565_446b7a71_0,train,017c6dcf95e623ba2ef68b6fe48d7a24fb53cdfc9a5a806f60157bb0a553da2c,step/34565_446b7a71_0.stp,17510,462be2da0c3368a06d1b6da6f0b3b6f22524cb0721624bd06c9adaa03e783ccc,unspecified,AUTOMOTIVE_DESIGN { 1 0 10303 214 3 1 1 },1,0,1,8,True,text_audited_kernel_validation_pending
300,26565_634c6f2f_2,train,017d047cd54b2993eb2685d24c02ce8c747f643a3f2cf675afdbddd9c9e6dffd,step/26565_634c6f2f_2.stp,6353,116d1d46b68ee60b4cce24db692dc8fa0c057146457755bf8cd174db00b607ad,unspecified,AUTOMOTIVE_DESIGN { 1 0 10303 214 3 1 1 },1,0,1,3,True,text_audited_kernel_validation_pending
301,126255_ca581625_4,train,017d16908ac500e2ca220b87fc1e0bd3591bfab17131988be2900f355b600032,step/126255_ca581625_4.stp,11456,c9f68cf66662c4ad5367406c1ae86ef2c4aaed17ff88630bc4681b039341638f,unspecified,AUTOMOTIVE_DESIGN { 1 0 10303 214 3 1 1 },1,0,1,6,True,text_audited_kernel_validation_pending
302,140558_461ff76a_3,train,017e20e28192d0f384211b4d9002d37d09fbaef8187add5a47e386151b5db69e,step/140558_461ff76a_3.stp,72327,72c61fb897d82c191a075ea2b93b98a7ddabb4aea7dc18fc33677bbe9f4b7773,unspecified,AUTOMOTIVE_DESIGN { 1 0 10303 214 3 1 1 },1,0,1,24,True,text_audited_kernel_validation_pending
303,79682_b75071d6_0,train,017e6fa4084bffc58e0be2f59e5353a9d693fdb29e2c522a55f24f2a1a73d657,step/79682_b75071d6_0.stp,74789,bc0c20cdf46945d183610fb3adc77e4ba30ed66863285685d1433c973c03223a,unspecified,AUTOMOTIVE_DESIGN { 1 0 10303 214 3 1 1 },1,0,1,27,True,text_audited_kernel_validation_pending
304,33615_7bab1106_1,train,0180c941a215721fec236820865f5f062ec3341f0e24c6ac4c31d94d53b8b78a,step/33615_7bab1106_1.stp,8515,fdd7a19df67ae619d3feccd681564000a9fab2a230b75ddf3e4790b9c9a71696,unspecified,AUTOMOTIVE_DESIGN { 1 0 10303 214 3 1 1 },1,0,1,4,True,text_audited_kernel_validation_pending
305,45614_bfffa290_12,train,01817c5054864d7b7356061801b3a497b7cbd051548aafcdb95716f66e9fc274,step/45614_bfffa290_12.stp,10072,ed33e626a0bb0a06deb52b88a29dd6bccc37f6c02c086d06d8484bc7a5faaf39,unspecified,AUTOMOTIVE_DESIGN { 1 0 10303 214 3 1 1 },1,0,1,5,True,text_audited_kernel_validation_pending
306,41501_b627682a_2,train,0182e25b91037706c07fb20718a86e1c6ec96bd47a85ae2db9b627a6d6f710eb,step/41501_b627682a_2.stp,17345,f2d0b4a27c9572de67fa47ab31cd634ba7c973ac60e40f3a6b50a515bc33707c,unspecified,AUTOMOTIVE_DESIGN { 1 0 10303 214 3 1 1 },1,0,1,8,True,text_audited_kernel_validation_pending
307,76969_10fcc619_0,train,01851d33f17d4e893c9e662c98870c9aa6cf1963b8ccc7066fadc8674c7b711a,step/76969_10fcc619_0.stp,68690,755203425fa2ed87b88b6ff2cf6fb55b75c2150ae035a5bf044a636375fdfcfd,unspecified,AUTOMOTIVE_DESIGN { 1 0 10303 214 3 1 1 },1,0,1,32,True,text_audited_kernel_validation_pending
308,21231_eb9826e5_1,train,0185d2905c2d1ed520530c3205d2fef18e9b6f243524a82c09010c40d0c6094e,step/21231_eb9826e5_1.stp,51115,edcc3c580ac0f8f07749c0491ed87a835de6c236bed85bb885fdada09d1bc3ca,unspecified,AUTOMOTIVE_DESIGN { 1 0 10303 214 3 1 1 },1,0,1,25,True,text_audited_kernel_validation_pending
309,142073_90d8ba01_1,train,018d6c75f9e6b78be7515c5c872bee67a09a40ad1c924db9998dd6266d99cc13,step/142073_90d8ba01_1.stp,11164,d885c1e139a58d55af7f08c30dbd9bd6ae538694668847f1bc49be7771a1a375,unspecified,AUTOMOTIVE_DESIGN { 1 0 10303 214 3 1 1 },1,0,1,6,True,text_audited_kernel_validation_pending
310,43014_63ee254d_3,train,01911463c8e2933d1c75def2b478d26de881ad48cef33ca11c961c293ed95958,step/43014_63ee254d_3.stp,17597,0e44334fa1034ccdf5374834970667fab01aa71bb12dc23c4d9dc96969c7e436,unspecified,AUTOMOTIVE_DESIGN { 1 0 10303 214 3 1 1 },1,0,1,9,True,text_audited_kernel_validation_pending
311,108773_f9384cff_2,train,0198bb36e43801a3e998b92444c08fe68d1dd12d1130ad8d3113dc7ab125da5f,step/108773_f9384cff_2.stp,35451,029f1df2261eb118a936f63d70cdc03c2dd6ca640b3f2af9c035851d473a7823,unspecified,AUTOMOTIVE_DESIGN { 1 0 10303 214 3 1 1 },1,0,1,18,True,text_audited_kernel_validation_pending
312,21242_6c2af7c2_19,train,019bdfec2bcb6799e27fee2db19e910fe7b720f840562c5d8b17dc706afdd7a9,step/21242_6c2af7c2_19.stp,19134,82d1242097f4c57ca2d1aca8e4003c6e4d31453c171b5567eb24489e44d22744,unspecified,AUTOMOTIVE_DESIGN { 1 0 10303 214 3 1 1 },1,0,1,9,True,text_audited_kernel_validation_pending
313,24168_a0ede173_210,train,01a01362732ab115fa80491dc13b959f51617f1a75c1581fd30f6c7785bd8e54,step/24168_a0ede173_210.stp,81131,5124dd1a73404d6214e39757fda8d4c00667049b6a19b6865fabb8560204fe60,unspecified,AUTOMOTIVE_DESIGN { 1 0 10303 214 3 1 1 },1,0,1,32,True,text_audited_kernel_validation_pending
314,68956_050d8535_0,train,01a2cd7dbdddd5ef9c2ced477b23bed13eb05896bf778d923d75d526b3e7e184,step/68956_050d8535_0.stp,105884,bfbe75d5e45fa0a103de42d726f9263586584d8b5e1cdf07bf89f162f460737d,unspecified,AUTOMOTIVE_DESIGN { 1 0 10303 214 3 1 1 },1,0,1,23,True,text_audited_kernel_validation_pending
315,75175_879cdaa5_13,train,01a2e7f2c3c0c6ee9ca5185b7a5fdc3fd103a62cd446069c9fb722fd63d00db5,step/75175_879cdaa5_13.stp,6347,c56d0ce5c2a39dc678ece58382f4dd30329af9cb9bce108d763bfa0af934e427,unspecified,AUTOMOTIVE_DESIGN { 1 0 10303 214 3 1 1 },1,0,1,3,True,text_audited_kernel_validation_pending
316,34103_6635d58e_0,train,01a3823c5f7060142a9df1e6b9348aebc5dd2cfca2e6178e346d1ea26cc8bf88,step/34103_6635d58e_0.stp,17708,03cff1b7e30e5346889f58ab56e1467b95168d3039f809ab4c27000d94962d42,unspecified,AUTOMOTIVE_DESIGN { 1 0 10303 214 3 1 1 },1,0,1,11,True,text_audited_kernel_validation_pending
317,23132_1847c4ef_2,train,01a790913f603b8ef3c15690ffb9e53febd94cab55725c47f7a7852c6f238739,step/23132_1847c4ef_2.stp,37438,cefdd0b11ecc7528d98110912a9ec7cdaf6baed5b4d8dde594afe951eed1a6cb,unspecified,AUTOMOTIVE_DESIGN { 1 0 10303 214 3 1 1 },1,0,1,19,True,text_audited_kernel_validation_pending
318,21395_7d6fda6f_11,train,01a90e69e1573f9714872ac22acbe659958129478a6f2962acd3044ff37c28c5,step/21395_7d6fda6f_11.stp,39722,93cf18b999a44612003e625bb7f11a0a50ab026ccec440d3f16f4a0f9a08743e,unspecified,AUTOMOTIVE_DESIGN { 1 0 10303 214 3 1 1 },1,0,1,19,True,text_audited_kernel_validation_pending
319,98102_a76c373d_0,train,01abae26eb588eed334af6956677d9bd8a2b56ca0470dfa08afe8f57ce4b20f1,step/98102_a76c373d_0.stp,24422,26b90da50494ca627569043d8ada3208f120dfe157f40f9ac8a652ef514101fe,unspecified,AUTOMOTIVE_DESIGN { 1 0 10303 214 3 1 1 },1,0,1,13,True,text_audited_kernel_validation_pending
320,52882_4fbf7593_7,train,01ac6306a14b550afc31d5cac20af335532fc3fb3b8e9c57f15514c556a69c72,step/52882_4fbf7593_7.stp,34317,97f6e4c6f67fb1ec0f22f7f7a0bd381ed6cef5bfd173dc14feb2e78ce669b220,unspecified,AUTOMOTIVE_DESIGN { 1 0 10303 214 3 1 1 },1,0,1,7,True,text_audited_kernel_validation_pending
321,123573_5f5c9584_7,train,01adbd3e5f47b9810a38076c8d16220480449b4f6e8c327099ee8f94a5b2ef65,step/123573_5f5c9584_7.stp,16745,f419cfbbc9d74c4036ca8881ea774d66902ef34a72f887ea78622c4716ed5e90,unspecified,AUTOMOTIVE_DESIGN { 1 0 10303 214 3 1 1 },1,0,1,8,True,text_audited_kernel_validation_pending
322,109754_990269a4_53,train,01aed79753827a9302152d1f6a3ddbfde2f3ea1b826dd08526054335b0f9390f,step/109754_990269a4_53.stp,1719229,746953e77e3eea6d26cdc5fd1fbbb9567b7bba5e09b9f1853ebe7378239a6f71,unspecified,AUTOMOTIVE_DESIGN { 1 0 10303 214 3 1 1 },1,0,1,503,True,text_audited_kernel_validation_pending
323,133619_c3cf63d6_1,train,01af3d59aa2b8817e056807818880b2e1787dbc88691106ee4b8aff7ea17c80e,step/133619_c3cf63d6_1.stp,11598,b8005b94b4e179301dc4dc9715f8194c8ec675394af5cd3896d6b58d09874465,unspecified,AUTOMOTIVE_DESIGN { 1 0 10303 214 3 1 1 },1,0,1,6,True,text_audited_kernel_validation_pending
324,51786_e1ecf142_0,train,01aff91950ca1d6fe001beb751ff4c479d3ba0a7e4aacd60935d3775df49aab0,step/51786_e1ecf142_0.stp,20500,ee316cd994c23abef909f6446ec2a9eb62fb753b0b21c569f0d68e2da6dc6584,unspecified,AUTOMOTIVE_DESIGN { 1 0 10303 214 3 1 1 },1,0,1,10,True,text_audited_kernel_validation_pending
325,21300_ec7da33e_13,train,01b1ae8ba151908b678c81d1f2cb110eef080e1410fe237354e61c9349eec587,step/21300_ec7da33e_13.stp,18282,dacb94264ac8d6be56946523dc23c18d8e0c48c2a30e9999a4bfb8f6ca0b0151,unspecified,AUTOMOTIVE_DESIGN { 1 0 10303 214 3 1 1 },1,0,1,9,True,text_audited_kernel_validation_pending
326,138736_5b71248e_0,train,01b2db3f28f5ad3b79af7a83fbec54610f9e8b72a0c790458c2442458e693ea4,step/138736_5b71248e_0.stp,5346,36a4cace0d4a5aea08e0bcaf153deeb949679a721b6679719ae0094dbc93f9f4,unspecified,AUTOMOTIVE_DESIGN { 1 0 10303 214 3 1 1 },1,0,1,2,True,text_audited_kernel_validation_pending
327,106638_1b6bf1a2_8,train,01b5b5db58e32f888a200353494bfa5c8690127ff6cb3e79173fd2c64ec933d9,step/106638_1b6bf1a2_8.stp,73440,9e19a357a613c4a8ff0aa53fefb551f84890e39dc7672a78c74745de079b726e,unspecified,AUTOMOTIVE_DESIGN { 1 0 10303 214 3 1 1 },1,0,1,39,True,text_audited_kernel_validation_pending
328,24443_996411f9_4,train,01b7bc5a42d681201a16c8831c81120b4fa94599c8d3ee79f7c09608329fcf41,step/24443_996411f9_4.stp,29642,12692623f3fa7c9143b633e0a66857e5b0f48b724702d331a6a3c89cc7a4f6ec,unspecified,AUTOMOTIVE_DESIGN { 1 0 10303 214 3 1 1 },1,0,1,20,True,text_audited_kernel_validation_pending
329,126989_46eaf7d2_4,train,01b9fa7e12fde0455d86a399a27cd04f1499fc9914eb36e5505d6418e1047145,step/126989_46eaf7d2_4.stp,6619,328badf4a6652c7ae30d24525f7098dc0750df2b1284a026a28113451f0a5f6c,unspecified,AUTOMOTIVE_DESIGN { 1 0 10303 214 3 1 1 },1,0,1,3,True,text_audited_kernel_validation_pending
330,73651_a41647f8_5,train,01bb3ae1f57285395696e7401365e8afdd1136eefd817af7d565cc88964a2f4f,step/73651_a41647f8_5.stp,14005,d7bce8047b4c8bd9d8e983bcf075121a7d84baed8b79d8fb5a51678b38810839,unspecified,AUTOMOTIVE_DESIGN { 1 0 10303 214 3 1 1 },1,0,1,7,True,text_audited_kernel_validation_pending
331,68956_dbfcec3f_5,train,01be351dcf72a2e496afd5541fedabda219272c501194d01c06924f5e74fb605,step/68956_dbfcec3f_5.stp,11855,9e3eafbc65228a49c0b5b34c552b20abbc1a80c7c2739a852aa430da2e01df15,unspecified,AUTOMOTIVE_DESIGN { 1 0 10303 214 3 1 1 },1,0,1,6,True,text_audited_kernel_validation_pending
332,123665_0a0da5c7_1,train,01be7f1c220fd0a3b4bd88eeddd5a8e518d8d86f0a12f0c5f9a580b6b3b649cc,step/123665_0a0da5c7_1.stp,67538,0a315861dd828aeb7be64d168d42776824893da78128577fa0cf5d18e2a5c519,unspecified,AUTOMOTIVE_DESIGN { 1 0 10303 214 3 1 1 },1,0,1,36,True,text_audited_kernel_validation_pending
333,34909_0bd9b4a5_4,train,01c7099630c0511f0827ef3360e81ca93b94749604c7fe873234f6d38c9b5a7c,step/34909_0bd9b4a5_4.stp,11773,2762185b3e7aaad3a5806cd23e7cc00c52b3d0eb8b106b89ef7dd8add1cea9ed,unspecified,AUTOMOTIVE_DESIGN { 1 0 10303 214 3 1 1 },1,0,1,6,True,text_audited_kernel_validation_pending
334,25285_31ea8727_4,train,01c82347b6eacd7fa548cf617e93ba68c90813631db77cde8ed09a47b48c3e18,step/25285_31ea8727_4.stp,32732,2543578a49057ad3ff5316adbc6cec2d430919870329da47f9e2f6d296656aff,unspecified,AUTOMOTIVE_DESIGN { 1 0 10303 214 3 1 1 },1,0,1,16,True,text_audited_kernel_validation_pending
335,28931_bac5838c_0,train,01c82cfa0129ccfa9b7c4838c9646ca41461004d6a1f4fa64ab0629052637efe,step/28931_bac5838c_0.stp,7500,e9038262bdaf5dbfbadb14193ba0dc58f1a88cff2853d2f56b0437c6f194df00,unspecified,AUTOMOTIVE_DESIGN { 1 0 10303 214 3 1 1 },1,0,1,4,True,text_audited_kernel_validation_pending
336,55469_ff7238c7_1,train,01c9daa496c2f126fe45aef9508dff9eb4955fb01197502134c2a3e57c43d073,step/55469_ff7238c7_1.stp,18452,ed7ab25ab356e9079c94a40c59093f43e36fa636cf1a2d59f9ac06b529eb48f4,unspecified,AUTOMOTIVE_DESIGN { 1 0 10303 214 3 1 1 },1,0,1,1,True,text_audited_kernel_validation_pending
337,41608_fb3b91be_2,train,01ccc0aaa7741df96aef70d146b807eb4310bb5ede92331df308ae66e5c098b4,step/41608_fb3b91be_2.stp,33403,b3e521b35abeac3a94325d149177ae57bfb87fd2a1744bcfc412e439f5956726,unspecified,AUTOMOTIVE_DESIGN { 1 0 10303 214 3 1 1 },1,0,1,18,True,text_audited_kernel_validation_pending
338,41466_c6aa7b3a_2,train,01d177230bbf837982824947708597609ff674373df56ff5c916b948a8c14beb,step/41466_c6aa7b3a_2.stp,11707,ddae7174f14a1646278669a7847782924c4271f24e87897ee5d13ee8c3e9e543,unspecified,AUTOMOTIVE_DESIGN { 1 0 10303 214 3 1 1 },1,0,1,6,True,text_audited_kernel_validation_pending
339,35741_c43475b8_3,train,01d380340673e8c6870287bd41fd3f51975194fd01e79c89b48ebbfcee691353,step/35741_c43475b8_3.stp,184800,3e9ceeb0f248afd2c47e24c78b680adb3ac5e887d091ccf12e37d54bf9137783,unspecified,AUTOMOTIVE_DESIGN { 1 0 10303 214 3 1 1 },1,0,1,87,True,text_audited_kernel_validation_pending
340,131468_117edf36_3,train,01d4123297548201024c4652f1689b852d2b4e1be1a9e792e03005cd1290ae95,step/131468_117edf36_3.stp,11778,3396f371de6f09d543a42153731c77cef8d512f11967ef50b28f2b691bdc2525,unspecified,AUTOMOTIVE_DESIGN { 1 0 10303 214 3 1 1 },1,0,1,6,True,text_audited_kernel_validation_pending
341,133469_49247c50_1,train,01d412d3b6aa8a786a53dc3c09090eccedc8236d261c5ff95cd57bd62c43d122,step/133469_49247c50_1.stp,6222,3e28bce27bd49ad473b69fb164c48c5f631885e9ab44fdcb374f9f77a67ca932,unspecified,AUTOMOTIVE_DESIGN { 1 0 10303 214 3 1 1 },1,0,1,3,True,text_audited_kernel_validation_pending
342,82664_ff293402_3,train,01d41af295856d40eaf2b6ce7408200ee6d2794f650508ae4d0c03baf18a0675,step/82664_ff293402_3.stp,11841,acc1d9ffc491629e0800432267aba8ca6e8db2d809b206007092e048604f3baf,unspecified,AUTOMOTIVE_DESIGN { 1 0 10303 214 3 1 1 },1,0,1,6,True,text_audited_kernel_validation_pending
343,113019_88e40771_0,train,01d6de500aceab6ac8669b88a8da7d537f54cbbfa99b0c7e7f65b92abe070f47,step/113019_88e40771_0.stp,19804,669fb2037b28be566ef304750ae22ac6bb16334b94c0da42d38f888b4cbac217,unspecified,AUTOMOTIVE_DESIGN { 1 0 10303 214 3 1 1 },1,0,1,9,True,text_audited_kernel_validation_pending
344,36918_2dee90be_1,train,01d7969c6018b3ca72ea15f0112f947e9be8308a58ea3986bedb3953f0f1c63c,step/36918_2dee90be_1.stp,18864,44cea13bf28d23e2586d5d9654c8f7bb6dc3df2168a031adc3f39c31f6a9bce2,unspecified,AUTOMOTIVE_DESIGN { 1 0 10303 214 3 1 1 },1,0,1,10,True,text_audited_kernel_validation_pending
345,23641_9dc65be2_2,train,01d9d7a9777cb1e34a93c8260b77938506ce2a483f1e3f43f96cb47dbf1ae290,step/23641_9dc65be2_2.stp,40366,24b988027fa8409f1beff175d2753e468ed19e97dacf1c00088a597403d1745e,unspecified,AUTOMOTIVE_DESIGN { 1 0 10303 214 3 1 1 },1,0,1,21,True,text_audited_kernel_validation_pending
346,51586_2ad96f8c_0,train,01da9fadab68d17e4c1fdd53a1b3117e45aca3c5ea6b4d42d60b4aea4f28ec6c,step/51586_2ad96f8c_0.stp,62259,6378cb72d041f61118fa53d005bcd2e30794c3e6810eec063b8bd54da90d014a,unspecified,AUTOMOTIVE_DESIGN { 1 0 10303 214 3 1 1 },1,0,1,37,True,text_audited_kernel_validation_pending
347,44996_b3e9c266_5,train,01dd2e96fe27d7114edef4a1267a4b4ce51842515b39db5863cc320635122b44,step/44996_b3e9c266_5.stp,11538,d158f61e3f952b65fd9e3a234c5b4b5f11be48c507a04c53ab5559addd06f21c,unspecified,AUTOMOTIVE_DESIGN { 1 0 10303 214 3 1 1 },1,0,1,6,True,text_audited_kernel_validation_pending
348,78187_d8cd9e68_6,train,01df53020f8d8206a796bac5abdb07ab265c415d93a4ede1172c136c08b7fa66,step/78187_d8cd9e68_6.stp,22125,b6ca8f65a686cb3508453abe48f439fef23fb3366a779329d9b5bad1e4083b40,unspecified,AUTOMOTIVE_DESIGN { 1 0 10303 214 3 1 1 },1,0,1,10,True,text_audited_kernel_validation_pending
349,21703_42d28e69_2,train,01e0d282b96e6ff0c22f33f06e0ce26c8e3cf71b9e930297710afe0fcd96ae55,step/21703_42d28e69_2.stp,62296,7c4167f63ed731a2a41ce40aed1959ee77cd903980ad97b6f6d79740f3011188,unspecified,AUTOMOTIVE_DESIGN { 1 0 10303 214 3 1 1 },1,0,1,31,True,text_audited_kernel_validation_pending
350,27721_db9866d3_1,train,01e14cae9b1b9c71d1abcaece6d00746464c6d8cb054d30144eab206cba334d0,step/27721_db9866d3_1.stp,19686,c18f89ea25ebb450ef1eb92834f16e88238551277d899a05aa49a92587ac8b07,unspecified,AUTOMOTIVE_DESIGN { 1 0 10303 214 3 1 1 },1,0,1,10,True,text_audited_kernel_validation_pending
351,28085_d7d25772_1,train,01e17507197540482a8a7ba96e3bc7eb22b22aac1fa51f104d67d424d8b31529,step/28085_d7d25772_1.stp,26472,29cf07984d7b0dc47581c1c6d23056061592b470dd37d7fa45459a266449633b,unspecified,AUTOMOTIVE_DESIGN { 1 0 10303 214 3 1 1 },1,0,1,13,True,text_audited_kernel_validation_pending
352,115018_630111f5_26,train,01e2cf37c667e05c7db50b7abe2df1aee5647ef4ab3788777b2d41514c44bf08,step/115018_630111f5_26.stp,18749,d0bca66eed1bf0d5fbbb5807d821b8c603c94d9b448aa2cfb0efa9de66280ded,unspecified,AUTOMOTIVE_DESIGN { 1 0 10303 214 3 1 1 },1,0,1,11,True,text_audited_kernel_validation_pending
353,44387_1618ffe6_16,train,01e5d7c6c448e1aafd7fffdb2c35c235ecf41345e8a295535557b0a6cc25f358,step/44387_1618ffe6_16.stp,14663,7f14d61c1b9fcf5470967519ca8802d283d9d56d6d53d0bd44959e2c5c3cc54c,unspecified,AUTOMOTIVE_DESIGN { 1 0 10303 214 3 1 1 },1,0,1,7,True,text_audited_kernel_validation_pending
354,127099_7d287b01_4,train,01e98cbb9a71967f3d7abe6862af2748e1459a9d9ef57723cd3575dded84dda5,step/127099_7d287b01_4.stp,83480,39fe5ad82646d6dd0d236e1ddd05d6a57f2263506bc9b2113b44fbedff6a665f,unspecified,AUTOMOTIVE_DESIGN { 1 0 10303 214 3 1 1 },1,0,1,41,True,text_audited_kernel_validation_pending
355,39101_23fec10f_28,train,01eb3b9b8f8577583509a901abe10129e36d9181814798baafe1be06ebb83758,step/39101_23fec10f_28.stp,18713,a640981d77534e37e2ebebf56334b1fd7497733726e3e42004d2e913a42695ff,unspecified,AUTOMOTIVE_DESIGN { 1 0 10303 214 3 1 1 },1,0,1,10,True,text_audited_kernel_validation_pending
356,22604_0b4ffb43_59,train,01edcb808ad66785e3c33d0579a4b1f278b8355721ddb34577348bc0eaa94a9f,step/22604_0b4ffb43_59.stp,81317,bb6236750fd138c6db301902a7af35709c2f43b23492cf62c16100021039ff9b,unspecified,AUTOMOTIVE_DESIGN { 1 0 10303 214 3 1 1 },1,0,1,34,True,text_audited_kernel_validation_pending
357,33782_5c085bbe_3,train,01ee1f3a3722cb16e189a6ee465029ec8f56aa54377243a4522ef3e8eccf228f,step/33782_5c085bbe_3.stp,11810,a71fd7c2f45cdcfbf12e3113666d4f091effc2b2d35e4270d64c86677adbd946,unspecified,AUTOMOTIVE_DESIGN { 1 0 10303 214 3 1 1 },1,0,1,6,True,text_audited_kernel_validation_pending
358,104995_a625a7c5_16,train,01efc03f74a010f7a9714e3e6cccd61b25f071ad122c3e650498811703265e9f,step/104995_a625a7c5_16.stp,72283,68530ac1e6c32c52300a575b3848841f5624cf4271c5b15bdd7201b137526b35,unspecified,AUTOMOTIVE_DESIGN { 1 0 10303 214 3 1 1 },1,0,1,3,True,text_audited_kernel_validation_pending
359,48607_d57ee7ea_15,train,01f19bfdccfe270b103d9376ece7e48e4f9fb44f24b287427065681827b42735,step/48607_d57ee7ea_15.stp,119607,ead18e51bf23385e3daa74ddfd38a06ee03f7b23fc9f6a15726cbbac27c97fc0,unspecified,AUTOMOTIVE_DESIGN { 1 0 10303 214 3 1 1 },1,0,1,33,True,text_audited_kernel_validation_pending
360,143658_f856aac2_0,train,01f57ce796c8f5f519999b014f0d363d10c3a2ca5e167652916662bfb76f74e2,step/143658_f856aac2_0.stp,45443,c36e6be5bdcb373e98f7014e3f97f2d542a13b03998bc93d65f4c664bfff5f97,unspecified,AUTOMOTIVE_DESIGN { 1 0 10303 214 3 1 1 },1,0,1,26,True,text_audited_kernel_validation_pending
361,34225_0bedc717_0,train,01f606a50efe78f4bcedeeedd491dc60a29475a7f771e3f48d0b723fc8ce85dd,step/34225_0bedc717_0.stp,57619,e44e17ae6e500e326ef4c7c795955daa99b25705180adb698f308d1fd4c67d66,unspecified,AUTOMOTIVE_DESIGN { 1 0 10303 214 3 1 1 },1,0,1,22,True,text_audited_kernel_validation_pending
362,136980_9660c50c_2,train,01f63d761df5676f2867e04c5ec88b62320d10d8e5fde6cca1254f1e7081ace8,step/136980_9660c50c_2.stp,8536,9a5f02492d1958b968786048cb9f12054d8fbde0b690f62730ac1ad7223d7cd9,unspecified,AUTOMOTIVE_DESIGN { 1 0 10303 214 3 1 1 },1,0,1,4,True,text_audited_kernel_validation_pending
363,53470_39f2e9dc_12,train,01fd5bb5f981606c7103c7e0fac67560cb912e6d08cfbc33fc050601b3aa4dea,step/53470_39f2e9dc_12.stp,54963,d9518c9bd938def802fff309a8d236c3970f8171f77b9af26b4c0109bc9e9f18,unspecified,AUTOMOTIVE_DESIGN { 1 0 10303 214 3 1 1 },1,0,1,26,True,text_audited_kernel_validation_pending
364,24861_c05860c8_0,train,02010828bd0c008a7e65d8e062529a1b0c420bb0258ab453ec73bed17d1d07d2,step/24861_c05860c8_0.stp,63314,4b7d3be4e9bc0f2f2a36a052bfd425c3a7130a3ef7dacaa1922654b34cf92fb1,unspecified,AUTOMOTIVE_DESIGN { 1 0 10303 214 3 1 1 },1,0,1,31,True,text_audited_kernel_validation_pending
365,133454_9bf93e51_0,train,0201a4f999f4f39b40f9d70591695f08b4314f72f2a2621de206f76ebacce9b9,step/133454_9bf93e51_0.stp,59529,2fb7245d88d9533bd60839e37e56606f80c4dd84ca0239d94b15455be235ff0d,unspecified,AUTOMOTIVE_DESIGN { 1 0 10303 214 3 1 1 },1,0,1,38,True,text_audited_kernel_validation_pending
366,34782_b461066c_21,train,02032fcf4e48b291bbdbd8e7587d0baf3477baecac9958c0263598272282c7ca,step/34782_b461066c_21.stp,387664,85c59a6483120e283cb0e59cc84d4397aa477ad4d95e70509ff60fc589966f09,unspecified,AUTOMOTIVE_DESIGN { 1 0 10303 214 3 1 1 },1,0,1,143,True,text_audited_kernel_validation_pending
367,22240_d2a6a35c_7,train,020492421d39b51bcfa47e69238f858c56b6b7e9ef436ec76ea2398d1015ec03,step/22240_d2a6a35c_7.stp,14166,73db1aa7dff253f1abdd88cb67937fc3a0da5620781bd2f56ff983c2cb6b1a4f,unspecified,AUTOMOTIVE_DESIGN { 1 0 10303 214 3 1 1 },1,0,1,8,True,text_audited_kernel_validation_pending
368,28084_0391fb15_1,train,0207a61a221212e336f4b9cc82a277d7d06e1da5964a4e6e0be0e6ff6a4b95bc,step/28084_0391fb15_1.stp,13754,464139d91006fe0699bef432442be5dbf70d0cf44320415ec9431c70999db712,unspecified,AUTOMOTIVE_DESIGN { 1 0 10303 214 3 1 1 },1,0,1,8,True,text_audited_kernel_validation_pending
369,115637_b4d41e8a_0,train,0208dc64f714bc3f78641717297796e4ab66fa24b7b4cb4a97b01ba015115487,step/115637_b4d41e8a_0.stp,57463,d8ebd5af9eb5083a3538b9080746ef17524b8285a801131e75cdc28f89527f0e,unspecified,AUTOMOTIVE_DESIGN { 1 0 10303 214 3 1 1 },1,0,1,32,True,text_audited_kernel_validation_pending
370,101281_b6883476_3,train,0209d73cf6547195eada58f925febfca167894917acd0c6a6997ec8dffbe56c3,step/101281_b6883476_3.stp,59791,d8f9c2e68713546ab9674dc6116a1304a4cfb051c48aa4d995293920e98f510e,unspecified,AUTOMOTIVE_DESIGN { 1 0 10303 214 3 1 1 },1,0,1,30,True,text_audited_kernel_validation_pending
371,61091_f7d8529d_0,train,021092510379538806c754ebe029eb83d3583c7e40045478b73ad9123ebeda36,step/61091_f7d8529d_0.stp,81261,d342f2ecf1e3d07bbe935e69ad30a6232fd68ecbc241f5dce2b2e50e7e2cda72,unspecified,AUTOMOTIVE_DESIGN { 1 0 10303 214 3 1 1 },1,0,1,36,True,text_audited_kernel_validation_pending
372,34917_61633e20_5,train,0212574842fd59c07d89efc100721abca16e40d15109699d8103afd1c288aec5,step/34917_61633e20_5.stp,11006,97dab46f1545239acd4bbee5930fbfeb66a0533ebd65e5a3d400b4d935c78418,unspecified,AUTOMOTIVE_DESIGN { 1 0 10303 214 3 1 1 },1,0,1,5,True,text_audited_kernel_validation_pending
373,31862_a89f21f9_1,train,0213a8ee27d8b8d3ed82186a3ecacc46fca5d508091dee733be9a94ea8b52454,step/31862_a89f21f9_1.stp,11351,ee824fee2aea5c712a1ecfc270e54e3465b386799ae0121141565dab3f7f7774,unspecified,AUTOMOTIVE_DESIGN { 1 0 10303 214 3 1 1 },1,0,1,6,True,text_audited_kernel_validation_pending
374,50717_f1aaa3b1_1,train,021407af6b659cc58959af24dc619716b911943d580a566c8b1e8ea843652566,step/50717_f1aaa3b1_1.stp,14928,35e0f9646cdccaa2999650c0ba78ba29f567d825f26dbe4c1258a10354a19cb3,unspecified,AUTOMOTIVE_DESIGN { 1 0 10303 214 3 1 1 },1,0,1,7,True,text_audited_kernel_validation_pending
375,23267_8ecbbb9e_0,train,02144267e175dee89154e4bd96e6c5cda94fa7c30f847cbf4beba150709760ca,step/23267_8ecbbb9e_0.stp,137616,09171bfce04b97f27feb2742b4ef826d7278d83f24bd40d2450154ff1cbf3e7d,unspecified,AUTOMOTIVE_DESIGN { 1 0 10303 214 3 1 1 },1,0,1,65,True,text_audited_kernel_validation_pending
376,140549_7d01813c_0,train,0214812cefc9f5b61d1049bcd6d39d8292c83a2aba0eecb203bafdad32a9e96b,step/140549_7d01813c_0.stp,11600,9403fc04568e32679bd00094d101dff791da3aea835d9d4d5a842c62ca42b906,unspecified,AUTOMOTIVE_DESIGN { 1 0 10303 214 3 1 1 },1,0,1,7,True,text_audited_kernel_validation_pending
377,29833_0ed4880f_1,train,02149ad28235d65bbf07c2a331d26e03ef7a9e0bdaa2235bcb815bb52e394a87,step/29833_0ed4880f_1.stp,20538,0b098dcd12f9e32e3ad6e554ecd39971c5c3f21318750650db800066114ea132,unspecified,AUTOMOTIVE_DESIGN { 1 0 10303 214 3 1 1 },1,0,1,11,True,text_audited_kernel_validation_pending
378,23954_a8c09819_12,train,0216d18b40fe539eaea92593dbcf3176b57bda9fddd2ffc4c65ea78b62a43c46,step/23954_a8c09819_12.stp,6340,0374cf348cf6d8759729a728f66faea92a3ff7e8f541959f30b0fd337c65ab1c,unspecified,AUTOMOTIVE_DESIGN { 1 0 10303 214 3 1 1 },1,0,1,3,True,text_audited_kernel_validation_pending
379,145691_69484976_9,train,0217a6ad1ebfdce307833d2fb35cc4a64d2c7e4ab5032966d207b6ca03285f9f,step/145691_69484976_9.stp,19041,4ba1313f551964fdff76aefde22b52e6c7f7013b9259a00c3fbb929bad9c48d4,unspecified,AUTOMOTIVE_DESIGN { 1 0 10303 214 3 1 1 },1,0,1,9,True,text_audited_kernel_validation_pending
380,24590_415f7013_2,train,021824a71c5fb26f06908b3c020d9a5aff121b5e11e6c5c324d07651b374565b,step/24590_415f7013_2.stp,62966,e856f1a82e1f6358cf9b1dd7efc6bea43e4c3a2ebbbc16032b92dd68ffe5b33f,unspecified,AUTOMOTIVE_DESIGN { 1 0 10303 214 3 1 1 },1,0,1,39,True,text_audited_kernel_validation_pending
381,25203_1cc0cb3c_4,train,021d6cb7a8d04e08f5a355812b7eba736bb77c0244f0a2a4775257f3bac74277,step/25203_1cc0cb3c_4.stp,41098,8930db9efcd0933f054290d14f43beef2cbe08af3487dc0d88e0440039dc2580,unspecified,AUTOMOTIVE_DESIGN { 1 0 10303 214 3 1 1 },1,0,1,21,True,text_audited_kernel_validation_pending
382,88235_86095bbb_11,train,02202e70f1afe27726bd8c1c1f49872f00dbe925c950ae367aee6be6192d2dfe,step/88235_86095bbb_11.stp,41500,f69533feb7335923f510318379f0c866e7ed926979b25112ba9f19fb77ca8119,unspecified,AUTOMOTIVE_DESIGN { 1 0 10303 214 3 1 1 },1,0,1,21,True,text_audited_kernel_validation_pending
383,30426_2cde26de_45,train,022090c9731466686c02027317dcc768fbca110b503cd0f68946ead29089587f,step/30426_2cde26de_45.stp,13357,eb25af54ae5cdd2d5ca932b4a44ccfd92f2fc01fa1cc2e614d00b09f56091275,unspecified,AUTOMOTIVE_DESIGN { 1 0 10303 214 3 1 1 },1,0,1,6,True,text_audited_kernel_validation_pending
384,29830_c8506b83_0,train,0220cc00215e927a9c06e33bd6cc9384f6c46017af74b326b4a333badb63fa78,step/29830_c8506b83_0.stp,20025,bd596794553110890038eec17cee75aff2456a8df58a448ed82422b4359d24b4,unspecified,AUTOMOTIVE_DESIGN { 1 0 10303 214 3 1 1 },1,0,1,10,True,text_audited_kernel_validation_pending
385,51109_97b211c3_9,train,0220ec7416dffe72125dcb669ebab7e8951951a3742fd5f17817f841246a41ee,step/51109_97b211c3_9.stp,48222,00b57ed0cb57cfc8b96cf82a61ca5373f2718f1456cee4361767d734d1ea0a68,unspecified,AUTOMOTIVE_DESIGN { 1 0 10303 214 3 1 1 },1,0,1,26,True,text_audited_kernel_validation_pending
386,104524_f829aab2_0,train,0220f9c07831c19027a70b2058e432def3f9a4aa6656d400da2ac4f202409d96,step/104524_f829aab2_0.stp,10425,565ac4096bdbdb70692efca7d3ce6822f977f010062ca568940aace9aeb3a812,unspecified,AUTOMOTIVE_DESIGN { 1 0 10303 214 3 1 1 },1,0,1,5,True,text_audited_kernel_validation_pending
387,38675_6e07d74b_3,train,02225371b418cfb933747cf22bc603ec8d9f156398d2fbd7170113d6baa7a783,step/38675_6e07d74b_3.stp,12046,f58df62c89634b75aa56c880e1c5036fe798ad05e63d39939c05d61f6d956d5d,unspecified,AUTOMOTIVE_DESIGN { 1 0 10303 214 3 1 1 },1,0,1,6,True,text_audited_kernel_validation_pending
388,51875_c30e2480_1,train,022440880cd67822d1bffcada1f5bd9e4d4648ef8381d58473f288abec568d34,step/51875_c30e2480_1.stp,18663,50c6db095e8dbf28066ab1024cfc187998b19cc689b4123beaf077c1ca216261,unspecified,AUTOMOTIVE_DESIGN { 1 0 10303 214 3 1 1 },1,0,1,11,True,text_audited_kernel_validation_pending
389,83267_62686476_2,train,0224b98137cd785b249b23767d88eb567dcdd97bc726c2a47d6dd79558e4bf9b,step/83267_62686476_2.stp,10000,aa2368115ed6f0515bac0889146271b6c304f3fbf7743bc2c14d0f436a97e40e,unspecified,AUTOMOTIVE_DESIGN { 1 0 10303 214 3 1 1 },1,0,1,5,True,text_audited_kernel_validation_pending
390,137400_2eef5921_0,train,0226e452dc4cc24f8382deeb939b971d9a5d69b41bcad49907eea3e4b07946c8,step/137400_2eef5921_0.stp,155929,fde8b112b1b41d78691975e028f752a456d339d65d9a68fc79501ab9031db433,unspecified,AUTOMOTIVE_DESIGN { 1 0 10303 214 3 1 1 },1,0,1,80,True,text_audited_kernel_validation_pending
391,60737_e4b1c57e_2,train,022d35dcb79f8b874f900f6d2de48ca9da47249cd25743abd89c7c91af988358,step/60737_e4b1c57e_2.stp,93804,60a893982e7dd80d4506f18b7e611ff16953f78063e1653762149f0793e277e4,unspecified,AUTOMOTIVE_DESIGN { 1 0 10303 214 3 1 1 },1,0,1,45,True,text_audited_kernel_validation_pending
392,67578_a806a2cf_1,train,022d3721d327c4a3dc9e4100805ec7d30f119806bbea88aeec08ab961056a826,step/67578_a806a2cf_1.stp,144043,867367ac7cc2c5765482ed0be4c0998b9bd68ba7ea6a2b807143b022ddcb1320,unspecified,AUTOMOTIVE_DESIGN { 1 0 10303 214 3 1 1 },1,0,1,67,True,text_audited_kernel_validation_pending
393,52027_790dbc09_4,train,022d50c22b5fc4e704e497bc2befed90f3e8dfa1d9a1c58631cdaed38a117446,step/52027_790dbc09_4.stp,261371,410ea7d7ca64d7166343c6d671d9e9b9c340142e9fbf9500c0e9c613f590b4c8,unspecified,AUTOMOTIVE_DESIGN { 1 0 10303 214 3 1 1 },1,0,1,45,True,text_audited_kernel_validation_pending
394,51606_b72fa3d6_23,train,022dea4d726ddd01a984bd8362449cf7309df2620ccd5b8ee97d0862b6c120f7,step/51606_b72fa3d6_23.stp,8988,af5acfc2668bae9f90ead7d535b5f1c8eb7e84d42384f9ab26ff6265b4db7656,unspecified,AUTOMOTIVE_DESIGN { 1 0 10303 214 3 1 1 },1,0,1,5,True,text_audited_kernel_validation_pending
395,52890_b9116073_10,train,02326fc4118a3fc61b3715dda6c393ef3ec66be7b81d1299f6e1c7b33b912bbb,step/52890_b9116073_10.stp,28427,7cbff34ec564ded4d52bf8d2dd7e4e29d8a0b0988876eb16b18a969ff682f29e,unspecified,AUTOMOTIVE_DESIGN { 1 0 10303 214 3 1 1 },1,0,1,14,True,text_audited_kernel_validation_pending
396,41902_108a7d9b_3,train,02357f0e610749734660f5fe017c6c64e70979d072cdbd62fdd2e04eb3c3000e,step/41902_108a7d9b_3.stp,33340,6513f4e970bd52a436c3971ba18a542746b97fb4ec1c8f5c697381eabeaa7578,unspecified,AUTOMOTIVE_DESIGN { 1 0 10303 214 3 1 1 },1,0,1,8,True,text_audited_kernel_validation_pending
397,127480_74b7071f_0,train,0236bc23378432cc835ef5c4da90a3af106fe14a6fcd50a6eb36d75c3f968515,step/127480_74b7071f_0.stp,35511,ba4cdc9db4119223a28be818184894797a25b94785d5063d465a24679e6d4752,unspecified,AUTOMOTIVE_DESIGN { 1 0 10303 214 3 1 1 },1,0,1,16,True,text_audited_kernel_validation_pending
398,24515_73a067c1_2,train,0237624801b030225ff14f44a73b77ece463159203a5a059b7e122c512bf8204,step/24515_73a067c1_2.stp,55641,0d160b42921aae37ed72a2d92b0fea1a3f90371b648b3c35038947cc3a594f84,unspecified,AUTOMOTIVE_DESIGN { 1 0 10303 214 3 1 1 },1,0,1,32,True,text_audited_kernel_validation_pending
399,101914_16d94052_0,train,0237d12b112bb6d702ab3df38b0e6d61b45c777543bdba5198195203740e8312,step/101914_16d94052_0.stp,43508,e1a62eac3cb07849cec42945c4429217e8a095f397306ac179b13ceb9d4e3329,unspecified,AUTOMOTIVE_DESIGN { 1 0 10303 214 3 1 1 },1,0,1,26,True,text_audited_kernel_validation_pending
400,100142_b2d7897a_5,train,0238b75275ca27dbb22dde916b64ebf631f9c893bb7681d3186e41a3b152d0eb,step/100142_b2d7897a_5.stp,17051,8c606d8fecdcc1e01921189713451d372510f1aba582d19769bf88b2f495e162,unspecified,AUTOMOTIVE_DESIGN { 1 0 10303 214 3 1 1 },1,0,1,8,True,text_audited_kernel_validation_pending
401,21240_f3652cd7_2,train,023b0f38912b375482cd6d4ad7c8a3ae82f5601399e6e871e98bc8dbd39d1ecd,step/21240_f3652cd7_2.stp,11827,6100cd0af0ecc1c3ca38c15afd91b4658f4d8e31d54a07b9fd34b9680b655d4b,unspecified,AUTOMOTIVE_DESIGN { 1 0 10303 214 3 1 1 },1,0,1,6,True,text_audited_kernel_validation_pending
402,25216_ff3bf7e2_10,train,023bf01820a8a867c9bebbd067e7697fc79d776e61fa92781e124924460da3d5,step/25216_ff3bf7e2_10.stp,9597,cd6ece80113ba54a6384e94aa4580be8fe116c86f029d52f93cc323c3d1fac2c,unspecified,AUTOMOTIVE_DESIGN { 1 0 10303 214 3 1 1 },1,0,1,4,True,text_audited_kernel_validation_pending
403,26395_53ccf21b_74,train,0241b55c036042224c66613b86bf0352cee1f368f25e371f0d4f7354a3ec5b8f,step/26395_53ccf21b_74.stp,54763,263c1e9c25703a6cd03676d83395d5273f84f462f1208a6ef3c1fb3d7a2ff409,unspecified,AUTOMOTIVE_DESIGN { 1 0 10303 214 3 1 1 },1,0,1,18,True,text_audited_kernel_validation_pending
404,131921_5eca1418_0,train,02423bf4661f943fcce6fede1f87977535fa517bf7432d70c09c4bbb229d78bf,step/131921_5eca1418_0.stp,50779,7502d58d6f433f646b0312cb84a936d058d6755116b022f0a00afd71874efb68,unspecified,AUTOMOTIVE_DESIGN { 1 0 10303 214 3 1 1 },1,0,1,25,True,text_audited_kernel_validation_pending
405,69038_c6eff267_0,train,02433b140916af9bacda2a730451e5ced394c52d4ae69ed018ac162fea9ece3b,step/69038_c6eff267_0.stp,63799,aa279c0fcb596edaab9b2dfbad710a180e3c59df44a7cfd1be951de04932ef90,unspecified,AUTOMOTIVE_DESIGN { 1 0 10303 214 3 1 1 },1,0,1,32,True,text_audited_kernel_validation_pending
406,34559_f1fca6ec_5,train,02438515cd5168e7f5093099abb2bc2376bef6f80bcb3393d3fc88814dd190cb,step/34559_f1fca6ec_5.stp,52992,786e814177f04cbc1dd656362a029ab84d256d83befb77f8ad6fb9de2725c11e,unspecified,AUTOMOTIVE_DESIGN { 1 0 10303 214 3 1 1 },1,0,1,4,True,text_audited_kernel_validation_pending
407,129507_2a8634d8_0,train,0245070973426f47ee5386de75e0fe06630f1b2827687e998f39a88237c94135,step/129507_2a8634d8_0.stp,44894,e779663abcf82011b7bb876e37a9c1f93d6ea4089ef4d898111cf0f2c47ddcc6,unspecified,AUTOMOTIVE_DESIGN { 1 0 10303 214 3 1 1 },1,0,1,25,True,text_audited_kernel_validation_pending
408,23393_d47067ad_137,train,024a4ccd376c732f22e7153374b9148664ad69c2d619f8342f985b11e4389e2d,step/23393_d47067ad_137.stp,44591,f8641d5dd008d7c52de428d2299827f0ed94bbb4cd2141405d68136c579baa88,unspecified,AUTOMOTIVE_DESIGN { 1 0 10303 214 3 1 1 },1,0,1,26,True,text_audited_kernel_validation_pending
409,48832_22363e53_54,train,024d0b935797e79a4df695d0419ed22623c3fd2d7fef5771abbe7d56332c2428,step/48832_22363e53_54.stp,17943,ae9e14f2d48e26b7411478d316fc4cd0564806ad87affd6f15a27744f0695bfa,unspecified,AUTOMOTIVE_DESIGN { 1 0 10303 214 3 1 1 },1,0,1,7,True,text_audited_kernel_validation_pending
410,23132_1847c4ef_4,train,024d2903cb4d8b5c89d0ec54f47bd65636d213cfdb1b1d37b36906245378e53b,step/23132_1847c4ef_4.stp,25366,7cd202b10b861dac2e725184672ae3b376a5fd18e8181a41149a0dc464512f5b,unspecified,AUTOMOTIVE_DESIGN { 1 0 10303 214 3 1 1 },1,0,1,12,True,text_audited_kernel_validation_pending
411,24032_d6172503_10,train,024db3a6296245d11c4d5ad80cadd47dff80712ef385f6dd8275ca7d1f528873,step/24032_d6172503_10.stp,31470,6e7017272fd8878af13f67fd8a51b46e9a958f71a72ff848814c70dbd329f457,unspecified,AUTOMOTIVE_DESIGN { 1 0 10303 214 3 1 1 },1,0,1,11,True,text_audited_kernel_validation_pending
412,35132_35c342c8_7,train,024dbccea0861b523f684295e86af2a5af2537ff2aa8e62e962b874892bda6c4,step/35132_35c342c8_7.stp,124406,ef9d510457888886e6d31b4b18f0f3612bb7afec7d1c999637b754827cd50455,unspecified,AUTOMOTIVE_DESIGN { 1 0 10303 214 3 1 1 },1,0,1,58,True,text_audited_kernel_validation_pending
413,100622_1c7038f5_7,train,024dd9413a765cc3dbdb182836f45cabb13ca39c2f62b537673da957f59933ed,step/100622_1c7038f5_7.stp,16638,6f8f80b39141ede7f87b698eb1bcbfd612a295a7a7f8d4429a3f8f3568b93f77,unspecified,AUTOMOTIVE_DESIGN { 1 0 10303 214 3 1 1 },1,0,1,9,True,text_audited_kernel_validation_pending
414,35586_6a432948_4,train,024dfbd9d8e87c2ab984c8e6c7aec87156febb72ba61a78103ece203ea597ef9,step/35586_6a432948_4.stp,39011,f0df4ea318bd53dc7ec61f561f1f7f0eeb8d6171df0371e32b2b7216382075e6,unspecified,AUTOMOTIVE_DESIGN { 1 0 10303 214 3 1 1 },1,0,1,23,True,text_audited_kernel_validation_pending
415,138307_bc448a6c_0,train,024edb6e183b075111fd1787a50c3723440379cbb8bc85f838ed83605b1a637b,step/138307_bc448a6c_0.stp,16995,660d80a8280842b976bfe91fdc67b0e4ef706f38340ae01298add72507f86a93,unspecified,AUTOMOTIVE_DESIGN { 1 0 10303 214 3 1 1 },1,0,1,6,True,text_audited_kernel_validation_pending
416,51024_b2fd60ca_3,train,0250dead7b7df4fddb86cdd99d443117fcc8f4cee56dcf154225a17d1a937443,step/51024_b2fd60ca_3.stp,26731,8140ab450e1ccda9cd219ffa775fedda231729bdffdedf2c19394430cc225951,unspecified,AUTOMOTIVE_DESIGN { 1 0 10303 214 3 1 1 },1,0,1,8,True,text_audited_kernel_validation_pending
417,136469_cc4c3e6b_2,train,0252464501d97065ec61abf5dc77be3b8b2335cbf4517347f3278263cf68afb1,step/136469_cc4c3e6b_2.stp,20010,e5822f4479f640228da0c6dcea360a04aba1415f0693df61f05a39e7503ef95a,unspecified,AUTOMOTIVE_DESIGN { 1 0 10303 214 3 1 1 },1,0,1,12,True,text_audited_kernel_validation_pending
418,33632_da973faa_2,train,02538ced267dbba2d9fa64aacad43eea8b24bb451256198995386a248978f760,step/33632_da973faa_2.stp,11675,10b372b94e3128e71d7c8ebb9c466bb549aaad9b0a53cc333c207fb4edbf3135,unspecified,AUTOMOTIVE_DESIGN { 1 0 10303 214 3 1 1 },1,0,1,6,True,text_audited_kernel_validation_pending
419,40487_62383461_4,train,02572f95b2d14993b3f6ef86d4c3ddbf9b35cf634677ba251f0350f4ef404cb0,step/40487_62383461_4.stp,20823,5d9447dd7ac2b9c24bb74ef740e4c87d25da9247a5184bfc098a68393f208ff9,unspecified,AUTOMOTIVE_DESIGN { 1 0 10303 214 3 1 1 },1,0,1,11,True,text_audited_kernel_validation_pending
420,104995_a625a7c5_45,train,025abdc10209c0531b44d51ac9ac856509f532f6b8b29c02b32d8cae892bfe4c,step/104995_a625a7c5_45.stp,140024,6b8d46d4d6e32eeb711fa1fd7ac40a8d3831d832e956e4c74c6de3683a6b73ea,unspecified,AUTOMOTIVE_DESIGN { 1 0 10303 214 3 1 1 },1,0,1,4,True,text_audited_kernel_validation_pending
421,72083_3ff9e2cf_7,train,025b155470f377734867a3481c3f1182755832e99a60390cac8305e926d075d4,step/72083_3ff9e2cf_7.stp,11871,8ecf01d7a6f63872c84c9f06990cf38fb0d79b405bfca98d1cb2be1c4470f3ea,unspecified,AUTOMOTIVE_DESIGN { 1 0 10303 214 3 1 1 },1,0,1,6,True,text_audited_kernel_validation_pending
422,134553_f9d63936_0,train,025c1daa1c1830dffaa7a644bd7456d62b6295114f10fd72ac001ec85329fef9,step/134553_f9d63936_0.stp,24826,46e46ffb22c5e023b1d41d14c83a5364999015304b3a3b473c744055089c6087,unspecified,AUTOMOTIVE_DESIGN { 1 0 10303 214 3 1 1 },1,0,1,12,True,text_audited_kernel_validation_pending
423,55915_4badf6b0_8,train,025fb2e7bca8b853e7337f069b4dabb06fda0c480d99b78b1e65b5ea3f92e4d6,step/55915_4badf6b0_8.stp,12506,28485ac2e58ee7cbeb5989f87de08e18391152af011dd527f2fbfce1ba74ae4b,unspecified,AUTOMOTIVE_DESIGN { 1 0 10303 214 3 1 1 },1,0,1,6,True,text_audited_kernel_validation_pending
424,34520_035b5e9a_1,train,02611fa303ca762470abab283f9401413c531e7b9bcbd38fba5fea046c145dbb,step/34520_035b5e9a_1.stp,16046,319cf9325765ef68ee2bde4141885eacb4731d5f65e4702f072144a8482c97cf,unspecified,AUTOMOTIVE_DESIGN { 1 0 10303 214 3 1 1 },1,0,1,10,True,text_audited_kernel_validation_pending
425,21779_b99623fc_1,train,0263cd6139bd2dbeed2df8696d8e7ecd2288d214ca36e916a7b33263cb5fc87d,step/21779_b99623fc_1.stp,10142,27291b84a8519a67181764e8a4f06ff2c7eeb9b438c815c7bd60860783c1e270,unspecified,AUTOMOTIVE_DESIGN { 1 0 10303 214 3 1 1 },1,0,1,5,True,text_audited_kernel_validation_pending
426,25456_9e34edbf_0,train,0264ef4fb4b5f750b95e02b42bcf6510fb65d6de49d682628352aecb9266104b,step/25456_9e34edbf_0.stp,5994,cb34b2bfd9fc36d3d295e223e71d1db647c4e6f5a7cdf2ca395d9f4d0e97628f,unspecified,AUTOMOTIVE_DESIGN { 1 0 10303 214 3 1 1 },1,0,1,3,True,text_audited_kernel_validation_pending
427,26942_279de65e_6,train,0265e20ab56e0bb85b4c67b9176ee25faef44884baa7f4446ddf7242bef5f648,step/26942_279de65e_6.stp,8375,5986069a09330601ab0bc99fdfbdaff8c92f89826d08da369ccde5839d845b0a,unspecified,AUTOMOTIVE_DESIGN { 1 0 10303 214 3 1 1 },1,0,1,4,True,text_audited_kernel_validation_pending
428,34910_6453f2c5_4,train,0267f61ab87a999a4694167982940df96dcf7d770ee032d71f571b53160c6a42,step/34910_6453f2c5_4.stp,12830,d91adbb5c4b586b05a4cbd7fcd7309d9304f21dfb676559c49e788b74d613b73,unspecified,AUTOMOTIVE_DESIGN { 1 0 10303 214 3 1 1 },1,0,1,6,True,text_audited_kernel_validation_pending
429,146717_3e6a84c1_5,train,026ee0d309de812ec3339a823cb75a9541f1f18dec87aacd7142b1a8f4d7b91b,step/146717_3e6a84c1_5.stp,27045,3b581e0f9657f817a24a29a6118469be2fa70e68b67995acff1339ba00f1ce49,unspecified,AUTOMOTIVE_DESIGN { 1 0 10303 214 3 1 1 },1,0,1,14,True,text_audited_kernel_validation_pending
430,146486_b590e0f6_0,train,0270dbf400428e1a86bfce7f331d67012e8c8cac280f01b7228925f436cd2ebb,step/146486_b590e0f6_0.stp,21209,8c58370c170974d45c7c6ad77ed99f0a5ffe74d44d1c456d7c42a5faeb6b3be4,unspecified,AUTOMOTIVE_DESIGN { 1 0 10303 214 3 1 1 },1,0,1,10,True,text_audited_kernel_validation_pending
431,86278_1e55d036_6,train,027473ee5e96c91f509ff8773664a0f6400a0fb5b57fb201ebbaab4b1d17b095,step/86278_1e55d036_6.stp,51695,9b953f10d82391e05a1906bb45bd9e78fcaeca4ad2181f71c6277eaa394466a6,unspecified,AUTOMOTIVE_DESIGN { 1 0 10303 214 3 1 1 },1,0,1,25,True,text_audited_kernel_validation_pending
432,99745_d53f3c55_0,train,0276489ab4f9a0326fa4c140f91ea00022b0c3f0ea98c34ee4dad2fde2886e2c,step/99745_d53f3c55_0.stp,954944,af5b43c863e92af00b25d0d384bb9731a3251167c36ae7737b70534f974245e7,unspecified,AUTOMOTIVE_DESIGN { 1 0 10303 214 3 1 1 },0,1,5,273,True,text_audited_kernel_validation_pending
433,131014_17cad022_7,train,0277615b7a026db99663d7b31c7397d582480a0f78206f38df154764c5dbb54e,step/131014_17cad022_7.stp,20355,c99f782491c6a32742f9bc169180a9c5cdf4081fe5d663c20960efff882e8e7c,unspecified,AUTOMOTIVE_DESIGN { 1 0 10303 214 3 1 1 },1,0,1,10,True,text_audited_kernel_validation_pending
434,48332_fb679f90_3,train,0279a81477412d392f94769967ad65e7ba503b19033e1bbd8be985625b95849b,step/48332_fb679f90_3.stp,82135,2cffc4909a1d1543a9b9de6a57d11489b31896b078c67dca2367eb55bd7aed1d,unspecified,AUTOMOTIVE_DESIGN { 1 0 10303 214 3 1 1 },1,0,1,29,True,text_audited_kernel_validation_pending
435,137090_3aac3aab_9,train,0279bb00d17743195be81cf4246541cc9e3ce6906dfdad54acfb4975938440a0,step/137090_3aac3aab_9.stp,34956,3b6ed4fbb2a8fe454dd33ecfb03bee170182467fca7de4c0dc9e3b36b9b1f11e,unspecified,AUTOMOTIVE_DESIGN { 1 0 10303 214 3 1 1 },1,0,1,19,True,text_audited_kernel_validation_pending
436,94176_0a6c42ab_1,train,027b8dda68e11cbc654922f94844742d9fc28b7cc01ad2243a7ec6f63ac4fc2c,step/94176_0a6c42ab_1.stp,115282,6847265837b9dccd9097078b4fd44bf4502ad670242860e86e85aebb2fbe1ee7,unspecified,AUTOMOTIVE_DESIGN { 1 0 10303 214 3 1 1 },1,0,1,36,True,text_audited_kernel_validation_pending
437,42021_2a7183d7_5,train,027d28a563429e56ce78a2f71b70d92a3e9503375a8064f6aba03637187e46c7,step/42021_2a7183d7_5.stp,28758,60c441fbdd6c3fb1fcc7ae7cbbed209397ead43c0c4721ea64752b51b925f7c5,unspecified,AUTOMOTIVE_DESIGN { 1 0 10303 214 3 1 1 },1,0,1,19,True,text_audited_kernel_validation_pending
438,89527_b3bf425d_1,train,027e36b6fded9d269b34a4cbab59131fd3e8df27f586bed409fcd08bb6b54ec6,step/89527_b3bf425d_1.stp,13467,a83adc3d881a780fed4ba21b70cbfa8499c7a0d9813e1a418b482418cc2eb330,unspecified,AUTOMOTIVE_DESIGN { 1 0 10303 214 3 1 1 },1,0,1,7,True,text_audited_kernel_validation_pending
439,52673_a7dea786_0,train,028146760e9f9a2f51be8c517e96d29472733c70fb48e0bb9fa9db230b65040e,step/52673_a7dea786_0.stp,38104,1a37bc64e861fb023f25136697761f2100f3368499679773e0a77c916af0c165,unspecified,AUTOMOTIVE_DESIGN { 1 0 10303 214 3 1 1 },1,0,1,22,True,text_audited_kernel_validation_pending
440,24942_9d1b2ff2_23,train,0282e1b696bb816cdeaa222feb0dde052d85e2e7c03fe58e037b72940f4cdce4,step/24942_9d1b2ff2_23.stp,10783,b4618b854fe15248a1b4f31344ff63cbd1843d4e11c8b63ea74860e658a23312,unspecified,AUTOMOTIVE_DESIGN { 1 0 10303 214 3 1 1 },1,0,1,6,True,text_audited_kernel_validation_pending
441,147402_596fe541_0,train,028441d3c10c90dc80626efaba2c3113fc416bb95f3eb0666b39ff15b7ab7c62,step/147402_596fe541_0.stp,52056,5dc991493f9d87e6bd7fb2658576ef8349f247e81429716c9093f6ad7eda7edf,unspecified,AUTOMOTIVE_DESIGN { 1 0 10303 214 3 1 1 },1,0,1,26,True,text_audited_kernel_validation_pending
442,88865_543bc9f7_1,train,02845a16e072887bd32dd8d5592083253fe8ba9b755be13cf30afc075a882920,step/88865_543bc9f7_1.stp,29601,a0c45b4a276df24990bc412d25b2fb896d6d3232eadde253616a209ff9fbc44b,unspecified,AUTOMOTIVE_DESIGN { 1 0 10303 214 3 1 1 },1,0,1,14,True,text_audited_kernel_validation_pending
443,145368_22c0103a_3,train,0284d00fd0ebe63a06173b7ee2e9f8ef38a713236caad906e4aaa64829db8610,step/145368_22c0103a_3.stp,18590,694c7f165d35f6822bd5e21f004eeb251cf581c86b21715955cc2a7e2df63d29,unspecified,AUTOMOTIVE_DESIGN { 1 0 10303 214 3 1 1 },1,0,1,9,True,text_audited_kernel_validation_pending
444,38840_0e449caf_6,train,0285312a0d7f214551cd67a67b7d0c9ef01e86562cd9655ad001c18aa2d7c124,step/38840_0e449caf_6.stp,11786,ed77d9b93f6e5855acdbf2331c29d342e2e83e274bd26e00383322c218892901,unspecified,AUTOMOTIVE_DESIGN { 1 0 10303 214 3 1 1 },1,0,1,6,True,text_audited_kernel_validation_pending
445,111498_1fd21fb9_12,train,0285f14518d4364371c1c1fdefe5350f5142afa2bfd71de415abb35296489aff,step/111498_1fd21fb9_12.stp,11909,7d384e0b60817833c35fbe59cd0821a76292fb0c1ab6cd570148fee470581760,unspecified,AUTOMOTIVE_DESIGN { 1 0 10303 214 3 1 1 },1,0,1,6,True,text_audited_kernel_validation_pending
446,82397_9df31ee8_1,train,0286222e676e9d3f06aef77241b5550b10fc7387b771e0783524a4752e6d09ec,step/82397_9df31ee8_1.stp,45881,36041865a77d032f6329e88f05973b066771306886428d2cb2ea70bab31461f8,unspecified,AUTOMOTIVE_DESIGN { 1 0 10303 214 3 1 1 },1,0,1,26,True,text_audited_kernel_validation_pending
447,40800_7fa2d7a5_0,train,02888afb1dfbe626aa6adf91ea10b69d3635c467f0df2fa055a42b6445e30a0e,step/40800_7fa2d7a5_0.stp,143675,68a9ea098e24d5e912287b913ce0a289d9f0ee5ad0c6f980a9f3baea223b2552,unspecified,AUTOMOTIVE_DESIGN { 1 0 10303 214 3 1 1 },1,0,1,76,True,text_audited_kernel_validation_pending
448,31856_2a5a4e32_9,train,028bba66fed9c1a64eba4a188029289323eec82b7566552c918a7cb1bd6a58ee,step/31856_2a5a4e32_9.stp,86412,18ea49dc19ef33503060b223b9732a2d3c2ba3343da3e8475045372a94f05d2b,unspecified,AUTOMOTIVE_DESIGN { 1 0 10303 214 3 1 1 },1,0,1,37,True,text_audited_kernel_validation_pending
449,50414_ac159b58_4,train,028e3061af7666bb4127ebe6a4dee8ece905dad88f2644f409178bfaa3ad2a01,step/50414_ac159b58_4.stp,8341,21395e46a85238f54a2073d7a652e5dba676a74b1e8243435d51f0d154d0ffd8,unspecified,AUTOMOTIVE_DESIGN { 1 0 10303 214 3 1 1 },1,0,1,4,True,text_audited_kernel_validation_pending
450,104283_e5646f96_15,train,028f334e68a4d8fe62d830f469de430401faf63b1d8b3f130e0c36070c45884d,step/104283_e5646f96_15.stp,16179,70bd4cf032bbafbcbb77f230e505e2fba59bcfb6b5e76d2c2947087b6d33b57c,unspecified,AUTOMOTIVE_DESIGN { 1 0 10303 214 3 1 1 },1,0,1,7,True,text_audited_kernel_validation_pending
451,54374_5c085a74_6,train,02915c055b44f8c9957c30da6d257d1bdc61a29dd41c5beefb41ef6252bc95e2,step/54374_5c085a74_6.stp,26488,07602c7340fe9808876865f91161c9ea3c073203f4d7fa9595a1283ee2818ade,unspecified,AUTOMOTIVE_DESIGN { 1 0 10303 214 3 1 1 },1,0,1,8,True,text_audited_kernel_validation_pending
452,126913_d253adb7_2,train,029224f06049148082cc29449dab94e4d559a11d0e2ca54b83308765ce2d342d,step/126913_d253adb7_2.stp,16783,6ff562f190843d3f7a5f2b5c13484f49ae1d025916402fae24daaa9ee39c555e,unspecified,AUTOMOTIVE_DESIGN { 1 0 10303 214 3 1 1 },1,0,1,9,True,text_audited_kernel_validation_pending
453,21649_3ef60555_16,train,02924308b13088441348b92d1e04d4bc587d70b1b0074e55d7110130f59ecb39,step/21649_3ef60555_16.stp,8564,80545f271d229766aa1c8a693f5c71307af0fdb8f1db35a40e7c530acabebcad,unspecified,AUTOMOTIVE_DESIGN { 1 0 10303 214 3 1 1 },1,0,1,4,True,text_audited_kernel_validation_pending
454,146399_0e4b73c4_13,train,02924beb5d7cca211c98f8ab69449c295f3aa7cde46df96b878d48fc35dc95a0,step/146399_0e4b73c4_13.stp,19383,c65d1ea156931f20c834ec0913cbef44f095d371f9961e04a9a20f23b1a53bed,unspecified,AUTOMOTIVE_DESIGN { 1 0 10303 214 3 1 1 },1,0,1,10,True,text_audited_kernel_validation_pending
455,117211_31585a38_2,train,029495c919da2517e86c753e0e48f47ea4780a128f44b3b92775abcc5a2e65ee,step/117211_31585a38_2.stp,110007,98a59730811c8929ad0c2fa0b8f21947c2d5cf55ecbcaca871d466d3c3103af0,unspecified,AUTOMOTIVE_DESIGN { 1 0 10303 214 3 1 1 },1,0,1,54,True,text_audited_kernel_validation_pending
456,22543_684108ff_2,train,029859de9ed2bc7a79107f9ecb5e811d3e82b075c1fbc685d9cca79ba59af631,step/22543_684108ff_2.stp,33008,5ac4db1a1bcfedca732c20a42b22a32d1a9708b60d21b5f6bcbf1306b34aa068,unspecified,AUTOMOTIVE_DESIGN { 1 0 10303 214 3 1 1 },1,0,1,21,True,text_audited_kernel_validation_pending
457,52785_14afff6d_3,train,029b281951e0839eb486fcec4f37572352704685ddd5044d1f07742b96475ee9,step/52785_14afff6d_3.stp,12753,30afe5cc7d1beb08ca33a42681f3bf7556583f3b52eaa8c38cccf63d5e54f1e3,unspecified,AUTOMOTIVE_DESIGN { 1 0 10303 214 3 1 1 },1,0,1,6,True,text_audited_kernel_validation_pending
458,115524_1035a76d_0,train,029cef56cec9e4604201175ede5237ef5803240a82c8a541540b710091071823,step/115524_1035a76d_0.stp,180233,fa66c8d381d461879be6b147494829bb15f94290c499acbee8fbc6eb52d4b2e2,unspecified,AUTOMOTIVE_DESIGN { 1 0 10303 214 3 1 1 },1,0,1,95,True,text_audited_kernel_validation_pending
459,29947_0f21f39e_5,train,029ff1d03cb93308fc37540782af419e7cfa272369d3992e964a87d5a9b7b6d8,step/29947_0f21f39e_5.stp,9275,51c8a878fbbe43d639d71945bfbce32df5b3b5152f75f73e49db3dd9166b34a8,unspecified,AUTOMOTIVE_DESIGN { 1 0 10303 214 3 1 1 },1,0,1,4,True,text_audited_kernel_validation_pending
460,31530_6744ae73_8,train,02a2c79cf083ffbeaed5194603dec8083221bfbcc92100487c4e76b1578904c9,step/31530_6744ae73_8.stp,6391,83375c8380f8e9c28645493cd6681c11fd9c62ee5e579e22688da3effef7af0d,unspecified,AUTOMOTIVE_DESIGN { 1 0 10303 214 3 1 1 },1,0,1,3,True,text_audited_kernel_validation_pending
461,43760_de6d12ff_0,train,02a578b8a1af8fac2b02f146ef341191933583c5eedd40738865d5d68484741c,step/43760_de6d12ff_0.stp,35041,6f7009826a895b7e15712e68b3c0d8d52557df44a36ff715160585d069440f08,unspecified,AUTOMOTIVE_DESIGN { 1 0 10303 214 3 1 1 },1,0,1,19,True,text_audited_kernel_validation_pending
462,60722_24ce76e0_9,train,02a6956843c695c628f985eb0ca5483cb3d5d3abf87b852ca44264c44baa11eb,step/60722_24ce76e0_9.stp,16983,861bf00b7a999b0595349c438fe05eb60aa8220d6b4bcc97d93fb74f8048d92c,unspecified,AUTOMOTIVE_DESIGN { 1 0 10303 214 3 1 1 },1,0,1,6,True,text_audited_kernel_validation_pending
463,143945_0594602a_6,train,02a9709739d0001f525cc0cc008f77a45c2c5deaa46660f44dbbe93d93bc54a6,step/143945_0594602a_6.stp,8001,feca6988371b901e3d201bf9e6d9f1992c32a08ad83283a655741133027aaf5b,unspecified,AUTOMOTIVE_DESIGN { 1 0 10303 214 3 1 1 },1,0,1,4,True,text_audited_kernel_validation_pending
464,100622_1c7038f5_6,train,02aa2666dddb93adcc9e2f9aae266047701439f021679a5e6789cbbee713f974,step/100622_1c7038f5_6.stp,12414,465247556d8f2790192c1f44203e61952a17c55f6e6a5c969ab38f16b54f8d4d,unspecified,AUTOMOTIVE_DESIGN { 1 0 10303 214 3 1 1 },1,0,1,7,True,text_audited_kernel_validation_pending
465,51018_7d2bc9bc_2,train,02ab1faae326324a8ab98a48325a385eb3f60844740cf5860b0c9d905a428642,step/51018_7d2bc9bc_2.stp,14197,e8757626ac8a5c7021bd42c545f284b2764d886da242bef69e7f085a22cc1261,unspecified,AUTOMOTIVE_DESIGN { 1 0 10303 214 3 1 1 },1,0,1,8,True,text_audited_kernel_validation_pending
466,21164_de08f61e_1,train,02ad87e53b90a792922696b6425cb8849bc28207f220ef4536a212ed7435f0c9,step/21164_de08f61e_1.stp,41658,51be2453e9c24243b0a7fd36a0691cb10d14279da54b40c694d34b5265a64fff,unspecified,AUTOMOTIVE_DESIGN { 1 0 10303 214 3 1 1 },1,0,1,20,True,text_audited_kernel_validation_pending
467,49218_e04c713b_73,train,02af31c143fac449b3bc9af2d2c33f2b4020a536d530958e4aca049dfd851151,step/49218_e04c713b_73.stp,305434,52e9effffa3c68b7bb99831ff919cd4cf0efa57558fa24b87bbdab4bfc5d3e02,unspecified,AUTOMOTIVE_DESIGN { 1 0 10303 214 3 1 1 },1,0,1,6,True,text_audited_kernel_validation_pending
468,22862_f5406bb0_0,train,02afbc4cb295a76f08f1572bf46ba30deca25365f411a2fc32d478953667a662,step/22862_f5406bb0_0.stp,6314,0e5b3f317795f3d0257521a56941f29dfdacb167e92df429d0dc7e20533d0912,unspecified,AUTOMOTIVE_DESIGN { 1 0 10303 214 3 1 1 },1,0,1,3,True,text_audited_kernel_validation_pending
469,21234_8b71bd47_7,train,02afde775a74f75219cfc2a2f84137612366874d05ce7dbbbfe6af3deada35b4,step/21234_8b71bd47_7.stp,45455,59ced76948a8637317d539c9ba42c278a5a8585bd16c56297efba2b109258dc7,unspecified,AUTOMOTIVE_DESIGN { 1 0 10303 214 3 1 1 },1,0,1,23,True,text_audited_kernel_validation_pending
470,70292_0a956492_7,train,02b27a2b9d8383f7fd29d54c2443a95779c20ac7bd528ad83faccbca56ed0d73,step/70292_0a956492_7.stp,61699,58056d076d37fe8d98099c741193a5ff9034a5710df4b5dfad466332e00ab756,unspecified,AUTOMOTIVE_DESIGN { 1 0 10303 214 3 1 1 },1,0,1,31,True,text_audited_kernel_validation_pending
471,57130_457641dc_0,train,02b2e5bb10a8cef614ee3400e97d6706a41fdf8512d14dc71c5000fef0e69be1,step/57130_457641dc_0.stp,62437,f4cbf72556354c35500d1ac6cdb22ba6b30d37c3b2b40366458911984f191fcf,unspecified,AUTOMOTIVE_DESIGN { 1 0 10303 214 3 1 1 },1,0,1,36,True,text_audited_kernel_validation_pending
472,118539_1dff9cf9_4,train,02b87dda5011249ae244c229dd158482dca9af6e8540994eacf87618e612bbd9,step/118539_1dff9cf9_4.stp,8427,fdcb14edd55a6a2fdea9c3deafb066de9ce53dbc3dabe74ba207f012f18c42e5,unspecified,AUTOMOTIVE_DESIGN { 1 0 10303 214 3 1 1 },1,0,1,4,True,text_audited_kernel_validation_pending
473,56489_241ed182_15,train,02b8b293ff15d3c5dce94d40d432f3a4507ab68da136993885b44e4b84ca71ef,step/56489_241ed182_15.stp,108928,02b9f5e0ed40737aa1cebf0638a533fe14bd7bdfd1b01c6c714862ac2044c29b,unspecified,AUTOMOTIVE_DESIGN { 1 0 10303 214 3 1 1 },1,0,1,62,True,text_audited_kernel_validation_pending
474,51444_59a06023_23,train,02bbad5fb345cfd3bbe848782e8815862d72777827cc3414b7910ba7da0b1d3c,step/51444_59a06023_23.stp,74164,43c66b93caf1aa749a4ed4976fc31d9b1acc4b2bc5d7caa13e6b353b4dd415e0,unspecified,AUTOMOTIVE_DESIGN { 1 0 10303 214 3 1 1 },1,0,1,24,True,text_audited_kernel_validation_pending
475,32322_71d0035e_2,train,02bd92a386a1c01fd4c52e23ed652f99a45c815353dfc9cdea7e7df3f5db8787,step/32322_71d0035e_2.stp,63080,f08a56f8f129629c0fc2f46892e719fbe18bdfca88f3e22661fe8d046d81ed4a,unspecified,AUTOMOTIVE_DESIGN { 1 0 10303 214 3 1 1 },1,0,1,32,True,text_audited_kernel_validation_pending
476,122500_e33660ad_19,train,02c395184978b6bb75fc2fe16fedafc3983f1749e32d287045a612cb7293ce33,step/122500_e33660ad_19.stp,163676,2bc02e21021ed3d43dc9c9fdb431e4c3af496b24b0af0bd9154bd246482fe7a2,unspecified,AUTOMOTIVE_DESIGN { 1 0 10303 214 3 1 1 },1,0,1,83,True,text_audited_kernel_validation_pending
477,77686_b1e8a0fa_5,train,02c5c404ff28950e98a34759ef09305dcd1ae0326a258d5c231ca14553a4dfcf,step/77686_b1e8a0fa_5.stp,8462,dc0d4f95be7d2bdedbe5fc7f993835c7352dbbbe8d5bece4b7710c588703cf1c,unspecified,AUTOMOTIVE_DESIGN { 1 0 10303 214 3 1 1 },1,0,1,4,True,text_audited_kernel_validation_pending
478,51674_a70c1c6c_15,train,02c8c283e964811ba7d52761419e6878eaf331bc2efde96fd74bf503b96cb7a4,step/51674_a70c1c6c_15.stp,17364,85a760b22c4f27324fb5f11938a54b6a51eb3e9101c1997e0667c0de0ca09b02,unspecified,AUTOMOTIVE_DESIGN { 1 0 10303 214 3 1 1 },1,0,1,8,True,text_audited_kernel_validation_pending
479,106815_f8df593a_0,train,02c900e4ad64a3b29dbf88faabe5e9e6a3498eb161a2a84a78398d5ffff1e4da,step/106815_f8df593a_0.stp,1743212,9fb0a0b65711d40c3b7cd28296c365eda359fc716d124815c049736e04ab5489,unspecified,AUTOMOTIVE_DESIGN { 1 0 10303 214 3 1 1 },1,0,1,530,True,text_audited_kernel_validation_pending
480,28213_40ba97c1_7,train,02c96c8d6bc9779b7b3bc774dc3d7743a51e8383b86de08e5622341c2d6d4a2b,step/28213_40ba97c1_7.stp,36704,552085e0b7c3a2543b1a4833b2a51e6cfaa541eb12293283c2f64e14a575a2ab,unspecified,AUTOMOTIVE_DESIGN { 1 0 10303 214 3 1 1 },1,0,1,19,True,text_audited_kernel_validation_pending
481,24869_5c729cf1_5,train,02c9e62e223b537cfcc8c427049ce7f7ec1f67cd6fbde90d375a329203f22245,step/24869_5c729cf1_5.stp,28063,2026e57b43c9856035a4719a20a3fb8a61b9575abffeb98477f0af0be9d94df1,unspecified,AUTOMOTIVE_DESIGN { 1 0 10303 214 3 1 1 },1,0,1,15,True,text_audited_kernel_validation_pending
482,64017_a1afb6aa_0,train,02ca75bdfa9c67bed8133dcf21e57023c21ef9c65eb2abb8ce3d84263dc80cde,step/64017_a1afb6aa_0.stp,31924,0d8765a1b8b5ca1cb9ea123245bd6851b7e68edfb65812e4de25502575408234,unspecified,AUTOMOTIVE_DESIGN { 1 0 10303 214 3 1 1 },1,0,1,15,True,text_audited_kernel_validation_pending
483,24012_097cf980_0,train,02cb4f8b12b7234b7bf2b0b2dc8c6ca0723ca05dad80d350c444cd66bb6ffc69,step/24012_097cf980_0.stp,85726,39cf5c15e07b33bc70ec330d334fedcf00ed2b37d8a97a2ad692b168c2e31894,unspecified,AUTOMOTIVE_DESIGN { 1 0 10303 214 3 1 1 },1,0,1,31,True,text_audited_kernel_validation_pending
484,85617_4879c1a8_2,train,02cc7df44de05d606092598f88fc37de71ca57d3f6c73dbd0b67330af1353985,step/85617_4879c1a8_2.stp,89465,a2479fd3749abbcfb4caad1e2da3b13daef508c144c854f996307f4a39af6b8a,unspecified,AUTOMOTIVE_DESIGN { 1 0 10303 214 3 1 1 },1,0,1,13,True,text_audited_kernel_validation_pending
485,21330_f0cee934_48,train,02ccc974d07d7d3cc01cee80db9ebd2b34d927f6d4da78847e30e0d4813df54a,step/21330_f0cee934_48.stp,63294,3a7ab5057ba7bde3be33c269347d2e1cf1c86b66d1a34f6c30b75bb9ffebae24,unspecified,AUTOMOTIVE_DESIGN { 1 0 10303 214 3 1 1 },1,0,1,34,True,text_audited_kernel_validation_pending
486,44519_90af0df6_14,train,02cd81608433a12462f80ffaa6c33da1dad61fc6bb2e6fd98cfb511e070b9e3b,step/44519_90af0df6_14.stp,6367,151e0964380a233e7fb2931c67efa0276852361866ee3d375916d1785a306529,unspecified,AUTOMOTIVE_DESIGN { 1 0 10303 214 3 1 1 },1,0,1,3,True,text_audited_kernel_validation_pending
487,50417_199cffee_13,train,02cf66479870db9407a992bd61ba3d3c3afecf0886773c27008724e552bdd1b2,step/50417_199cffee_13.stp,11948,93960cc86a902978980ec42ade76c16f1c38a0622dcc6163ca847a3def437ba8,unspecified,AUTOMOTIVE_DESIGN { 1 0 10303 214 3 1 1 },1,0,1,6,True,text_audited_kernel_validation_pending
488,123672_2e3fb108_3,train,02d07f1ec0730fbf0d48678fa3d6a384c4da71319229909d8a5e8cb13e63abc9,step/123672_2e3fb108_3.stp,94436,ca9598497e83618587b1ef9258c1e8a92498bfaff2b7046a01896134ce04623c,unspecified,AUTOMOTIVE_DESIGN { 1 0 10303 214 3 1 1 },1,0,1,51,True,text_audited_kernel_validation_pending
489,21993_a81c7f20_6,train,02d08d9648acd3150f807c65bff9300e26864e00dbc827b0911335563f148a31,step/21993_a81c7f20_6.stp,17609,1a98df3655794ace5f3b8475d803ae870645ef3e434b3fe27e80d3a19e62562b,unspecified,AUTOMOTIVE_DESIGN { 1 0 10303 214 3 1 1 },1,0,1,9,True,text_audited_kernel_validation_pending
490,44505_0ef9a934_1,train,02d2bc0b89a4e6e5d701d32617cf1fca7bedc44a5ad995a811e6c72fd53a4831,step/44505_0ef9a934_1.stp,160001,6eec34727af6a49357dabf5fe38e9af22ce1bf3dbfc1b49fba9e6e5282d2be8c,unspecified,AUTOMOTIVE_DESIGN { 1 0 10303 214 3 1 1 },1,0,1,34,True,text_audited_kernel_validation_pending
491,51459_874dd272_5,train,02d389e26f22658ab9c19ea79901e9a08994fdf0b350dcbcb286254992da6995,step/51459_874dd272_5.stp,112225,be3b7a7a25ac89972d6951c614f224323b74c45b936e678f4193b8c5f8012359,unspecified,AUTOMOTIVE_DESIGN { 1 0 10303 214 3 1 1 },1,0,1,31,True,text_audited_kernel_validation_pending
492,23035_6087bb57_6,train,02d69d5b8403371c254e93260e225f2b0f2851143a786eeb63ca108583c29004,step/23035_6087bb57_6.stp,18447,49137a1ecb32f42736873abfeedbd803202e26b2cd712c01134c02c772d9814f,unspecified,AUTOMOTIVE_DESIGN { 1 0 10303 214 3 1 1 },1,0,1,10,True,text_audited_kernel_validation_pending
493,52449_3da8c6e5_8,train,02d79766e5b42008257e963e2cbc447342a8279280b1050ee5c1a4075400b5b0,step/52449_3da8c6e5_8.stp,12545,3cd60c02e3678538abe7545fac34d9f1539e551ff14ae202635352613bec6e31,unspecified,AUTOMOTIVE_DESIGN { 1 0 10303 214 3 1 1 },1,0,1,6,True,text_audited_kernel_validation_pending
494,121172_0ac63503_6,train,02d9671447ce91b799eb6dbf6243de8cc5e7c217bed4d33b2949d4827925b1c3,step/121172_0ac63503_6.stp,10971,3f27962255f5c964e335398d8a54d50722e4e8dde71aa9bc09e61d2143cd2583,unspecified,AUTOMOTIVE_DESIGN { 1 0 10303 214 3 1 1 },1,0,1,6,True,text_audited_kernel_validation_pending
495,23179_729dc326_0,train,02de5ae83b7b240a955c31423e64952f33018f07ce64ce46c792b4c2eedc6c9c,step/23179_729dc326_0.stp,36602,de91b8070ea5c8200bc72ba6c7e43ed168ca4a2b5a10ce58984f9249dd31f2ab,unspecified,AUTOMOTIVE_DESIGN { 1 0 10303 214 3 1 1 },1,0,1,21,True,text_audited_kernel_validation_pending
496,32743_f4c47bbc_12,train,02e0c73291ad27fd3ab0628cca23a597439740f68eb1a54f7f99dbb626570e61,step/32743_f4c47bbc_12.stp,12404,b91fe6eee0e5bcaef109c2d860a891f4f85de753182c5d665c3bace8569a9a90,unspecified,AUTOMOTIVE_DESIGN { 1 0 10303 214 3 1 1 },1,0,1,6,True,text_audited_kernel_validation_pending
497,40061_d07e8764_0,train,02e1cdd91e005997f286c8be24328d48edfb52516467530283771518c06c8018,step/40061_d07e8764_0.stp,16794,221e327f7d5d497a0ea943cf6facfefb864e27fc33a62040a4196bf192df6152,unspecified,AUTOMOTIVE_DESIGN { 1 0 10303 214 3 1 1 },1,0,1,8,True,text_audited_kernel_validation_pending
498,139416_446bba1a_16,train,02e2bbc03b9ab02665a9b0e0102d7dd1c644bf4fdcd9aca1ac19f4579e8a52bf,step/139416_446bba1a_16.stp,11844,5f7c1864c2d91e7df67c1e48da7aa1604daf480c1f9fe81cf387df9fc76a5040,unspecified,AUTOMOTIVE_DESIGN { 1 0 10303 214 3 1 1 },1,0,1,6,True,text_audited_kernel_validation_pending
499,55715_525d1d3e_16,train,02e320f1d60cbd4c9a7ca3443c4df0c5637dfbdd3ceab7bb35b1904d1442de73,step/55715_525d1d3e_16.stp,20543,b27e4feb09c1aa35b9bac1bf5241e2d9401c432fd76b037c321079efa6dedcee,unspecified,AUTOMOTIVE_DESIGN { 1 0 10303 214 3 1 1 },1,0,1,10,True,text_audited_kernel_validation_pending
500,145603_0980a872_0,train,02edf6aac94f5be1c066875b3b9e68d5e51a01a0d78490f12eac2f0b6db65ef1,step/145603_0980a872_0.stp,9311,cd1df07983434489326d61ce150f6a8012b803100222150141a75b8b417bc3bb,unspecified,AUTOMOTIVE_DESIGN { 1 0 10303 214 3 1 1 },1,0,1,5,True,text_audited_kernel_validation_pending
