corpus_id,source_group,model_name,official_split,runner_status,exit_code,tool_ok,shape_valid,solid_subset_valid,solids,shells,faces,open_shells,all_shells_closed,positive_solids,nonpositive_solids,all_solids_positive,brep_signed_volume,mesh_vertices,mesh_triangles,mesh_boundary_edges,mesh_nonmanifold_edges,mesh_components,mesh_watertight,mesh_positive_signed_volume,dual_contouring_candidate,rejection_reason,elapsed_seconds,expected_sha256,observed_sha256,input_path
C01,3D ContentCentral,Nomo UCF3 flange bearing housing,,completed,0,True,True,True,2,2,51,0,True,2,0,True,200934.3071849523,1324,2664,0,0,2,True,True,True,admitted,0.075461666,833ae43ae70cb426dfa0b31f73a9c6115a167339c1188842ff17d0c693abb8e8,833ae43ae70cb426dfa0b31f73a9c6115a167339c1188842ff17d0c693abb8e8,${GRADIENT_QEF_CAD_ROOT}/3DContentCentral/C01_UCF_305/C01_UCF_305_AP203.step
C02,3D ContentCentral,item Angle Bracket,,completed,0,True,True,True,3,3,45,0,True,3,0,True,47051.68796759643,535,1066,0,0,3,True,True,True,admitted,0.121653791,cec3150c76e253c18d359966b2b1c164f4a5def3df507a1e74d1c83541a1c8a0,cec3150c76e253c18d359966b2b1c164f4a5def3df507a1e74d1c83541a1c8a0,${GRADIENT_QEF_CAD_ROOT}/3DContentCentral/C02_Angle_Bracket_0_0_003_20/C02_Angle_Bracket_0_0_003_20_AP203.step
C03,3D ContentCentral,SOLIDWORKS Part Reviewer Mounting Bracket,,completed,0,True,True,True,1,1,197,0,True,1,0,True,80542.66422932189,1412,2868,0,0,1,True,True,True,admitted,0.206277875,7fac346b2bc22b12adcb0136e8dcc9ad89adaceac8b81757948dbd94a40a73c2,7fac346b2bc22b12adcb0136e8dcc9ad89adaceac8b81757948dbd94a40a73c2,${GRADIENT_QEF_CAD_ROOT}/3DContentCentral/C03_Moderate_Mounting_Bracket/C03_Moderate_Mounting_Bracket_AP214.step
C04,3D ContentCentral,VSI 2.5-inch S7215 2-Way Ball Valve,,completed,0,True,True,True,1,2,1317,0,True,1,0,True,2052587.5263569234,62203,124558,0,0,2,True,True,True,admitted,24.69718275,ecc920585562b59885a0fcabbd3a87eaadb9cbcc1ec379fd2e4c35922b47c38a,ecc920585562b59885a0fcabbd3a87eaadb9cbcc1ec379fd2e4c35922b47c38a,${GRADIENT_QEF_CAD_ROOT}/3DContentCentral/C04_S7215_2_5/C04_S7215_2_5_AP214.step
D01,3Dfindit,SKF FNL flanged housing,,completed,0,True,True,True,5,5,308,0,True,5,0,True,160514.74456515268,7646,15470,0,97,4,True,True,False,mesh_nonmanifold,0.701925042,16b9104ab339c2ea8e0564485711ce43526b8445b17a9f6d9b15ce7ada7801ed,16b9104ab339c2ea8e0564485711ce43526b8445b17a9f6d9b15ce7ada7801ed,${GRADIENT_QEF_CAD_ROOT}/3Dfindit/D01_SKF_FNL_505_A/D01_SKF_FNL_505_A_AP242.stp
D02,3Dfindit,norelem fixed bearing flange unit,,completed,0,True,True,True,1,1,98,0,True,1,0,True,29370.5253744438,3348,6712,0,0,1,True,True,True,admitted,0.104759417,f217fcdc3d8d3b78b82e7a62bb2b224c30a0baef71652488129b1a1694c0517a,f217fcdc3d8d3b78b82e7a62bb2b224c30a0baef71652488129b1a1694c0517a,${GRADIENT_QEF_CAD_ROOT}/3Dfindit/D02_24080-010/D02_24080-010_AP242.stp
D03,3Dfindit,Two-way ball valve square flange,,completed,0,True,True,True,2,2,458,0,True,2,0,True,453664.83692637226,9837,20542,0,1094,1,True,True,False,mesh_nonmanifold,0.900835542,e7881a338b650e50f1f490f59a585cabc3da0182aaba429a0715163f87d31873,e7881a338b650e50f1f490f59a585cabc3da0182aaba429a0715163f87d31873,${GRADIENT_QEF_CAD_ROOT}/3Dfindit/D03_BENE_INOX_664376-40/D03_BENE_INOX_664376-40_OPEN_AP242.stp
D04,3Dfindit,Buerkert 2-2-way servo-assisted solenoid valve,,completed,0,True,True,True,3,3,341,0,True,3,0,True,118918.92930442459,3645,7394,0,92,2,True,True,False,mesh_nonmanifold,0.530228,e0b09ddc264a87a1f12875944e884f84dfa5066d34ab65c569c4a80b995a7bb6,e0b09ddc264a87a1f12875944e884f84dfa5066d34ab65c569c4a80b995a7bb6,${GRADIENT_QEF_CAD_ROOT}/3Dfindit/D04_BUERKERT_6281_270852/D04_BUERKERT_6281_270852_AP242.stp
F001,Fusion360Gallery,21225_c081eae3_21,test,completed,0,True,True,True,1,1,4,0,True,1,0,True,235.61944901923448,204,408,0,0,1,True,True,True,admitted,0.007348166,f60c34d3a041bd1ed2077920288bb958d0cf7aa803de02df4bd060bace8308fa,f60c34d3a041bd1ed2077920288bb958d0cf7aa803de02df4bd060bace8308fa,${GRADIENT_QEF_CAD_ROOT}/Fusion360Gallery/s2.0.1_extended_step/sample_500/step/21225_c081eae3_21.stp
F002,Fusion360Gallery,24650_dad8c8ee_9,test,completed,0,True,True,True,1,1,3,0,True,1,0,True,62.83185307179586,72,140,0,0,1,True,True,True,admitted,0.005252708,697510ca2db6ea6daf4feb7a944ad7e72ad249d7879d0ffbb1c1b473743cbc87,697510ca2db6ea6daf4feb7a944ad7e72ad249d7879d0ffbb1c1b473743cbc87,${GRADIENT_QEF_CAD_ROOT}/Fusion360Gallery/s2.0.1_extended_step/sample_500/step/24650_dad8c8ee_9.stp
F003,Fusion360Gallery,78606_53ee0da2_1,test,completed,0,True,True,True,1,1,4,0,True,1,0,True,1057.883240494521,162,324,0,0,1,True,True,True,admitted,0.006776166,1f919b78ecdab13b789777b4323a03eb8ec4d2178d5668a34731d8a0e16f8670,1f919b78ecdab13b789777b4323a03eb8ec4d2178d5668a34731d8a0e16f8670,${GRADIENT_QEF_CAD_ROOT}/Fusion360Gallery/s2.0.1_extended_step/sample_500/step/78606_53ee0da2_1.stp
F004,Fusion360Gallery,38287_88ec74de_86,test,completed,0,True,True,True,1,1,4,0,True,1,0,True,295.2393440604394,148,296,0,0,1,True,True,True,admitted,0.007201708,18061ef876861f9b75f09cf1290f8dfb432592fe22a473f16e70892a693f6777,18061ef876861f9b75f09cf1290f8dfb432592fe22a473f16e70892a693f6777,${GRADIENT_QEF_CAD_ROOT}/Fusion360Gallery/s2.0.1_extended_step/sample_500/step/38287_88ec74de_86.stp
F005,Fusion360Gallery,40524_7b7ca640_8,test,completed,0,True,True,True,1,1,3,0,True,1,0,True,2887.57756781861,1684,3364,0,0,1,True,True,True,admitted,0.045288708,9bfa5d5e2925ce7a6da7e1104073b899d2fce41317ed1c0072a6ff2f12b6cc19,9bfa5d5e2925ce7a6da7e1104073b899d2fce41317ed1c0072a6ff2f12b6cc19,${GRADIENT_QEF_CAD_ROOT}/Fusion360Gallery/s2.0.1_extended_step/sample_500/step/40524_7b7ca640_8.stp
F006,Fusion360Gallery,23685_4e489619_4,test,completed,0,True,True,True,1,1,36,0,True,1,0,True,85.27616192890802,977,1962,0,0,1,True,True,True,admitted,0.069184625,a414cd427573d214ea25fe008f556a4b59aa9a93fac2fa7a83322b83405e4194,a414cd427573d214ea25fe008f556a4b59aa9a93fac2fa7a83322b83405e4194,${GRADIENT_QEF_CAD_ROOT}/Fusion360Gallery/s2.0.1_extended_step/sample_500/step/23685_4e489619_4.stp
F007,Fusion360Gallery,125152_65ed33fd_17,test,completed,0,True,True,True,1,1,22,0,True,1,0,True,220.22078981673687,1493,2982,0,0,1,True,True,True,admitted,0.058592041,413e34f6a4c57028991e2094d876c2edc78fe6367d6e56ec2b3005c85e4083b3,413e34f6a4c57028991e2094d876c2edc78fe6367d6e56ec2b3005c85e4083b3,${GRADIENT_QEF_CAD_ROOT}/Fusion360Gallery/s2.0.1_extended_step/sample_500/step/125152_65ed33fd_17.stp
F008,Fusion360Gallery,23035_6087bb57_5,test,completed,0,True,True,True,1,1,6,0,True,1,0,True,146.60009504737974,8,12,0,0,1,True,True,True,admitted,0.0076655,cee738b364a57436bbdf97ceff923fb734fa5d99ab82a00a11ff4a4d2fcd4cdf,cee738b364a57436bbdf97ceff923fb734fa5d99ab82a00a11ff4a4d2fcd4cdf,${GRADIENT_QEF_CAD_ROOT}/Fusion360Gallery/s2.0.1_extended_step/sample_500/step/23035_6087bb57_5.stp
F009,Fusion360Gallery,24890_5f8a67df_14,test,completed,0,True,True,True,1,1,5,0,True,1,0,True,102.11468534192772,344,688,0,0,1,True,True,True,admitted,0.008740625,c87b44318161a140a30e6340df8c6fc929b2ad0771103e00750241175916651b,c87b44318161a140a30e6340df8c6fc929b2ad0771103e00750241175916651b,${GRADIENT_QEF_CAD_ROOT}/Fusion360Gallery/s2.0.1_extended_step/sample_500/step/24890_5f8a67df_14.stp
F010,Fusion360Gallery,131656_7da36cb9_0,test,completed,0,True,True,True,1,1,17,0,True,1,0,True,2611.0633003927323,94,184,0,0,1,True,True,True,admitted,0.017169291,6bc70a7933cae0a2ff1b6ecfba3c414b181b4a1aa0742d18a7cea0d6bde5b7c0,6bc70a7933cae0a2ff1b6ecfba3c414b181b4a1aa0742d18a7cea0d6bde5b7c0,${GRADIENT_QEF_CAD_ROOT}/Fusion360Gallery/s2.0.1_extended_step/sample_500/step/131656_7da36cb9_0.stp
F011,Fusion360Gallery,119787_9a55dfa9_11,test,completed,0,True,True,True,1,1,6,0,True,1,0,True,699.9999999999999,8,12,0,0,1,True,True,True,admitted,0.008091125,45fed1476f09dda54a772fa22c9b7e3fbc320581da2a48fcbb23c7c400d0775d,45fed1476f09dda54a772fa22c9b7e3fbc320581da2a48fcbb23c7c400d0775d,${GRADIENT_QEF_CAD_ROOT}/Fusion360Gallery/s2.0.1_extended_step/sample_500/step/119787_9a55dfa9_11.stp
F012,Fusion360Gallery,22670_9353c710_3,test,completed,0,True,True,True,1,1,20,0,True,1,0,True,75.49813702322284,440,884,0,0,1,True,True,True,admitted,0.02096725,b796eb9130e42545f45a37d87bbff288b4c9c077bc566bb1ed70b958f5316a13,b796eb9130e42545f45a37d87bbff288b4c9c077bc566bb1ed70b958f5316a13,${GRADIENT_QEF_CAD_ROOT}/Fusion360Gallery/s2.0.1_extended_step/sample_500/step/22670_9353c710_3.stp
F013,Fusion360Gallery,32960_0eaa1de8_9,test,completed,0,True,True,True,1,1,8,0,True,1,0,True,87.59536566119631,60,116,0,0,1,True,True,True,admitted,0.011206458,5c53cc342b4126000e14e4cf111d5a602636f17d8796a3fbe3dfae7ab83166a8,5c53cc342b4126000e14e4cf111d5a602636f17d8796a3fbe3dfae7ab83166a8,${GRADIENT_QEF_CAD_ROOT}/Fusion360Gallery/s2.0.1_extended_step/sample_500/step/32960_0eaa1de8_9.stp
F014,Fusion360Gallery,34782_b461066c_3,test,completed,0,True,True,True,1,1,6,0,True,1,0,True,79.9397989571182,186,368,0,0,1,True,True,True,admitted,0.01909675,59b4fb55c96e621d9fa5e8f3bac49612ca5f439f7f7c298f72c1ec05bc36fb55,59b4fb55c96e621d9fa5e8f3bac49612ca5f439f7f7c298f72c1ec05bc36fb55,${GRADIENT_QEF_CAD_ROOT}/Fusion360Gallery/s2.0.1_extended_step/sample_500/step/34782_b461066c_3.stp
F015,Fusion360Gallery,137166_90691294_15,test,completed,0,True,True,True,1,1,10,0,True,1,0,True,318.38733144016805,16,28,0,0,1,True,True,True,admitted,0.012640042,ce18f0f11d4945da5c83bd55a6c3104836e03a7df18c8191742d4e886f82ff1b,ce18f0f11d4945da5c83bd55a6c3104836e03a7df18c8191742d4e886f82ff1b,${GRADIENT_QEF_CAD_ROOT}/Fusion360Gallery/s2.0.1_extended_step/sample_500/step/137166_90691294_15.stp
F016,Fusion360Gallery,21852_6cf9a734_3,test,completed,0,True,True,True,1,1,25,0,True,1,0,True,814.0484504045208,1149,2314,0,0,1,True,True,True,admitted,0.02666775,4a9d0258e82cb49b3744cef5dc9d89c787412225debdfdfcae18b1d2212cfccc,4a9d0258e82cb49b3744cef5dc9d89c787412225debdfdfcae18b1d2212cfccc,${GRADIENT_QEF_CAD_ROOT}/Fusion360Gallery/s2.0.1_extended_step/sample_500/step/21852_6cf9a734_3.stp
F017,Fusion360Gallery,145530_0a838de7_5,test,completed,0,True,True,True,1,1,297,0,True,1,0,True,621.3032367699531,1585,3250,0,0,1,True,True,True,admitted,0.628541666,d6c53bf03531c0d194d8a77fffbd80a8bc7917e2b8b6327ef07cec5d4e03059d,d6c53bf03531c0d194d8a77fffbd80a8bc7917e2b8b6327ef07cec5d4e03059d,${GRADIENT_QEF_CAD_ROOT}/Fusion360Gallery/s2.0.1_extended_step/sample_500/step/145530_0a838de7_5.stp
F018,Fusion360Gallery,21242_6c2af7c2_5,test,completed,0,True,True,True,1,1,5,0,True,1,0,True,3118.1869813938542,417,834,0,0,1,True,True,True,admitted,0.038041833,163a1b9f764618ac96ec2c661901a7a3ca4ffbe5da494f162be6f7122ef91786,163a1b9f764618ac96ec2c661901a7a3ca4ffbe5da494f162be6f7122ef91786,${GRADIENT_QEF_CAD_ROOT}/Fusion360Gallery/s2.0.1_extended_step/sample_500/step/21242_6c2af7c2_5.stp
F019,Fusion360Gallery,32220_1fd19c5e_36,test,completed,0,True,True,True,1,1,14,0,True,1,0,True,252.87205178581954,24,44,0,0,1,True,True,True,admitted,0.018221458,8b9e095195a56ab343806c00a53b7ab15da3bea4288d9f7bc19210f4edf151c8,8b9e095195a56ab343806c00a53b7ab15da3bea4288d9f7bc19210f4edf151c8,${GRADIENT_QEF_CAD_ROOT}/Fusion360Gallery/s2.0.1_extended_step/sample_500/step/32220_1fd19c5e_36.stp
F020,Fusion360Gallery,123094_af46c5e1_20,test,completed,0,True,True,True,1,1,6,0,True,1,0,True,97.04253260484498,194,384,0,0,1,True,True,True,admitted,0.008826958,8874159645ea83ee1720ae977d490d0f0294fbd9225a9582176de332c918f45c,8874159645ea83ee1720ae977d490d0f0294fbd9225a9582176de332c918f45c,${GRADIENT_QEF_CAD_ROOT}/Fusion360Gallery/s2.0.1_extended_step/sample_500/step/123094_af46c5e1_20.stp
F021,Fusion360Gallery,138423_553700e1_4,test,completed,0,True,True,True,1,1,8,0,True,1,0,True,100.3079814726563,841,1678,0,0,1,True,True,True,admitted,0.033715041,7bbecf0038588b4d73e640497fa39720d196a678f6f32cef4a5e79ecfa9b420b,7bbecf0038588b4d73e640497fa39720d196a678f6f32cef4a5e79ecfa9b420b,${GRADIENT_QEF_CAD_ROOT}/Fusion360Gallery/s2.0.1_extended_step/sample_500/step/138423_553700e1_4.stp
F022,Fusion360Gallery,21641_83f43fad_2,test,completed,0,True,True,True,1,1,3,0,True,1,0,True,392.69908169872417,72,140,0,0,1,True,True,True,admitted,0.005549416,60c82d7a86f108dd72fc1c59394e2ea8446405b4ab4a322e5d7892a70f5c259c,60c82d7a86f108dd72fc1c59394e2ea8446405b4ab4a322e5d7892a70f5c259c,${GRADIENT_QEF_CAD_ROOT}/Fusion360Gallery/s2.0.1_extended_step/sample_500/step/21641_83f43fad_2.stp
F023,Fusion360Gallery,38287_88ec74de_73,test,completed,0,True,True,True,1,1,9,0,True,1,0,True,404.5077471984371,208,416,0,0,1,True,True,True,admitted,0.012954208,5021ada304e0d8869733bb750eace34b3d58ca1bf95c05d7f66ba928c9b93488,5021ada304e0d8869733bb750eace34b3d58ca1bf95c05d7f66ba928c9b93488,${GRADIENT_QEF_CAD_ROOT}/Fusion360Gallery/s2.0.1_extended_step/sample_500/step/38287_88ec74de_73.stp
F024,Fusion360Gallery,29845_053c4c5b_4,test,completed,0,True,True,True,1,1,22,0,True,1,0,True,544.1746593056915,228,456,0,0,1,True,True,True,admitted,0.051860833,f26dace0d3e382e0ca71fa92ea5410bad6e52c6e1cee1bc2c2ccb7219e5caf9e,f26dace0d3e382e0ca71fa92ea5410bad6e52c6e1cee1bc2c2ccb7219e5caf9e,${GRADIENT_QEF_CAD_ROOT}/Fusion360Gallery/s2.0.1_extended_step/sample_500/step/29845_053c4c5b_4.stp
F025,Fusion360Gallery,53078_b592f2bd_13,test,completed,0,True,True,True,1,1,14,0,True,1,0,True,335.53151995926765,404,808,0,0,1,True,True,True,admitted,0.019658625,ada89ac0c9d69ea69ef2ab0b306e4100cad87bd19fd72644fcc3d8a52305bee1,ada89ac0c9d69ea69ef2ab0b306e4100cad87bd19fd72644fcc3d8a52305bee1,${GRADIENT_QEF_CAD_ROOT}/Fusion360Gallery/s2.0.1_extended_step/sample_500/step/53078_b592f2bd_13.stp
F026,Fusion360Gallery,23418_18c3b38d_5,test,completed,0,True,True,True,1,1,8,0,True,1,0,True,849.068132794371,928,1856,0,0,1,True,True,True,admitted,0.014665792,f76deac3c9fc1dbe510876945d623cd0c24c67187f2e1b7b74f530728734bc60,f76deac3c9fc1dbe510876945d623cd0c24c67187f2e1b7b74f530728734bc60,${GRADIENT_QEF_CAD_ROOT}/Fusion360Gallery/s2.0.1_extended_step/sample_500/step/23418_18c3b38d_5.stp
F027,Fusion360Gallery,76880_9bb28e72_11,test,completed,0,True,True,True,1,1,4,0,True,1,0,True,96.43022372177802,192,384,0,0,1,True,True,True,admitted,0.006844167,88734f6db8544920d040cdec696098878f35f2f4c14e33b47b8ec11bea7b6064,88734f6db8544920d040cdec696098878f35f2f4c14e33b47b8ec11bea7b6064,${GRADIENT_QEF_CAD_ROOT}/Fusion360Gallery/s2.0.1_extended_step/sample_500/step/76880_9bb28e72_11.stp
F028,Fusion360Gallery,23676_52069f98_21,test,completed,0,True,True,True,1,1,10,0,True,1,0,True,2621.8723874403704,559,1114,0,0,1,True,True,True,admitted,0.011021875,6c4ec6b9e4974fb6ddd388af7ec10bce5e059b5a57f9e40e7e16de6733387a58,6c4ec6b9e4974fb6ddd388af7ec10bce5e059b5a57f9e40e7e16de6733387a58,${GRADIENT_QEF_CAD_ROOT}/Fusion360Gallery/s2.0.1_extended_step/sample_500/step/23676_52069f98_21.stp
F029,Fusion360Gallery,54516_ac9e2ef4_16,test,completed,0,True,True,True,1,1,26,0,True,1,0,True,5118.751551867557,154,304,0,0,1,True,True,True,admitted,0.033886625,7f4fc7e3a59bffbf6a774f20829d6a583a1849e5e228e3a1cfe7b2165d7972a2,7f4fc7e3a59bffbf6a774f20829d6a583a1849e5e228e3a1cfe7b2165d7972a2,${GRADIENT_QEF_CAD_ROOT}/Fusion360Gallery/s2.0.1_extended_step/sample_500/step/54516_ac9e2ef4_16.stp
F030,Fusion360Gallery,138756_a39897f4_0,test,completed,0,True,True,True,1,1,19,0,True,1,0,True,30.144027110130413,241,486,0,0,1,True,True,True,admitted,0.039236416,a0c48fff33205db4f44e5fecf199fb1295f50513791ecd88396c0d9e864f4e50,a0c48fff33205db4f44e5fecf199fb1295f50513791ecd88396c0d9e864f4e50,${GRADIENT_QEF_CAD_ROOT}/Fusion360Gallery/s2.0.1_extended_step/sample_500/step/138756_a39897f4_0.stp
F031,Fusion360Gallery,54073_7d8cdd04_1,test,completed,0,True,True,True,1,1,10,0,True,1,0,True,1941.9705959403195,53,102,0,0,1,True,True,True,admitted,0.01532125,41c4798047eedc08ab16ef2d1a4f2e35a63070d0c2b305f3fa25ef6ae12310a4,41c4798047eedc08ab16ef2d1a4f2e35a63070d0c2b305f3fa25ef6ae12310a4,${GRADIENT_QEF_CAD_ROOT}/Fusion360Gallery/s2.0.1_extended_step/sample_500/step/54073_7d8cdd04_1.stp
F032,Fusion360Gallery,50927_e458e13b_0,test,completed,0,True,True,True,1,1,5,0,True,1,0,True,22.823275427439924,144,284,0,0,1,True,True,True,admitted,0.007003292,4658ba33440ee397195d9d14a2cc1578df15b6831022ec30c37bb813c04edbfa,4658ba33440ee397195d9d14a2cc1578df15b6831022ec30c37bb813c04edbfa,${GRADIENT_QEF_CAD_ROOT}/Fusion360Gallery/s2.0.1_extended_step/sample_500/step/50927_e458e13b_0.stp
F033,Fusion360Gallery,130757_b2c47f8d_9,test,completed,0,True,True,True,1,1,79,0,True,1,0,True,494.3432233512892,1162,2344,0,0,1,True,True,True,admitted,0.099731833,aa0c711dd67ff08f8399536da2709303b50f4b9969cd7eaf8cd10f8aae78f935,aa0c711dd67ff08f8399536da2709303b50f4b9969cd7eaf8cd10f8aae78f935,${GRADIENT_QEF_CAD_ROOT}/Fusion360Gallery/s2.0.1_extended_step/sample_500/step/130757_b2c47f8d_9.stp
F034,Fusion360Gallery,35145_a3d7363c_11,test,completed,0,True,True,True,1,1,18,0,True,1,0,True,1.1093263878793906,592,1216,0,0,1,True,True,True,admitted,0.026958875,6a3a38e623a1b773710e24891a583e02110b2e1552649b960ed7fec5e7cf655f,6a3a38e623a1b773710e24891a583e02110b2e1552649b960ed7fec5e7cf655f,${GRADIENT_QEF_CAD_ROOT}/Fusion360Gallery/s2.0.1_extended_step/sample_500/step/35145_a3d7363c_11.stp
F035,Fusion360Gallery,22711_33843a5d_15,test,completed,0,True,True,True,1,1,12,0,True,1,0,True,323.96943696866396,230,456,0,0,1,True,True,True,admitted,0.014143834,782dfe5dc680809cb546671ab27fa5e63e2aaebe16b0d6497f80022435b92aca,782dfe5dc680809cb546671ab27fa5e63e2aaebe16b0d6497f80022435b92aca,${GRADIENT_QEF_CAD_ROOT}/Fusion360Gallery/s2.0.1_extended_step/sample_500/step/22711_33843a5d_15.stp
F036,Fusion360Gallery,100112_bc0a563a_4,test,completed,0,True,True,True,1,1,8,0,True,1,0,True,1737.7128758619542,12,20,0,0,1,True,True,True,admitted,0.010217666,f45d6bba95059c9d50bf56c7351eacaae501cea3ab6a3c5320ec560de169216f,f45d6bba95059c9d50bf56c7351eacaae501cea3ab6a3c5320ec560de169216f,${GRADIENT_QEF_CAD_ROOT}/Fusion360Gallery/s2.0.1_extended_step/sample_500/step/100112_bc0a563a_4.stp
F037,Fusion360Gallery,31018_a01ba8e5_6,test,completed,0,True,True,True,1,1,10,0,True,1,0,True,2.367542860194038,16,32,0,0,1,True,True,True,admitted,0.022203417,f98fa762b8d29dff15c28ef0ea803c1ff949e3b6466dc11a96db6f4956d2b791,f98fa762b8d29dff15c28ef0ea803c1ff949e3b6466dc11a96db6f4956d2b791,${GRADIENT_QEF_CAD_ROOT}/Fusion360Gallery/s2.0.1_extended_step/sample_500/step/31018_a01ba8e5_6.stp
F038,Fusion360Gallery,70313_c860c42b_0,test,completed,0,True,True,True,1,1,9,0,True,1,0,True,1764.8173055905727,1338,2672,0,0,1,True,True,True,admitted,0.015295292,ff629f670e72bcd4c106e09192a656750b174d645df6be00534e2052c540df40,ff629f670e72bcd4c106e09192a656750b174d645df6be00534e2052c540df40,${GRADIENT_QEF_CAD_ROOT}/Fusion360Gallery/s2.0.1_extended_step/sample_500/step/70313_c860c42b_0.stp
F039,Fusion360Gallery,48227_390437ae_1,test,completed,0,True,True,True,1,1,18,0,True,1,0,True,39.968028085742176,2500,5000,0,0,1,True,True,True,admitted,0.025478291,9662aa0f77414ee2b6acd65d74105db288322cae1971594f4ef9dbbe63a6f370,9662aa0f77414ee2b6acd65d74105db288322cae1971594f4ef9dbbe63a6f370,${GRADIENT_QEF_CAD_ROOT}/Fusion360Gallery/s2.0.1_extended_step/sample_500/step/48227_390437ae_1.stp
F040,Fusion360Gallery,148051_c59af578_9,test,completed,0,True,True,True,1,1,31,0,True,1,0,True,14.312803376638186,520,1060,0,0,1,True,True,True,admitted,0.044994041,6537c4b4fa2cdf188797ae84a1541c8b6939d192650e4cf0e2165d2c53e3e7c0,6537c4b4fa2cdf188797ae84a1541c8b6939d192650e4cf0e2165d2c53e3e7c0,${GRADIENT_QEF_CAD_ROOT}/Fusion360Gallery/s2.0.1_extended_step/sample_500/step/148051_c59af578_9.stp
F041,Fusion360Gallery,48183_91e0b011_9,test,completed,0,True,True,True,1,1,18,0,True,1,0,True,837.8862092071441,198,396,0,0,1,True,True,True,admitted,0.023742209,648514e202cf150273d55c1b2949d444a5eae4984da4291e8456d0831d9381a3,648514e202cf150273d55c1b2949d444a5eae4984da4291e8456d0831d9381a3,${GRADIENT_QEF_CAD_ROOT}/Fusion360Gallery/s2.0.1_extended_step/sample_500/step/48183_91e0b011_9.stp
F042,Fusion360Gallery,44417_dfea0c21_2,test,completed,0,True,True,True,1,1,11,0,True,1,0,True,20.346820248717307,88,176,0,0,1,True,True,True,admitted,0.014469333,6b6df915fdc9921903f67d4ef44bf2181bad49552984d9284f03ed0a729be493,6b6df915fdc9921903f67d4ef44bf2181bad49552984d9284f03ed0a729be493,${GRADIENT_QEF_CAD_ROOT}/Fusion360Gallery/s2.0.1_extended_step/sample_500/step/44417_dfea0c21_2.stp
F043,Fusion360Gallery,24890_5f8a67df_7,test,completed,0,True,True,True,1,1,30,0,True,1,0,True,414.5450508258548,546,1092,0,0,1,True,True,True,admitted,0.041009958,6c644502ebcc47bcde539471ecb3b324bc3f0a34677a9bde0621040d1ad38bde,6c644502ebcc47bcde539471ecb3b324bc3f0a34677a9bde0621040d1ad38bde,${GRADIENT_QEF_CAD_ROOT}/Fusion360Gallery/s2.0.1_extended_step/sample_500/step/24890_5f8a67df_7.stp
F044,Fusion360Gallery,39101_23fec10f_19,test,completed,0,True,True,True,1,1,7,0,True,1,0,True,389.00121751333916,210,420,0,0,1,True,True,True,admitted,0.011436167,ec92399327ca5664556802e2c1fd55b43fb28eb296dc52d8b563385a3a8a3107,ec92399327ca5664556802e2c1fd55b43fb28eb296dc52d8b563385a3a8a3107,${GRADIENT_QEF_CAD_ROOT}/Fusion360Gallery/s2.0.1_extended_step/sample_500/step/39101_23fec10f_19.stp
F045,Fusion360Gallery,37016_455093c1_0,test,completed,0,True,True,True,1,1,6,0,True,1,0,True,963.5676317055345,816,1628,0,0,1,True,True,True,admitted,0.010914292,a0c7ac375af07f0a6b4d2c9c3db6ef2514bf1c2c404d7542a74d9825e774e9fd,a0c7ac375af07f0a6b4d2c9c3db6ef2514bf1c2c404d7542a74d9825e774e9fd,${GRADIENT_QEF_CAD_ROOT}/Fusion360Gallery/s2.0.1_extended_step/sample_500/step/37016_455093c1_0.stp
F046,Fusion360Gallery,65842_de75838b_3,test,completed,0,True,True,True,1,1,6,0,True,1,0,True,285.36454285097517,8,12,0,0,1,True,True,True,admitted,0.007681,cd7246d658fda4137b18d5b69dff09afbd0fe30eb789682eef3a3ced7446bd6a,cd7246d658fda4137b18d5b69dff09afbd0fe30eb789682eef3a3ced7446bd6a,${GRADIENT_QEF_CAD_ROOT}/Fusion360Gallery/s2.0.1_extended_step/sample_500/step/65842_de75838b_3.stp
F047,Fusion360Gallery,33499_48ac4df4_1,test,completed,0,True,True,True,1,1,8,0,True,1,0,True,139.75455534793957,443,886,0,0,1,True,True,True,admitted,0.010007208,a200ac93da9bfd176e497f7d04ad4cebbef9ab56fe7866ec77d1944583308219,a200ac93da9bfd176e497f7d04ad4cebbef9ab56fe7866ec77d1944583308219,${GRADIENT_QEF_CAD_ROOT}/Fusion360Gallery/s2.0.1_extended_step/sample_500/step/33499_48ac4df4_1.stp
F048,Fusion360Gallery,43681_027a109d_4,test,completed,0,True,True,True,1,1,24,0,True,1,0,True,381.92776954595007,2000,4000,0,0,1,True,True,True,admitted,0.024799834,ae5a26ad4b708cadf0809e6e863b175df62f988c7ff8b4c29c167da03a1f1d52,ae5a26ad4b708cadf0809e6e863b175df62f988c7ff8b4c29c167da03a1f1d52,${GRADIENT_QEF_CAD_ROOT}/Fusion360Gallery/s2.0.1_extended_step/sample_500/step/43681_027a109d_4.stp
F049,Fusion360Gallery,51595_41f3d1a3_10,test,completed,0,True,True,True,1,1,9,0,True,1,0,True,23.76945835164166,151,298,0,0,1,True,True,True,admitted,0.011209541,b3349ae68734601562f577864d32bcc1451ba2e5096ca8b545a8906ac5f7f5b8,b3349ae68734601562f577864d32bcc1451ba2e5096ca8b545a8906ac5f7f5b8,${GRADIENT_QEF_CAD_ROOT}/Fusion360Gallery/s2.0.1_extended_step/sample_500/step/51595_41f3d1a3_10.stp
F050,Fusion360Gallery,128052_1650519e_1,test,completed,0,True,True,True,1,1,18,0,True,1,0,True,286.5426920548789,4271,8538,0,0,1,True,True,True,admitted,0.073772041,d0f3eb78b31eb3313a50f8f8845f164b19918fd4924cdf0432ac059bb6d1cca6,d0f3eb78b31eb3313a50f8f8845f164b19918fd4924cdf0432ac059bb6d1cca6,${GRADIENT_QEF_CAD_ROOT}/Fusion360Gallery/s2.0.1_extended_step/sample_500/step/128052_1650519e_1.stp
F051,Fusion360Gallery,35145_a3d7363c_7,test,completed,0,True,True,True,1,1,10,0,True,1,0,True,18.647553005378633,74,148,0,0,1,True,True,True,admitted,0.013475084,4d3aeb635d624a798b661adbc49fc9dd6db310306c335d43c164710e0a8579d3,4d3aeb635d624a798b661adbc49fc9dd6db310306c335d43c164710e0a8579d3,${GRADIENT_QEF_CAD_ROOT}/Fusion360Gallery/s2.0.1_extended_step/sample_500/step/35145_a3d7363c_7.stp
F052,Fusion360Gallery,109232_04340d62_2,test,completed,0,True,True,True,1,1,40,0,True,1,0,True,19.90830743351772,597,1198,0,0,1,True,True,True,admitted,0.050990667,2c2b5993a7547bd3a1b2814127937006ced9e38eaba62562b568fb07fa62535b,2c2b5993a7547bd3a1b2814127937006ced9e38eaba62562b568fb07fa62535b,${GRADIENT_QEF_CAD_ROOT}/Fusion360Gallery/s2.0.1_extended_step/sample_500/step/109232_04340d62_2.stp
F053,Fusion360Gallery,53474_f29e4438_14,test,completed,0,True,True,True,1,1,36,0,True,1,0,True,213.38553966675607,1072,2188,0,0,1,True,True,True,admitted,0.058982625,ed7acbf2a55e02902d3849c73d24143f949de57f54eac6c05d17d13b03ab555d,ed7acbf2a55e02902d3849c73d24143f949de57f54eac6c05d17d13b03ab555d,${GRADIENT_QEF_CAD_ROOT}/Fusion360Gallery/s2.0.1_extended_step/sample_500/step/53474_f29e4438_14.stp
F054,Fusion360Gallery,49317_ba20e582_0,test,completed,0,True,True,True,1,1,18,0,True,1,0,True,125.73773750720389,2422,4844,0,0,1,True,True,True,admitted,0.0229495,f31373b639b2d62a85adfd2620cee7b582bb1ceefc127eca885e105828e610a3,f31373b639b2d62a85adfd2620cee7b582bb1ceefc127eca885e105828e610a3,${GRADIENT_QEF_CAD_ROOT}/Fusion360Gallery/s2.0.1_extended_step/sample_500/step/49317_ba20e582_0.stp
F055,Fusion360Gallery,109637_8b7fe169_2,test,completed,0,True,True,True,1,1,4,0,True,1,0,True,565.2692663898649,160,320,0,0,1,True,True,True,admitted,0.006751875,3edecc6d1c676f281ca000d4441905c4dc6376667d657486b8ebad67a85b564b,3edecc6d1c676f281ca000d4441905c4dc6376667d657486b8ebad67a85b564b,${GRADIENT_QEF_CAD_ROOT}/Fusion360Gallery/s2.0.1_extended_step/sample_500/step/109637_8b7fe169_2.stp
F056,Fusion360Gallery,45285_dc1f2b6f_3,test,completed,0,True,True,True,1,1,5,0,True,1,0,True,452.0402762665324,146,288,0,0,1,True,True,True,admitted,0.006530083,cb8b18aec496853857089afab2a9920e67d6c797ca5c408769602e89ff18793a,cb8b18aec496853857089afab2a9920e67d6c797ca5c408769602e89ff18793a,${GRADIENT_QEF_CAD_ROOT}/Fusion360Gallery/s2.0.1_extended_step/sample_500/step/45285_dc1f2b6f_3.stp
F057,Fusion360Gallery,98989_ce1a2dab_0,test,completed,0,True,True,True,1,1,50,0,True,1,0,True,59.29018738111699,822,1640,0,0,1,True,True,True,admitted,0.056692458,a51a876afa6c3b49c10cfa51f3ce3f777aaf788dc562f3804b18ecd57fa1e13e,a51a876afa6c3b49c10cfa51f3ce3f777aaf788dc562f3804b18ecd57fa1e13e,${GRADIENT_QEF_CAD_ROOT}/Fusion360Gallery/s2.0.1_extended_step/sample_500/step/98989_ce1a2dab_0.stp
F058,Fusion360Gallery,72090_a3e21840_4,test,completed,0,True,True,True,1,1,28,0,True,1,0,True,1118.6199850368048,775,1558,0,0,1,True,True,True,admitted,0.039183417,226ee236061a2aa00b17972f60df599f5f4943ca4e99084f294b7acd345ba189,226ee236061a2aa00b17972f60df599f5f4943ca4e99084f294b7acd345ba189,${GRADIENT_QEF_CAD_ROOT}/Fusion360Gallery/s2.0.1_extended_step/sample_500/step/72090_a3e21840_4.stp
F059,Fusion360Gallery,41321_43c99300_6,test,completed,0,True,True,True,1,1,4,0,True,1,0,True,4417.864669110648,186,372,0,0,1,True,True,True,admitted,0.007514292,a97ae515cd6205e39875ca10a411e55226d1907e39e8a29ea80478cd00388741,a97ae515cd6205e39875ca10a411e55226d1907e39e8a29ea80478cd00388741,${GRADIENT_QEF_CAD_ROOT}/Fusion360Gallery/s2.0.1_extended_step/sample_500/step/41321_43c99300_6.stp
F060,Fusion360Gallery,40997_e3c88650_8,test,completed,0,True,True,True,1,1,12,0,True,1,0,True,699.9822989383965,240,484,0,0,1,True,True,True,admitted,0.016808958,c718b3bdb228c9fcf28ac923ea262a910c28c1ecafeffcd04b8424cbc6b4e1ec,c718b3bdb228c9fcf28ac923ea262a910c28c1ecafeffcd04b8424cbc6b4e1ec,${GRADIENT_QEF_CAD_ROOT}/Fusion360Gallery/s2.0.1_extended_step/sample_500/step/40997_e3c88650_8.stp
F061,Fusion360Gallery,31642_61133335_4,test,completed,0,True,True,True,1,1,3,0,True,1,0,True,4833.2194670612025,112,220,0,0,1,True,True,True,admitted,0.005100584,3c68bc3e207fca7d6586fd9fdda8fa11477f8879df512531e817e4ce834c3865,3c68bc3e207fca7d6586fd9fdda8fa11477f8879df512531e817e4ce834c3865,${GRADIENT_QEF_CAD_ROOT}/Fusion360Gallery/s2.0.1_extended_step/sample_500/step/31642_61133335_4.stp
F062,Fusion360Gallery,23267_8ecbbb9e_35,test,completed,0,True,True,True,1,1,6,0,True,1,0,True,116.39553664015727,8,12,0,0,1,True,True,True,admitted,0.008645083,db7dab0a1fff739b0fa48a9c8c7c02e71ac172cea171402aac6c8e90841aacac,db7dab0a1fff739b0fa48a9c8c7c02e71ac172cea171402aac6c8e90841aacac,${GRADIENT_QEF_CAD_ROOT}/Fusion360Gallery/s2.0.1_extended_step/sample_500/step/23267_8ecbbb9e_35.stp
F063,Fusion360Gallery,45178_c1a5b721_0,test,completed,0,True,True,True,1,1,178,0,True,1,0,True,92.7562867855462,12176,25020,0,0,1,True,True,True,admitted,1.261300292,78fac7e89d859279319dd6e7c846a54f0decf5e55d053808752e0153edd02e70,78fac7e89d859279319dd6e7c846a54f0decf5e55d053808752e0153edd02e70,${GRADIENT_QEF_CAD_ROOT}/Fusion360Gallery/s2.0.1_extended_step/sample_500/step/45178_c1a5b721_0.stp
F064,Fusion360Gallery,56248_b358425c_4,test,completed,0,True,True,True,1,1,14,0,True,1,0,True,34.16680263465574,24,44,0,0,1,True,True,True,admitted,0.015843917,1aca5c071ba0e15d216ba390290355be0e21c4335b83e7126805fc375558176a,1aca5c071ba0e15d216ba390290355be0e21c4335b83e7126805fc375558176a,${GRADIENT_QEF_CAD_ROOT}/Fusion360Gallery/s2.0.1_extended_step/sample_500/step/56248_b358425c_4.stp
F065,Fusion360Gallery,44354_07805a0e_0,test,completed,0,True,True,True,1,1,12,0,True,1,0,True,611.9334440408837,94,184,0,0,1,True,True,True,admitted,0.01418975,31a25ac48ac35801bce89025df98ea83e75824c0b5304098fa7862dfe99c0873,31a25ac48ac35801bce89025df98ea83e75824c0b5304098fa7862dfe99c0873,${GRADIENT_QEF_CAD_ROOT}/Fusion360Gallery/s2.0.1_extended_step/sample_500/step/44354_07805a0e_0.stp
F066,Fusion360Gallery,27866_ece3076e_102,test,completed,0,True,True,True,1,1,10,0,True,1,0,True,212.5194359974769,80,156,0,0,1,True,True,True,admitted,0.013016584,5a9bdc3fb1beb5a1bd8369f6ca70f3b7644fff54959f0ae66bbd1e5e07f71371,5a9bdc3fb1beb5a1bd8369f6ca70f3b7644fff54959f0ae66bbd1e5e07f71371,${GRADIENT_QEF_CAD_ROOT}/Fusion360Gallery/s2.0.1_extended_step/sample_500/step/27866_ece3076e_102.stp
F067,Fusion360Gallery,75982_f8018303_13,test,completed,0,True,True,True,1,1,6,0,True,1,0,True,2938.5485194967346,8,12,0,0,1,True,True,True,admitted,0.007322458,843b1245576a4cc553e9dc9064b1e0ce4922fb297df7f7e72ae5aa61885a835f,843b1245576a4cc553e9dc9064b1e0ce4922fb297df7f7e72ae5aa61885a835f,${GRADIENT_QEF_CAD_ROOT}/Fusion360Gallery/s2.0.1_extended_step/sample_500/step/75982_f8018303_13.stp
F068,Fusion360Gallery,30910_38ea5a06_21,test,completed,0,True,True,True,1,1,3,0,True,1,0,True,251.32741228718345,72,140,0,0,1,True,True,True,admitted,0.00554025,5b07cd013160f3c2307f358c5e2e92bb7db36d7ed8c5c8f6e21a57b62f9ba6c4,5b07cd013160f3c2307f358c5e2e92bb7db36d7ed8c5c8f6e21a57b62f9ba6c4,${GRADIENT_QEF_CAD_ROOT}/Fusion360Gallery/s2.0.1_extended_step/sample_500/step/30910_38ea5a06_21.stp
F069,Fusion360Gallery,136652_a09ad805_10,test,completed,0,True,True,True,1,1,9,0,True,1,0,True,138.26560851258878,46,88,0,0,1,True,True,True,admitted,0.012126541,90beea96cf11ce2fa7799c773dfcf84aab292a803035cba3175e9b1a12aa72d1,90beea96cf11ce2fa7799c773dfcf84aab292a803035cba3175e9b1a12aa72d1,${GRADIENT_QEF_CAD_ROOT}/Fusion360Gallery/s2.0.1_extended_step/sample_500/step/136652_a09ad805_10.stp
F070,Fusion360Gallery,41472_f9d73638_12,test,completed,0,True,True,True,1,1,5,0,True,1,0,True,1434.2616771297244,188,372,0,0,1,True,True,True,admitted,0.010437042,191ec5a2e33632903e04d4400aba4412e62593a94fe9f568e8f8fcba4c38ab07,191ec5a2e33632903e04d4400aba4412e62593a94fe9f568e8f8fcba4c38ab07,${GRADIENT_QEF_CAD_ROOT}/Fusion360Gallery/s2.0.1_extended_step/sample_500/step/41472_f9d73638_12.stp
F071,Fusion360Gallery,134850_0ceb2f11_45,test,completed,0,True,True,True,1,1,8,0,True,1,0,True,223.19656042133528,12,20,0,0,1,True,True,True,admitted,0.010622458,bc5cf3cf58dc5cb4a96858699c05ef33e59423558cebccfe0205bf72782a7059,bc5cf3cf58dc5cb4a96858699c05ef33e59423558cebccfe0205bf72782a7059,${GRADIENT_QEF_CAD_ROOT}/Fusion360Gallery/s2.0.1_extended_step/sample_500/step/134850_0ceb2f11_45.stp
F072,Fusion360Gallery,45468_eaf0dc99_3,test,completed,0,True,True,True,1,1,13,0,True,1,0,True,1946.3770953954518,624,1244,0,0,1,True,True,True,admitted,0.02664125,85d151c7514a8668ea25a135f98fa96a9491cbb5f40849434f817dd6883e0a4a,85d151c7514a8668ea25a135f98fa96a9491cbb5f40849434f817dd6883e0a4a,${GRADIENT_QEF_CAD_ROOT}/Fusion360Gallery/s2.0.1_extended_step/sample_500/step/45468_eaf0dc99_3.stp
F073,Fusion360Gallery,68956_753650aa_4,test,completed,0,True,True,True,1,1,10,0,True,1,0,True,95.99999999999456,16,28,0,0,1,True,True,True,admitted,0.012079083,1fc0acfc81d32f6eaefafeacdd2a28b986679b66981fc373a981585f0f2831f4,1fc0acfc81d32f6eaefafeacdd2a28b986679b66981fc373a981585f0f2831f4,${GRADIENT_QEF_CAD_ROOT}/Fusion360Gallery/s2.0.1_extended_step/sample_500/step/68956_753650aa_4.stp
F074,Fusion360Gallery,66323_15018ef7_1,test,completed,0,True,True,True,1,1,9,0,True,1,0,True,353.73717723703203,82,160,0,0,1,True,True,True,admitted,0.042456708,083fc1bba39905e5ec5d98efe762936fba4310ac6325424ac4a14480a020d334,083fc1bba39905e5ec5d98efe762936fba4310ac6325424ac4a14480a020d334,${GRADIENT_QEF_CAD_ROOT}/Fusion360Gallery/s2.0.1_extended_step/sample_500/step/66323_15018ef7_1.stp
F075,Fusion360Gallery,119553_457234b4_11,test,completed,0,True,True,True,1,1,11,0,True,1,0,True,394.3380711891853,246,492,0,0,1,True,True,True,admitted,0.038974834,a86914ebd3746c80377e9e88b78a6fef8746932ee24b6b99153426dc3a1de9bc,a86914ebd3746c80377e9e88b78a6fef8746932ee24b6b99153426dc3a1de9bc,${GRADIENT_QEF_CAD_ROOT}/Fusion360Gallery/s2.0.1_extended_step/sample_500/step/119553_457234b4_11.stp
F076,Fusion360Gallery,145132_7aea3b66_29,train,completed,0,True,True,True,1,1,13,0,True,1,0,True,234.96235186393136,326,660,0,0,1,True,True,True,admitted,0.018805459,aca9fa6baf384dc8d24d7a36a8ce01d2f2195b9a961aa83372a81a7befa64237,aca9fa6baf384dc8d24d7a36a8ce01d2f2195b9a961aa83372a81a7befa64237,${GRADIENT_QEF_CAD_ROOT}/Fusion360Gallery/s2.0.1_extended_step/sample_500/step/145132_7aea3b66_29.stp
F077,Fusion360Gallery,24039_448afafa_5,train,completed,0,True,True,True,1,1,10,0,True,1,0,True,1465.7232646192572,152,300,0,0,1,True,True,True,admitted,0.01147075,1345c4946707b1049792c82a4a3dcd43079e859bfdc4c4e63b97ed7dfcc66508,1345c4946707b1049792c82a4a3dcd43079e859bfdc4c4e63b97ed7dfcc66508,${GRADIENT_QEF_CAD_ROOT}/Fusion360Gallery/s2.0.1_extended_step/sample_500/step/24039_448afafa_5.stp
F078,Fusion360Gallery,130996_b842b511_24,train,completed,0,True,True,True,1,1,6,0,True,1,0,True,292.91338582676207,8,12,0,0,1,True,True,True,admitted,0.007686167,c95c084ef1bdb274c33fad3a7be6d1aec9ede7ce8421c1ac7d8648a761e95eae,c95c084ef1bdb274c33fad3a7be6d1aec9ede7ce8421c1ac7d8648a761e95eae,${GRADIENT_QEF_CAD_ROOT}/Fusion360Gallery/s2.0.1_extended_step/sample_500/step/130996_b842b511_24.stp
F079,Fusion360Gallery,34443_27f9adde_5,train,completed,0,True,True,True,1,1,6,0,True,1,0,True,157.9717396698076,54,104,0,0,1,True,True,True,admitted,0.020996625,bac38407d6490a7270d2567c125d479582c8afe34ddc81bc55eaf5fddf7bcd1a,bac38407d6490a7270d2567c125d479582c8afe34ddc81bc55eaf5fddf7bcd1a,${GRADIENT_QEF_CAD_ROOT}/Fusion360Gallery/s2.0.1_extended_step/sample_500/step/34443_27f9adde_5.stp
F080,Fusion360Gallery,83110_487f8396_3,train,completed,0,True,True,True,1,1,5,0,True,1,0,True,1338.2813156438579,92,180,0,0,1,True,True,True,admitted,0.007438834,63b6fd86aa88154eacbcc923203daf83cad06f0ddf574e9ea444cf4fcd4fd6dd,63b6fd86aa88154eacbcc923203daf83cad06f0ddf574e9ea444cf4fcd4fd6dd,${GRADIENT_QEF_CAD_ROOT}/Fusion360Gallery/s2.0.1_extended_step/sample_500/step/83110_487f8396_3.stp
F081,Fusion360Gallery,70834_d131d9c8_0,train,completed,0,True,True,True,1,1,5,0,True,1,0,True,1984.5012897171919,989,1978,0,0,1,True,True,True,admitted,0.012462833,73624067fb8df2a92d6eecb11e180cfc0b97de3c49c4c9149b51c34dd2d3c84b,73624067fb8df2a92d6eecb11e180cfc0b97de3c49c4c9149b51c34dd2d3c84b,${GRADIENT_QEF_CAD_ROOT}/Fusion360Gallery/s2.0.1_extended_step/sample_500/step/70834_d131d9c8_0.stp
F082,Fusion360Gallery,41624_a15f83c1_7,train,completed,0,True,True,True,1,1,4,0,True,1,0,True,3105.531944865853,803,1602,0,0,1,True,True,True,admitted,0.011185416,f6b4ab0469d752ea244740b8ff275bbb6efbacbbaa5f8f9460f698394a4b7869,f6b4ab0469d752ea244740b8ff275bbb6efbacbbaa5f8f9460f698394a4b7869,${GRADIENT_QEF_CAD_ROOT}/Fusion360Gallery/s2.0.1_extended_step/sample_500/step/41624_a15f83c1_7.stp
F083,Fusion360Gallery,23267_8ecbbb9e_2,train,completed,0,True,True,True,1,1,5,0,True,1,0,True,2.280623792269303,16,28,0,0,1,True,True,True,admitted,0.008743666,470eb94362c846e8e7fafd2db55d24af96c58e725283c0526480717c39ab757d,470eb94362c846e8e7fafd2db55d24af96c58e725283c0526480717c39ab757d,${GRADIENT_QEF_CAD_ROOT}/Fusion360Gallery/s2.0.1_extended_step/sample_500/step/23267_8ecbbb9e_2.stp
F084,Fusion360Gallery,79791_00f639ca_9,train,completed,0,True,True,True,1,1,14,0,True,1,0,True,1187.6359649151984,88,172,0,0,1,True,True,True,admitted,0.01714675,b3f975fb9fe07f19559be380e10c1f950dfe17adbd13859cfc5d574afd31157e,b3f975fb9fe07f19559be380e10c1f950dfe17adbd13859cfc5d574afd31157e,${GRADIENT_QEF_CAD_ROOT}/Fusion360Gallery/s2.0.1_extended_step/sample_500/step/79791_00f639ca_9.stp
F085,Fusion360Gallery,50410_f8f03667_33,train,completed,0,True,True,True,1,1,11,0,True,1,0,True,1.3524595363435097,152,304,0,0,1,True,True,True,admitted,0.014721667,34de1819b924b1ecfb5e4367f30e8084c3f0649381c8404aaf91f1487f110b04,34de1819b924b1ecfb5e4367f30e8084c3f0649381c8404aaf91f1487f110b04,${GRADIENT_QEF_CAD_ROOT}/Fusion360Gallery/s2.0.1_extended_step/sample_500/step/50410_f8f03667_33.stp
F086,Fusion360Gallery,41650_9417da80_0,train,completed,0,True,True,True,1,1,3,0,True,1,0,True,1083.3078115826856,118,232,0,0,1,True,True,True,admitted,0.005248833,014607aa6ddde69b0f94b3ddd7473bf1c18c2981abaf2f659e78e47b23c1b18d,014607aa6ddde69b0f94b3ddd7473bf1c18c2981abaf2f659e78e47b23c1b18d,${GRADIENT_QEF_CAD_ROOT}/Fusion360Gallery/s2.0.1_extended_step/sample_500/step/41650_9417da80_0.stp
F087,Fusion360Gallery,119457_8ed60b2e_9,train,completed,0,True,True,True,1,1,7,0,True,1,0,True,899.3891054680308,236,468,0,0,1,True,True,True,admitted,0.008485958,4e25e2abcb61ec18057dd552c580e4658263c8c71ae92a9e88edafc58baac241,4e25e2abcb61ec18057dd552c580e4658263c8c71ae92a9e88edafc58baac241,${GRADIENT_QEF_CAD_ROOT}/Fusion360Gallery/s2.0.1_extended_step/sample_500/step/119457_8ed60b2e_9.stp
F088,Fusion360Gallery,21477_babb9c34_24,train,completed,0,True,True,True,1,1,20,0,True,1,0,True,109.0418166667196,140,280,0,0,1,True,True,True,admitted,0.0255275,ceff4b1bd24c299912b297ed8efa88f6396bd20a13b94da24e47f08f438de817,ceff4b1bd24c299912b297ed8efa88f6396bd20a13b94da24e47f08f438de817,${GRADIENT_QEF_CAD_ROOT}/Fusion360Gallery/s2.0.1_extended_step/sample_500/step/21477_babb9c34_24.stp
F089,Fusion360Gallery,25354_ce952bc1_1,train,completed,0,True,True,True,1,1,8,0,True,1,0,True,792.6366976764368,2698,5396,0,0,1,True,True,True,admitted,0.015847833,f9a33a04374f198c1fceb0629f77f5e88ac32bad01af342843d2bd80d42f9225,f9a33a04374f198c1fceb0629f77f5e88ac32bad01af342843d2bd80d42f9225,${GRADIENT_QEF_CAD_ROOT}/Fusion360Gallery/s2.0.1_extended_step/sample_500/step/25354_ce952bc1_1.stp
F090,Fusion360Gallery,133734_9fdc1293_3,train,completed,0,True,True,True,1,1,25,0,True,1,0,True,858.158914595529,2069,4134,0,0,1,True,True,True,admitted,0.069841541,247669b9a1e62abbe382a5673f4fcdb98d2c291ab546daf59a76cf90b4443de1,247669b9a1e62abbe382a5673f4fcdb98d2c291ab546daf59a76cf90b4443de1,${GRADIENT_QEF_CAD_ROOT}/Fusion360Gallery/s2.0.1_extended_step/sample_500/step/133734_9fdc1293_3.stp
F091,Fusion360Gallery,137098_0a45d1c8_26,train,completed,0,True,True,True,1,1,26,0,True,1,0,True,410.19308611956853,448,892,0,0,1,True,True,True,admitted,0.035260458,6504b4d147569991e3a11dffdd7cf1b723489a7a91e093cb006e159cc733b51d,6504b4d147569991e3a11dffdd7cf1b723489a7a91e093cb006e159cc733b51d,${GRADIENT_QEF_CAD_ROOT}/Fusion360Gallery/s2.0.1_extended_step/sample_500/step/137098_0a45d1c8_26.stp
F092,Fusion360Gallery,32743_f4c47bbc_15,train,completed,0,True,True,True,1,1,6,0,True,1,0,True,163.26530612248996,28,52,0,0,1,True,True,True,admitted,0.009464959,1eca2316d4d8e0368ca730588471e576317018f61872b3b934f1578d026948e2,1eca2316d4d8e0368ca730588471e576317018f61872b3b934f1578d026948e2,${GRADIENT_QEF_CAD_ROOT}/Fusion360Gallery/s2.0.1_extended_step/sample_500/step/32743_f4c47bbc_15.stp
F093,Fusion360Gallery,50897_3be92e2f_28,train,completed,0,True,True,True,1,1,6,0,True,1,0,True,292.72083478893427,717,1430,0,0,1,True,True,True,admitted,0.011489292,88f6e5515e71aeacce9373a65720b4b16d84312438ca5fd22354c6507f462d8f,88f6e5515e71aeacce9373a65720b4b16d84312438ca5fd22354c6507f462d8f,${GRADIENT_QEF_CAD_ROOT}/Fusion360Gallery/s2.0.1_extended_step/sample_500/step/50897_3be92e2f_28.stp
F094,Fusion360Gallery,143481_e8d7fe93_0,train,completed,0,True,True,True,1,1,32,0,True,1,0,True,506.1253807161572,1605,3206,0,0,1,True,True,True,admitted,0.041144542,661ae6027df74db1c42716c258810e47e37ff190696b8b771177470b0a9c6a65,661ae6027df74db1c42716c258810e47e37ff190696b8b771177470b0a9c6a65,${GRADIENT_QEF_CAD_ROOT}/Fusion360Gallery/s2.0.1_extended_step/sample_500/step/143481_e8d7fe93_0.stp
F095,Fusion360Gallery,81836_fc49fcee_10,train,completed,0,True,True,True,1,1,16,0,True,1,0,True,149.54552340335087,288,572,0,0,1,True,True,True,admitted,0.0485095,939f1347a5653b00affdc997e8c2521f90e86830490642ffd6bef059df1a8872,939f1347a5653b00affdc997e8c2521f90e86830490642ffd6bef059df1a8872,${GRADIENT_QEF_CAD_ROOT}/Fusion360Gallery/s2.0.1_extended_step/sample_500/step/81836_fc49fcee_10.stp
F096,Fusion360Gallery,33413_060ce192_49,train,completed,0,True,True,True,1,1,16,0,True,1,0,True,899.9653141970689,28,56,0,0,1,True,True,True,admitted,0.0206625,25d77d2e97a072b7f12e0a57021a62d97f5bc6cbf965e2ac6ce54a32464e2344,25d77d2e97a072b7f12e0a57021a62d97f5bc6cbf965e2ac6ce54a32464e2344,${GRADIENT_QEF_CAD_ROOT}/Fusion360Gallery/s2.0.1_extended_step/sample_500/step/33413_060ce192_49.stp
F097,Fusion360Gallery,111056_3839d6da_1,train,completed,0,True,True,True,1,1,6,0,True,1,0,True,639.9999999999999,8,12,0,0,1,True,True,True,admitted,0.008126291,d161d59e9bc77c9230dced13cbea6d614b2c5ae43a3934588eba874c5faca88b,d161d59e9bc77c9230dced13cbea6d614b2c5ae43a3934588eba874c5faca88b,${GRADIENT_QEF_CAD_ROOT}/Fusion360Gallery/s2.0.1_extended_step/sample_500/step/111056_3839d6da_1.stp
F098,Fusion360Gallery,133129_0872b871_1,train,completed,0,True,True,True,1,1,6,0,True,1,0,True,121.52308938698357,8,12,0,0,1,True,True,True,admitted,0.007465,1313bc6f647425351adc4993a84f456ea6ddad6d8611c8af16cde68969dd85db,1313bc6f647425351adc4993a84f456ea6ddad6d8611c8af16cde68969dd85db,${GRADIENT_QEF_CAD_ROOT}/Fusion360Gallery/s2.0.1_extended_step/sample_500/step/133129_0872b871_1.stp
F099,Fusion360Gallery,52890_0ae9bb77_1,train,completed,0,True,True,True,1,1,120,0,True,1,0,True,9.429856666740623,889,1774,0,0,1,True,True,True,admitted,0.176140125,e898a646f1d463d8ca082c0e6d4da13f6c2648b5776660b086d173a465b900d7,e898a646f1d463d8ca082c0e6d4da13f6c2648b5776660b086d173a465b900d7,${GRADIENT_QEF_CAD_ROOT}/Fusion360Gallery/s2.0.1_extended_step/sample_500/step/52890_0ae9bb77_1.stp
F100,Fusion360Gallery,143768_2939716e_0,train,completed,0,True,True,True,1,1,22,0,True,1,0,True,8.485324685533529,147,290,0,0,1,True,True,True,admitted,0.027962791,4865ba3a366ee4db8be57645902cd3db8e1c5cdfc61326670caecf8c546268e1,4865ba3a366ee4db8be57645902cd3db8e1c5cdfc61326670caecf8c546268e1,${GRADIENT_QEF_CAD_ROOT}/Fusion360Gallery/s2.0.1_extended_step/sample_500/step/143768_2939716e_0.stp
F101,Fusion360Gallery,30114_9f7d9611_1,train,completed,0,True,True,True,1,1,8,0,True,1,0,True,2946.9178811442243,12,20,0,0,1,True,True,True,admitted,0.010530083,02d8334ea46caa52d3f48e584f74d8d5b9083bcf9ab30687da05738cd6d2bcd8,02d8334ea46caa52d3f48e584f74d8d5b9083bcf9ab30687da05738cd6d2bcd8,${GRADIENT_QEF_CAD_ROOT}/Fusion360Gallery/s2.0.1_extended_step/sample_500/step/30114_9f7d9611_1.stp
F102,Fusion360Gallery,25284_c88414c8_0,train,completed,0,True,True,True,1,1,18,0,True,1,0,True,23.752868027704285,132,264,0,0,1,True,True,True,admitted,0.032837625,3354380b1f014cd9a0b01351f254ae5e23f630aee3e5861d7c009d43063d6e30,3354380b1f014cd9a0b01351f254ae5e23f630aee3e5861d7c009d43063d6e30,${GRADIENT_QEF_CAD_ROOT}/Fusion360Gallery/s2.0.1_extended_step/sample_500/step/25284_c88414c8_0.stp
F103,Fusion360Gallery,24591_1476271f_0,train,completed,0,True,True,True,1,1,42,0,True,1,0,True,493.83576949181145,80,156,0,0,1,True,True,True,admitted,0.079237417,da0497b8d72a90ba5b3064a1c74f6f8cbec0e1b9770eb60dff17474400a4a608,da0497b8d72a90ba5b3064a1c74f6f8cbec0e1b9770eb60dff17474400a4a608,${GRADIENT_QEF_CAD_ROOT}/Fusion360Gallery/s2.0.1_extended_step/sample_500/step/24591_1476271f_0.stp
F104,Fusion360Gallery,22788_b6a9e30a_5,train,completed,0,True,True,True,1,1,6,0,True,1,0,True,117.33333333333324,8,12,0,0,1,True,True,True,admitted,0.007699958,694364b487765eba74b5eff79d13e5e2b99cb60b08dc1ebf70f5314038728a87,694364b487765eba74b5eff79d13e5e2b99cb60b08dc1ebf70f5314038728a87,${GRADIENT_QEF_CAD_ROOT}/Fusion360Gallery/s2.0.1_extended_step/sample_500/step/22788_b6a9e30a_5.stp
F105,Fusion360Gallery,109576_3504cc04_0,train,completed,0,True,True,True,1,1,24,0,True,1,0,True,867.2975996580939,4678,9352,0,0,1,True,True,True,admitted,0.0297885,7254a091a8c6b2980e5b3ea0e28630a2cb394bad950e5d1874fdd26cde3419b9,7254a091a8c6b2980e5b3ea0e28630a2cb394bad950e5d1874fdd26cde3419b9,${GRADIENT_QEF_CAD_ROOT}/Fusion360Gallery/s2.0.1_extended_step/sample_500/step/109576_3504cc04_0.stp
F106,Fusion360Gallery,88235_b2001358_3,train,completed,0,True,True,True,1,1,5,0,True,1,0,True,329.8849448700132,66,128,0,0,1,True,True,True,admitted,0.009916667,b7fa52125019f4b28cfce6e2cb28ef8b5a3d1bc579fe7db47af497bcfc322507,b7fa52125019f4b28cfce6e2cb28ef8b5a3d1bc579fe7db47af497bcfc322507,${GRADIENT_QEF_CAD_ROOT}/Fusion360Gallery/s2.0.1_extended_step/sample_500/step/88235_b2001358_3.stp
F107,Fusion360Gallery,50908_c40c2f8a_0,train,completed,0,True,True,True,1,1,10,0,True,1,0,True,533.8813770407415,128,256,0,0,1,True,True,True,admitted,0.013920458,8bca434bd64966ca5807eb44f219250aaca22953c5d68fd4da866e308948a614,8bca434bd64966ca5807eb44f219250aaca22953c5d68fd4da866e308948a614,${GRADIENT_QEF_CAD_ROOT}/Fusion360Gallery/s2.0.1_extended_step/sample_500/step/50908_c40c2f8a_0.stp
F108,Fusion360Gallery,45798_b573e9da_7,train,completed,0,True,True,True,1,1,4,0,True,1,0,True,35.348228084268044,232,464,0,0,1,True,True,True,admitted,0.008664417,b2532e24edd8aadf366f98a16f1fd6aff1f76ba7944fc3da715b80e3626350bd,b2532e24edd8aadf366f98a16f1fd6aff1f76ba7944fc3da715b80e3626350bd,${GRADIENT_QEF_CAD_ROOT}/Fusion360Gallery/s2.0.1_extended_step/sample_500/step/45798_b573e9da_7.stp
F109,Fusion360Gallery,136401_69f29349_1,train,completed,0,True,True,True,1,1,26,0,True,1,0,True,1712.5118412556872,48,104,0,0,1,True,True,True,admitted,0.032962458,d89b221e185ddc1f105a2b6337f7647c9c2884ef5e48f185e582c5ad2ca7f6cb,d89b221e185ddc1f105a2b6337f7647c9c2884ef5e48f185e582c5ad2ca7f6cb,${GRADIENT_QEF_CAD_ROOT}/Fusion360Gallery/s2.0.1_extended_step/sample_500/step/136401_69f29349_1.stp
F110,Fusion360Gallery,97733_4ac743c3_2,train,completed,0,True,True,True,1,1,4,0,True,1,0,True,1648.0949500447862,168,336,0,0,1,True,True,True,admitted,0.012396667,2c7d9f0f189a50d1b00ff424b9b80de3d7db3cac1c291f1da770070e3a65eb37,2c7d9f0f189a50d1b00ff424b9b80de3d7db3cac1c291f1da770070e3a65eb37,${GRADIENT_QEF_CAD_ROOT}/Fusion360Gallery/s2.0.1_extended_step/sample_500/step/97733_4ac743c3_2.stp
F111,Fusion360Gallery,32743_f4c47bbc_31,train,completed,0,True,True,True,1,1,16,0,True,1,0,True,444.4444444444413,372,756,0,0,1,True,True,True,admitted,0.023549667,32aef421df9bd8c6143c32b179294ab4be757f9e833344f1f9d6b9ebc35927f5,32aef421df9bd8c6143c32b179294ab4be757f9e833344f1f9d6b9ebc35927f5,${GRADIENT_QEF_CAD_ROOT}/Fusion360Gallery/s2.0.1_extended_step/sample_500/step/32743_f4c47bbc_31.stp
F112,Fusion360Gallery,66159_4d95964e_8,train,completed,0,True,True,True,1,1,5,0,True,1,0,True,428.6266747726259,2353,4702,0,0,1,True,True,True,admitted,0.042670667,9ed24a7853fe58f75403bff4185bb8aa31b8f881cb6969f4d8e862ab9a713d7e,9ed24a7853fe58f75403bff4185bb8aa31b8f881cb6969f4d8e862ab9a713d7e,${GRADIENT_QEF_CAD_ROOT}/Fusion360Gallery/s2.0.1_extended_step/sample_500/step/66159_4d95964e_8.stp
F113,Fusion360Gallery,86112_b89cfbc8_0,train,completed,0,True,True,True,1,1,44,0,True,1,0,True,114.32574924110057,72,140,0,0,1,True,True,True,admitted,0.047491209,5c38cf967ada6587cf974bf855eabbd80ec575300b8c72305896956757bc781b,5c38cf967ada6587cf974bf855eabbd80ec575300b8c72305896956757bc781b,${GRADIENT_QEF_CAD_ROOT}/Fusion360Gallery/s2.0.1_extended_step/sample_500/step/86112_b89cfbc8_0.stp
F114,Fusion360Gallery,35053_10e4ad39_4,train,completed,0,True,True,True,1,1,8,0,True,1,0,True,926.9975233080991,12,20,0,0,1,True,True,True,admitted,0.010319,8f4aa5e2105ef42d1d8384910a9b1b19d1029e6cc8783db55a300fb8061208ac,8f4aa5e2105ef42d1d8384910a9b1b19d1029e6cc8783db55a300fb8061208ac,${GRADIENT_QEF_CAD_ROOT}/Fusion360Gallery/s2.0.1_extended_step/sample_500/step/35053_10e4ad39_4.stp
F115,Fusion360Gallery,41595_e15895be_1,train,completed,0,True,True,True,1,1,17,0,True,1,0,True,133.50918326117628,28,52,0,0,1,True,True,True,admitted,0.018504166,e0711ee37dad31f3addd9298fcd664759f27993f015d7a67333827d66f7db8f0,e0711ee37dad31f3addd9298fcd664759f27993f015d7a67333827d66f7db8f0,${GRADIENT_QEF_CAD_ROOT}/Fusion360Gallery/s2.0.1_extended_step/sample_500/step/41595_e15895be_1.stp
F116,Fusion360Gallery,55095_fa260d33_11,train,completed,0,True,True,True,1,1,19,0,True,1,0,True,0.0024422159755995952,238,472,0,0,1,True,True,True,admitted,0.024765083,2331ad743ba89af57668032b8e7c8bddb8e547e25db48019a89ca30f32e7f618,2331ad743ba89af57668032b8e7c8bddb8e547e25db48019a89ca30f32e7f618,${GRADIENT_QEF_CAD_ROOT}/Fusion360Gallery/s2.0.1_extended_step/sample_500/step/55095_fa260d33_11.stp
F117,Fusion360Gallery,115617_7d36e5d9_10,train,completed,0,True,True,True,1,1,3,0,True,1,0,True,7.859670096960547,59,114,0,6,1,True,True,False,mesh_nonmanifold,0.031420917,da15f4a503b0b7f5e9168c0c57564d64c0cc9b81bb65e412298e05db7fe4bcba,da15f4a503b0b7f5e9168c0c57564d64c0cc9b81bb65e412298e05db7fe4bcba,${GRADIENT_QEF_CAD_ROOT}/Fusion360Gallery/s2.0.1_extended_step/sample_500/step/115617_7d36e5d9_10.stp
F118,Fusion360Gallery,34581_e34981d3_0,train,completed,0,True,True,True,1,1,6,0,True,1,0,True,35.555555555555586,8,12,0,0,1,True,True,True,admitted,0.008152917,157af17cc015cd45b951c88cfc24105fc09dee3abccc23bdaabac27d13527658,157af17cc015cd45b951c88cfc24105fc09dee3abccc23bdaabac27d13527658,${GRADIENT_QEF_CAD_ROOT}/Fusion360Gallery/s2.0.1_extended_step/sample_500/step/34581_e34981d3_0.stp
F119,Fusion360Gallery,108773_f9384cff_24,train,completed,0,True,True,True,1,1,11,0,True,1,0,True,208.80160901337504,16,28,0,0,1,True,True,True,admitted,0.013554333,335b3a697d2767ce17985a1b350c9ebed621c58351c8593d85caf0bf25674a78,335b3a697d2767ce17985a1b350c9ebed621c58351c8593d85caf0bf25674a78,${GRADIENT_QEF_CAD_ROOT}/Fusion360Gallery/s2.0.1_extended_step/sample_500/step/108773_f9384cff_24.stp
F120,Fusion360Gallery,21644_aa203dc5_39,train,completed,0,True,True,True,1,1,10,0,True,1,0,True,125.16251249901137,16,32,0,0,1,True,True,True,admitted,0.013169084,c08fb4a10085624898fe7648eab298816f4ca09309247599119e91e1ea2445ab,c08fb4a10085624898fe7648eab298816f4ca09309247599119e91e1ea2445ab,${GRADIENT_QEF_CAD_ROOT}/Fusion360Gallery/s2.0.1_extended_step/sample_500/step/21644_aa203dc5_39.stp
F121,Fusion360Gallery,109307_a5919b9f_0,train,completed,0,True,True,True,1,1,18,0,True,1,0,True,669.6874604262729,32,68,0,0,1,True,True,True,admitted,0.023796083,6fa248b94b793770b851a73d803e3043dac6ceda44b0594875dd5ef32ca88b61,6fa248b94b793770b851a73d803e3043dac6ceda44b0594875dd5ef32ca88b61,${GRADIENT_QEF_CAD_ROOT}/Fusion360Gallery/s2.0.1_extended_step/sample_500/step/109307_a5919b9f_0.stp
F122,Fusion360Gallery,130752_52d74f2f_19,train,completed,0,True,True,True,1,1,4,0,True,1,0,True,3.9400640099171715,38,72,0,0,1,True,True,True,admitted,0.005927792,58560c70950ba5328db9122ee8f7c938313cfad9933a16435d268a22d1c9babb,58560c70950ba5328db9122ee8f7c938313cfad9933a16435d268a22d1c9babb,${GRADIENT_QEF_CAD_ROOT}/Fusion360Gallery/s2.0.1_extended_step/sample_500/step/130752_52d74f2f_19.stp
F123,Fusion360Gallery,41512_c1a779f2_6,train,completed,0,True,True,True,1,1,12,0,True,1,0,True,27.843924525666754,163,322,0,0,1,True,True,True,admitted,0.016298334,872d646314eef80a821e364e367415627de109ca6cb5faa97c74085aef5aee7c,872d646314eef80a821e364e367415627de109ca6cb5faa97c74085aef5aee7c,${GRADIENT_QEF_CAD_ROOT}/Fusion360Gallery/s2.0.1_extended_step/sample_500/step/41512_c1a779f2_6.stp
F124,Fusion360Gallery,138838_c9a9e790_6,train,completed,0,True,True,True,1,1,4,0,True,1,0,True,326.00356671867917,228,456,0,0,1,True,True,True,admitted,0.007732083,4935034ce69d96ee0e5d1b523c8cc2cdfb03bc8f8cdecfdd1f5373c9f3ec0293,4935034ce69d96ee0e5d1b523c8cc2cdfb03bc8f8cdecfdd1f5373c9f3ec0293,${GRADIENT_QEF_CAD_ROOT}/Fusion360Gallery/s2.0.1_extended_step/sample_500/step/138838_c9a9e790_6.stp
F125,Fusion360Gallery,24481_6e1400f0_2,train,completed,0,True,True,True,1,1,18,0,True,1,0,True,45.326337177153825,160,320,0,0,1,True,True,True,admitted,0.024928666,e74f71c68960cc9828a41d5d9fb11ce08629af0d8f5547c4316e8d7a2950f067,e74f71c68960cc9828a41d5d9fb11ce08629af0d8f5547c4316e8d7a2950f067,${GRADIENT_QEF_CAD_ROOT}/Fusion360Gallery/s2.0.1_extended_step/sample_500/step/24481_6e1400f0_2.stp
F126,Fusion360Gallery,42333_53c85dac_12,train,completed,0,True,True,True,1,1,12,0,True,1,0,True,179.6881306106388,84,164,0,0,1,True,True,True,admitted,0.015025792,7115abd8bfc0755cc94cbe9b9b8ad34837602e7503acca297f76a6c8fa7d43ab,7115abd8bfc0755cc94cbe9b9b8ad34837602e7503acca297f76a6c8fa7d43ab,${GRADIENT_QEF_CAD_ROOT}/Fusion360Gallery/s2.0.1_extended_step/sample_500/step/42333_53c85dac_12.stp
F127,Fusion360Gallery,42558_11345b58_0,train,completed,0,True,True,True,1,1,85,0,True,1,0,True,189.62569188229153,834,1664,0,0,1,True,True,True,admitted,0.088216584,98e052ae837ada5fd25c5a0052388ceae4d6761b90fb6a344f4617a424117a42,98e052ae837ada5fd25c5a0052388ceae4d6761b90fb6a344f4617a424117a42,${GRADIENT_QEF_CAD_ROOT}/Fusion360Gallery/s2.0.1_extended_step/sample_500/step/42558_11345b58_0.stp
F128,Fusion360Gallery,113103_c0430481_0,train,completed,0,True,True,True,1,1,102,0,True,1,0,True,114.1653173366888,1090,2176,0,0,1,True,True,True,admitted,0.125993958,9693aa911890dc81dac2b590a76de8fd99f82439f1f43d55b84959e67802104b,9693aa911890dc81dac2b590a76de8fd99f82439f1f43d55b84959e67802104b,${GRADIENT_QEF_CAD_ROOT}/Fusion360Gallery/s2.0.1_extended_step/sample_500/step/113103_c0430481_0.stp
F129,Fusion360Gallery,33165_cec42ec5_7,train,completed,0,True,True,True,1,1,6,0,True,1,0,True,6.894386916198951,8,12,0,0,1,True,True,True,admitted,0.007678708,1f3e076988993bc5749139fddfea85f1dde6df2cfdea627da0952afbb8b23130,1f3e076988993bc5749139fddfea85f1dde6df2cfdea627da0952afbb8b23130,${GRADIENT_QEF_CAD_ROOT}/Fusion360Gallery/s2.0.1_extended_step/sample_500/step/33165_cec42ec5_7.stp
F130,Fusion360Gallery,36284_ad2dc2f2_6,train,completed,0,True,True,True,1,1,4,0,True,1,0,True,308.1850904864959,153,302,0,0,1,True,True,True,admitted,0.040435625,98136f5de92fb1a93fed43ff560a4a237cf04ed4f613524a0fb5bb01a18dae81,98136f5de92fb1a93fed43ff560a4a237cf04ed4f613524a0fb5bb01a18dae81,${GRADIENT_QEF_CAD_ROOT}/Fusion360Gallery/s2.0.1_extended_step/sample_500/step/36284_ad2dc2f2_6.stp
F131,Fusion360Gallery,137141_748596d0_0,train,completed,0,True,True,True,1,1,38,0,True,1,0,True,640.3404667264258,272,548,0,0,1,True,True,True,admitted,0.047634125,cc839cfe8850a4b105f222154608fd3404331cc8ac752b2227701f0836f459d0,cc839cfe8850a4b105f222154608fd3404331cc8ac752b2227701f0836f459d0,${GRADIENT_QEF_CAD_ROOT}/Fusion360Gallery/s2.0.1_extended_step/sample_500/step/137141_748596d0_0.stp
F132,Fusion360Gallery,123689_ccbd39d6_8,train,completed,0,True,True,True,1,1,1,0,True,1,0,True,1143.4351254126034,3578,7152,0,0,1,True,True,True,admitted,0.13720225,824669448a976178949c6f1e1cf8b386e3ec57c81cec257880ba5df8a1544a29,824669448a976178949c6f1e1cf8b386e3ec57c81cec257880ba5df8a1544a29,${GRADIENT_QEF_CAD_ROOT}/Fusion360Gallery/s2.0.1_extended_step/sample_500/step/123689_ccbd39d6_8.stp
F133,Fusion360Gallery,86296_8a6ed4d3_10,train,completed,0,True,True,True,1,1,32,0,True,1,0,True,3.560793619112402,284,564,0,0,1,True,True,True,admitted,0.071185333,9ee10844a391e397d7096478ed73b3e66727e996a489374965da3e1d933d2fb0,9ee10844a391e397d7096478ed73b3e66727e996a489374965da3e1d933d2fb0,${GRADIENT_QEF_CAD_ROOT}/Fusion360Gallery/s2.0.1_extended_step/sample_500/step/86296_8a6ed4d3_10.stp
F134,Fusion360Gallery,57859_f415d3a0_4,train,completed,0,True,True,True,1,1,10,0,True,1,0,True,40.638681854491374,80,156,0,0,1,True,True,True,admitted,0.01304975,99caaec4d1ee1f1d9e8f92aa8259925280f97898a75a3f5af5bd336aea3c9dd5,99caaec4d1ee1f1d9e8f92aa8259925280f97898a75a3f5af5bd336aea3c9dd5,${GRADIENT_QEF_CAD_ROOT}/Fusion360Gallery/s2.0.1_extended_step/sample_500/step/57859_f415d3a0_4.stp
F135,Fusion360Gallery,51242_5b85ef7b_21,train,completed,0,True,True,True,1,1,5,0,True,1,0,True,1936.348193272821,1260,2516,0,0,1,True,True,True,admitted,0.012374,f46426873420e5b1956c979f2b13aca31c2198e13b3b68b651577e8992624ccf,f46426873420e5b1956c979f2b13aca31c2198e13b3b68b651577e8992624ccf,${GRADIENT_QEF_CAD_ROOT}/Fusion360Gallery/s2.0.1_extended_step/sample_500/step/51242_5b85ef7b_21.stp
F136,Fusion360Gallery,22225_a3ce4d29_7,train,completed,0,True,True,True,1,1,25,0,True,1,0,True,894.7559610345638,736,1480,0,0,1,True,True,True,admitted,0.043084709,70184a491162a3eee142164d2b8bf875448183993609ae8d70ecee9c73ff0772,70184a491162a3eee142164d2b8bf875448183993609ae8d70ecee9c73ff0772,${GRADIENT_QEF_CAD_ROOT}/Fusion360Gallery/s2.0.1_extended_step/sample_500/step/22225_a3ce4d29_7.stp
F137,Fusion360Gallery,24508_6ee28fe9_1,train,completed,0,True,True,True,1,1,6,0,True,1,0,True,679.5061728395075,8,12,0,0,1,True,True,True,admitted,0.008094125,7d724615561b9fdab0c827aa05abe727caa2c15b15d299035d47bbffdb6fd9a4,7d724615561b9fdab0c827aa05abe727caa2c15b15d299035d47bbffdb6fd9a4,${GRADIENT_QEF_CAD_ROOT}/Fusion360Gallery/s2.0.1_extended_step/sample_500/step/24508_6ee28fe9_1.stp
F138,Fusion360Gallery,93395_d6c6f957_0,train,completed,0,True,True,True,1,1,70,0,True,1,0,True,362.23114339536323,2128,4252,0,0,1,True,True,True,admitted,0.065196584,e059afd5dce1104c7f4237b5eed2714d2003b6cc7547244e568c78dcedda7d26,e059afd5dce1104c7f4237b5eed2714d2003b6cc7547244e568c78dcedda7d26,${GRADIENT_QEF_CAD_ROOT}/Fusion360Gallery/s2.0.1_extended_step/sample_500/step/93395_d6c6f957_0.stp
F139,Fusion360Gallery,24221_0b711dbf_0,train,completed,0,True,True,True,1,1,15,0,True,1,0,True,857.3959394667917,296,592,0,0,1,True,True,True,admitted,0.019634292,02fe7590c13ce0fb2813fe2f280d90234d07e2c85cd12edb6d7045143b4066e2,02fe7590c13ce0fb2813fe2f280d90234d07e2c85cd12edb6d7045143b4066e2,${GRADIENT_QEF_CAD_ROOT}/Fusion360Gallery/s2.0.1_extended_step/sample_500/step/24221_0b711dbf_0.stp
F140,Fusion360Gallery,51940_67bb0219_10,train,completed,0,True,True,True,1,1,6,0,True,1,0,True,401.87249210729647,757,1510,0,0,1,True,True,True,admitted,0.025303959,eabb4a30cb5a868c97db473ec761b8822c9404d6bad247d3e282ba0b643cb475,eabb4a30cb5a868c97db473ec761b8822c9404d6bad247d3e282ba0b643cb475,${GRADIENT_QEF_CAD_ROOT}/Fusion360Gallery/s2.0.1_extended_step/sample_500/step/51940_67bb0219_10.stp
F141,Fusion360Gallery,66373_34b20fca_1,train,completed,0,True,True,True,1,1,6,0,True,1,0,True,1472.199147611243,1426,2810,40,0,1,False,True,False,mesh_boundary,0.034585833,6058adc7d90cea749a9d1c88c0a8bf7b72bf10c7aba9fef4e84e96dbd16f62c1,6058adc7d90cea749a9d1c88c0a8bf7b72bf10c7aba9fef4e84e96dbd16f62c1,${GRADIENT_QEF_CAD_ROOT}/Fusion360Gallery/s2.0.1_extended_step/sample_500/step/66373_34b20fca_1.stp
F142,Fusion360Gallery,54502_9441c063_0,train,completed,0,True,True,True,1,1,34,0,True,1,0,True,348.12638062444677,280,564,0,0,1,True,True,True,admitted,0.041697625,2b35b507e621df8b917f576bac9b9c3fce4b1c87e23e2b854757b5aa8b83d5c3,2b35b507e621df8b917f576bac9b9c3fce4b1c87e23e2b854757b5aa8b83d5c3,${GRADIENT_QEF_CAD_ROOT}/Fusion360Gallery/s2.0.1_extended_step/sample_500/step/54502_9441c063_0.stp
F143,Fusion360Gallery,23418_18c3b38d_11,train,completed,0,True,True,True,1,1,3,0,True,1,0,True,1810.0421167275044,1624,3244,0,0,1,True,True,True,admitted,0.025137458,cdb2382d172f74c3a9f197ded906d46e3c5b02ab9161145d33d61f98f207eb59,cdb2382d172f74c3a9f197ded906d46e3c5b02ab9161145d33d61f98f207eb59,${GRADIENT_QEF_CAD_ROOT}/Fusion360Gallery/s2.0.1_extended_step/sample_500/step/23418_18c3b38d_11.stp
F144,Fusion360Gallery,29729_e8bb36f1_4,train,completed,0,True,True,True,1,1,6,0,True,1,0,True,1308.7078354974774,8,12,0,0,1,True,True,True,admitted,0.008067916,aaa359ec534c581a08baa355f6df47ae4ea0a6595ae4938b4d5e7555e3c628b2,aaa359ec534c581a08baa355f6df47ae4ea0a6595ae4938b4d5e7555e3c628b2,${GRADIENT_QEF_CAD_ROOT}/Fusion360Gallery/s2.0.1_extended_step/sample_500/step/29729_e8bb36f1_4.stp
F145,Fusion360Gallery,31360_a1accb4b_87,train,completed,0,True,True,True,1,1,12,0,True,1,0,True,211.59741819408782,20,36,0,0,1,True,True,True,admitted,0.013904708,ef69ea45886d3629a56a937107c334cfcdad0825c0c64e3c1b6cb0e6bdc07cce,ef69ea45886d3629a56a937107c334cfcdad0825c0c64e3c1b6cb0e6bdc07cce,${GRADIENT_QEF_CAD_ROOT}/Fusion360Gallery/s2.0.1_extended_step/sample_500/step/31360_a1accb4b_87.stp
F146,Fusion360Gallery,76298_af8ea172_33,train,completed,0,True,True,True,1,1,12,0,True,1,0,True,1377.420546004208,1094,2184,0,0,1,True,True,True,admitted,0.02068225,31bca0afb385ae87118c5ba8820b6024d0f8ebc28ba7d94a88c040e883731733,31bca0afb385ae87118c5ba8820b6024d0f8ebc28ba7d94a88c040e883731733,${GRADIENT_QEF_CAD_ROOT}/Fusion360Gallery/s2.0.1_extended_step/sample_500/step/76298_af8ea172_33.stp
F147,Fusion360Gallery,42404_6a7d8616_0,train,completed,0,True,True,True,1,1,11,0,True,1,0,True,55.42282343106754,16,28,0,0,1,True,True,True,admitted,0.013037833,490468b5111607dccba487a91a9e3ae5822aea2e187235706abfc0cfa4bcc88f,490468b5111607dccba487a91a9e3ae5822aea2e187235706abfc0cfa4bcc88f,${GRADIENT_QEF_CAD_ROOT}/Fusion360Gallery/s2.0.1_extended_step/sample_500/step/42404_6a7d8616_0.stp
F148,Fusion360Gallery,41708_3a74f048_9,train,completed,0,True,True,True,1,1,15,0,True,1,0,True,3.258912751355641,235,474,0,0,1,True,True,True,admitted,0.029518917,9a196bb33dd0de83a4e683c83a18033d2f92f48f2ba4c546d2c0167bb8171fbd,9a196bb33dd0de83a4e683c83a18033d2f92f48f2ba4c546d2c0167bb8171fbd,${GRADIENT_QEF_CAD_ROOT}/Fusion360Gallery/s2.0.1_extended_step/sample_500/step/41708_3a74f048_9.stp
F149,Fusion360Gallery,79117_19097e61_5,train,completed,0,True,True,True,1,1,4,0,True,1,0,True,278.63844684158846,212,424,0,0,1,True,True,True,admitted,0.007751541,c54c35312be7620250f410e7533a5f974dcdfe16727c81f641171bf47eea4d47,c54c35312be7620250f410e7533a5f974dcdfe16727c81f641171bf47eea4d47,${GRADIENT_QEF_CAD_ROOT}/Fusion360Gallery/s2.0.1_extended_step/sample_500/step/79117_19097e61_5.stp
F150,Fusion360Gallery,55279_5d386bad_0,train,completed,0,True,True,True,1,1,4,0,True,1,0,True,507.42502797957474,222,444,0,0,1,True,True,True,admitted,0.008601083,5c20400ae3616f7f1e372def3e6bedd4d3026eaf2783483ec9fb79d4e33bb7ac,5c20400ae3616f7f1e372def3e6bedd4d3026eaf2783483ec9fb79d4e33bb7ac,${GRADIENT_QEF_CAD_ROOT}/Fusion360Gallery/s2.0.1_extended_step/sample_500/step/55279_5d386bad_0.stp
F151,Fusion360Gallery,24690_b6d62097_8,train,completed,0,True,True,True,1,1,6,0,True,1,0,True,700,8,12,0,0,1,True,True,True,admitted,0.008281084,515f15f2f522130cb5945cd9be60b4a9eb7d34f27187ebee646113a5bdf6fafb,515f15f2f522130cb5945cd9be60b4a9eb7d34f27187ebee646113a5bdf6fafb,${GRADIENT_QEF_CAD_ROOT}/Fusion360Gallery/s2.0.1_extended_step/sample_500/step/24690_b6d62097_8.stp
F152,Fusion360Gallery,55247_13a4b5ed_2,train,completed,0,True,True,True,1,1,5,0,True,1,0,True,1499.6903202321628,178,352,0,0,1,True,True,True,admitted,0.007525208,a012559acda29f4c483a4eab0320a0e21f8454b95d261c67fc23c7355ac33b73,a012559acda29f4c483a4eab0320a0e21f8454b95d261c67fc23c7355ac33b73,${GRADIENT_QEF_CAD_ROOT}/Fusion360Gallery/s2.0.1_extended_step/sample_500/step/55247_13a4b5ed_2.stp
F153,Fusion360Gallery,115608_25230092_0,train,completed,0,True,True,True,1,1,231,0,True,1,0,True,137.48630819090636,6991,14017,13,0,1,False,True,False,mesh_boundary,0.289445667,3d3bf1eaa670db43ea69e773f1d48a931c962a082c4645aeee50e24462948129,3d3bf1eaa670db43ea69e773f1d48a931c962a082c4645aeee50e24462948129,${GRADIENT_QEF_CAD_ROOT}/Fusion360Gallery/s2.0.1_extended_step/sample_500/step/115608_25230092_0.stp
F154,Fusion360Gallery,36194_c9cfd107_14,train,completed,0,True,True,True,1,1,15,0,True,1,0,True,44.24419288070951,394,792,0,0,1,True,True,True,admitted,0.035922875,3e5c76401692c860f7199cc71ba30e40afb620f0e531c931627602644781fa6e,3e5c76401692c860f7199cc71ba30e40afb620f0e531c931627602644781fa6e,${GRADIENT_QEF_CAD_ROOT}/Fusion360Gallery/s2.0.1_extended_step/sample_500/step/36194_c9cfd107_14.stp
F155,Fusion360Gallery,51860_32540fd4_31,train,completed,0,True,True,True,1,1,28,0,True,1,0,True,239.0737408942683,384,776,0,0,1,True,True,True,admitted,0.035910083,19cbfd217e466f0c07169d391299ed2b8d84e0ce67b8f8cf07b3759e536919ab,19cbfd217e466f0c07169d391299ed2b8d84e0ce67b8f8cf07b3759e536919ab,${GRADIENT_QEF_CAD_ROOT}/Fusion360Gallery/s2.0.1_extended_step/sample_500/step/51860_32540fd4_31.stp
F156,Fusion360Gallery,40807_58058731_7,train,completed,0,True,True,True,1,1,3,0,True,1,0,True,104.71975511966,120,236,0,0,1,True,True,True,admitted,0.005441459,6707de1483c2750b86e8fcf57b1efdd2072d8c19a9ef9e77f01d276da50f8202,6707de1483c2750b86e8fcf57b1efdd2072d8c19a9ef9e77f01d276da50f8202,${GRADIENT_QEF_CAD_ROOT}/Fusion360Gallery/s2.0.1_extended_step/sample_500/step/40807_58058731_7.stp
F157,Fusion360Gallery,136716_076bbbb3_9,train,completed,0,True,True,True,1,1,21,0,True,1,0,True,1140.6766245362105,138,272,0,0,1,True,True,True,admitted,0.026081209,9fa7b5652e826f33dff831c03c06382802563fe528f0eb4420027ad5b5e82193,9fa7b5652e826f33dff831c03c06382802563fe528f0eb4420027ad5b5e82193,${GRADIENT_QEF_CAD_ROOT}/Fusion360Gallery/s2.0.1_extended_step/sample_500/step/136716_076bbbb3_9.stp
F158,Fusion360Gallery,22070_fd1b8e5e_4,train,completed,0,True,True,True,1,1,10,0,True,1,0,True,4626.817277125061,302,600,0,0,1,True,True,True,admitted,0.012096542,74caa2bcb5f17772f016b7f3cddc7732a4774e157e48ca139c6c08958c67d927,74caa2bcb5f17772f016b7f3cddc7732a4774e157e48ca139c6c08958c67d927,${GRADIENT_QEF_CAD_ROOT}/Fusion360Gallery/s2.0.1_extended_step/sample_500/step/22070_fd1b8e5e_4.stp
F159,Fusion360Gallery,23120_f7c9092f_6,train,completed,0,True,True,True,1,1,6,0,True,1,0,True,231.41592653589834,76,148,0,0,1,True,True,True,admitted,0.008598083,b58507071c8e322abd573acb100e0075ab240ecd20d1324094d987556f969f53,b58507071c8e322abd573acb100e0075ab240ecd20d1324094d987556f969f53,${GRADIENT_QEF_CAD_ROOT}/Fusion360Gallery/s2.0.1_extended_step/sample_500/step/23120_f7c9092f_6.stp
F160,Fusion360Gallery,91573_272066be_0,train,completed,0,True,True,True,1,1,6,0,True,1,0,True,991.7355371900844,8,12,0,0,1,True,True,True,admitted,0.00810325,3031ee3321a66afd3c3f9a7a6d84b8a8dcc5c26a943fae3cf4ab6b4228600aca,3031ee3321a66afd3c3f9a7a6d84b8a8dcc5c26a943fae3cf4ab6b4228600aca,${GRADIENT_QEF_CAD_ROOT}/Fusion360Gallery/s2.0.1_extended_step/sample_500/step/91573_272066be_0.stp
F161,Fusion360Gallery,115617_7d36e5d9_15,train,completed,0,True,True,True,1,1,12,0,True,1,0,True,126.21283590272438,518,1052,0,0,1,True,True,True,admitted,0.071432542,f631dffcfc73778ebe93974da91df400c4623e7c5ad8275b41a4c5594713f22f,f631dffcfc73778ebe93974da91df400c4623e7c5ad8275b41a4c5594713f22f,${GRADIENT_QEF_CAD_ROOT}/Fusion360Gallery/s2.0.1_extended_step/sample_500/step/115617_7d36e5d9_15.stp
F162,Fusion360Gallery,30729_b4d83b07_30,train,completed,0,True,True,True,1,1,7,0,True,1,0,True,3.683287254640776,216,428,0,0,1,True,True,True,admitted,0.008347,ed0a02fbdcd3228de7cde50e2cd8e4eb942226f398eefbc9cb17fdc7a53c8045,ed0a02fbdcd3228de7cde50e2cd8e4eb942226f398eefbc9cb17fdc7a53c8045,${GRADIENT_QEF_CAD_ROOT}/Fusion360Gallery/s2.0.1_extended_step/sample_500/step/30729_b4d83b07_30.stp
F163,Fusion360Gallery,21237_7887a24b_70,train,completed,0,True,True,True,1,1,22,0,True,1,0,True,10.250326007677266,330,656,0,0,1,True,True,True,admitted,0.030987333,4872f80acfbb4afb864071f4d44e9f98f6f63ed91b9295887c1e7686b6b503dd,4872f80acfbb4afb864071f4d44e9f98f6f63ed91b9295887c1e7686b6b503dd,${GRADIENT_QEF_CAD_ROOT}/Fusion360Gallery/s2.0.1_extended_step/sample_500/step/21237_7887a24b_70.stp
F164,Fusion360Gallery,34341_d19b12fb_22,train,completed,0,True,True,True,1,1,3,0,True,1,0,True,8.61483885265142,72,140,0,0,1,True,True,True,admitted,0.005330459,81f12faa25aa446131e6527e837fd31ce5d70eef468055067f32401d2da136a6,81f12faa25aa446131e6527e837fd31ce5d70eef468055067f32401d2da136a6,${GRADIENT_QEF_CAD_ROOT}/Fusion360Gallery/s2.0.1_extended_step/sample_500/step/34341_d19b12fb_22.stp
F165,Fusion360Gallery,134439_efb3051d_17,train,completed,0,True,True,True,1,1,266,0,True,1,0,True,69.39280285905119,1840,3676,0,0,1,True,True,True,admitted,0.577937041,bb1d85addc53b79e6f5daab7db9e632b66451d31e4bf6be207d224c4411ae4a8,bb1d85addc53b79e6f5daab7db9e632b66451d31e4bf6be207d224c4411ae4a8,${GRADIENT_QEF_CAD_ROOT}/Fusion360Gallery/s2.0.1_extended_step/sample_500/step/134439_efb3051d_17.stp
F166,Fusion360Gallery,36445_67816b83_0,train,completed,0,True,True,True,1,1,15,0,True,1,0,True,652.6397699908055,640,1276,0,0,1,True,True,True,admitted,0.014608958,24e629ca0b9714dd893fee5960e47b8a6e343e5d4af12d4b2a5c3ba1af37ffbf,24e629ca0b9714dd893fee5960e47b8a6e343e5d4af12d4b2a5c3ba1af37ffbf,${GRADIENT_QEF_CAD_ROOT}/Fusion360Gallery/s2.0.1_extended_step/sample_500/step/36445_67816b83_0.stp
F167,Fusion360Gallery,55355_9b28f55a_1,train,completed,0,True,True,True,1,1,3,0,True,1,0,True,1678.810954115038,1756,3508,0,0,1,True,True,True,admitted,0.060408375,382d8bb99ad84cf1710d0cacfdacecfacb3de217252ee902aa75e3c3288e2402,382d8bb99ad84cf1710d0cacfdacecfacb3de217252ee902aa75e3c3288e2402,${GRADIENT_QEF_CAD_ROOT}/Fusion360Gallery/s2.0.1_extended_step/sample_500/step/55355_9b28f55a_1.stp
F168,Fusion360Gallery,129845_8e93541e_109,train,completed,0,True,True,True,1,1,6,0,True,1,0,True,0.01136094674556214,8,12,0,0,1,True,True,True,admitted,0.008029375,3807b4cbfd1829438605700de995e81f8b1f9564b2bbc9e7e93f2b15d792679e,3807b4cbfd1829438605700de995e81f8b1f9564b2bbc9e7e93f2b15d792679e,${GRADIENT_QEF_CAD_ROOT}/Fusion360Gallery/s2.0.1_extended_step/sample_500/step/129845_8e93541e_109.stp
F169,Fusion360Gallery,24815_4f2a57e4_14,train,completed,0,True,True,True,1,1,5,0,True,1,0,True,1146.4396315736192,1818,3632,0,0,1,True,True,True,admitted,0.04583125,e1e7bc72bc6a857d61184b78bb270948575091bfef5958823d0ecac33774ff6a,e1e7bc72bc6a857d61184b78bb270948575091bfef5958823d0ecac33774ff6a,${GRADIENT_QEF_CAD_ROOT}/Fusion360Gallery/s2.0.1_extended_step/sample_500/step/24815_4f2a57e4_14.stp
F170,Fusion360Gallery,24302_2bcddd22_1,train,completed,0,True,True,True,1,1,5,0,True,1,0,True,140.82557216715193,144,284,0,0,1,True,True,True,admitted,0.006319083,8ed69d5dfc295a42700db07310b58864bf26fdf8c0fd8122d711530e99e8ca11,8ed69d5dfc295a42700db07310b58864bf26fdf8c0fd8122d711530e99e8ca11,${GRADIENT_QEF_CAD_ROOT}/Fusion360Gallery/s2.0.1_extended_step/sample_500/step/24302_2bcddd22_1.stp
F171,Fusion360Gallery,34330_5eff1ee1_14,train,completed,0,True,True,True,1,1,3,0,True,1,0,True,15.70796326794897,72,140,0,0,1,True,True,True,admitted,0.005514958,a33f1486a6acadea2082c47a6b8ca7e294b5ecd6b83dfa7fa7f18702ed41fb40,a33f1486a6acadea2082c47a6b8ca7e294b5ecd6b83dfa7fa7f18702ed41fb40,${GRADIENT_QEF_CAD_ROOT}/Fusion360Gallery/s2.0.1_extended_step/sample_500/step/34330_5eff1ee1_14.stp
F172,Fusion360Gallery,63069_df3a2685_0,train,completed,0,True,True,True,1,1,94,0,True,1,0,True,15.598700565612866,1456,2984,0,0,1,True,True,True,admitted,0.110864667,3fe6d075aad562fa996099b7df928cabc10050c0c65efdc6a4e9022bc4f6831b,3fe6d075aad562fa996099b7df928cabc10050c0c65efdc6a4e9022bc4f6831b,${GRADIENT_QEF_CAD_ROOT}/Fusion360Gallery/s2.0.1_extended_step/sample_500/step/63069_df3a2685_0.stp
F173,Fusion360Gallery,70348_492f4e13_0,train,completed,0,True,True,True,1,1,129,0,True,1,0,True,582.7117861502188,1390,2784,0,2,1,True,True,False,mesh_nonmanifold,0.260687417,b979c4897713f0473ea6e96772fdadaae114d912f1cb1bb5282b546471f237be,b979c4897713f0473ea6e96772fdadaae114d912f1cb1bb5282b546471f237be,${GRADIENT_QEF_CAD_ROOT}/Fusion360Gallery/s2.0.1_extended_step/sample_500/step/70348_492f4e13_0.stp
F174,Fusion360Gallery,135810_3d5e24a5_37,train,completed,0,True,True,True,1,1,6,0,True,1,0,True,0.8521443928996323,8,12,0,0,1,True,True,True,admitted,0.007409334,36528510b06d40d56e0407d09c3d2bb7702cfeca2942be48f4c9be975516396c,36528510b06d40d56e0407d09c3d2bb7702cfeca2942be48f4c9be975516396c,${GRADIENT_QEF_CAD_ROOT}/Fusion360Gallery/s2.0.1_extended_step/sample_500/step/135810_3d5e24a5_37.stp
F175,Fusion360Gallery,113177_e0a0fba7_0,train,completed,0,True,True,True,1,1,26,0,True,1,0,True,130.1863779958546,312,620,0,0,1,True,True,True,admitted,0.031231209,d97278e0f8fee2a5373f164fcb3604ad7996040079cff83d9a0dfedf718fd475,d97278e0f8fee2a5373f164fcb3604ad7996040079cff83d9a0dfedf718fd475,${GRADIENT_QEF_CAD_ROOT}/Fusion360Gallery/s2.0.1_extended_step/sample_500/step/113177_e0a0fba7_0.stp
F176,Fusion360Gallery,107647_af2c0a8b_3,train,completed,0,True,True,True,1,1,3,0,True,1,0,True,251.32741228718322,120,236,0,0,1,True,True,True,admitted,0.005241083,6296f059994efb1f12689d19ff2c22a66b18693aec28fbd56dbe48f581d1bab8,6296f059994efb1f12689d19ff2c22a66b18693aec28fbd56dbe48f581d1bab8,${GRADIENT_QEF_CAD_ROOT}/Fusion360Gallery/s2.0.1_extended_step/sample_500/step/107647_af2c0a8b_3.stp
F177,Fusion360Gallery,36088_1ea9c8a9_8,train,completed,0,True,True,True,1,1,6,0,True,1,0,True,528.7227508715662,302,604,0,0,1,True,True,True,admitted,0.008320875,5d9323431c512cb02ef9aeb64f29fb0d96c5bc00d98ff8221c202e17bf6db51b,5d9323431c512cb02ef9aeb64f29fb0d96c5bc00d98ff8221c202e17bf6db51b,${GRADIENT_QEF_CAD_ROOT}/Fusion360Gallery/s2.0.1_extended_step/sample_500/step/36088_1ea9c8a9_8.stp
F178,Fusion360Gallery,70718_14dd6922_16,train,completed,0,True,True,True,1,1,15,0,True,1,0,True,105.97497640967083,170,336,0,0,1,True,True,True,admitted,0.017538666,7eb36b0cece79a568c4fd7f6647ecadb4e9d7e97912a9da44010944c8b99b13f,7eb36b0cece79a568c4fd7f6647ecadb4e9d7e97912a9da44010944c8b99b13f,${GRADIENT_QEF_CAD_ROOT}/Fusion360Gallery/s2.0.1_extended_step/sample_500/step/70718_14dd6922_16.stp
F179,Fusion360Gallery,139469_8e9175f6_3,train,completed,0,True,True,True,1,1,20,0,True,1,0,True,14.028195404339236,663,1322,0,0,1,True,True,True,admitted,0.025705084,a9b50f6d3f1783233d900a6cdda2c61bb5bd6a989e3defd133d27cb75ff07a8a,a9b50f6d3f1783233d900a6cdda2c61bb5bd6a989e3defd133d27cb75ff07a8a,${GRADIENT_QEF_CAD_ROOT}/Fusion360Gallery/s2.0.1_extended_step/sample_500/step/139469_8e9175f6_3.stp
F180,Fusion360Gallery,143590_87049041_7,train,completed,0,True,True,True,1,1,14,0,True,1,0,True,20.871985157699516,24,44,0,0,1,True,True,True,admitted,0.015990334,e8cdeb93e7275e52089c94d3ce2026a527d13488da0a9ff14cffb9f96c9bb00a,e8cdeb93e7275e52089c94d3ce2026a527d13488da0a9ff14cffb9f96c9bb00a,${GRADIENT_QEF_CAD_ROOT}/Fusion360Gallery/s2.0.1_extended_step/sample_500/step/143590_87049041_7.stp
F181,Fusion360Gallery,122500_e33660ad_16,train,completed,0,True,True,True,1,1,36,0,True,1,0,True,1301.4915257759403,260,516,0,0,1,True,True,True,admitted,0.074402166,49d2649805bbec9065aa5742500a5587641e69007bf5a0b55eb2dda30ab74c81,49d2649805bbec9065aa5742500a5587641e69007bf5a0b55eb2dda30ab74c81,${GRADIENT_QEF_CAD_ROOT}/Fusion360Gallery/s2.0.1_extended_step/sample_500/step/122500_e33660ad_16.stp
F182,Fusion360Gallery,21852_6cf9a734_18,train,completed,0,True,True,True,1,1,16,0,True,1,0,True,1035.3168965297568,704,1412,0,0,1,True,True,True,admitted,0.017418833,8047cf4f34baffa09f715a40a591c642019f31447441fe07f935b1289377b0a1,8047cf4f34baffa09f715a40a591c642019f31447441fe07f935b1289377b0a1,${GRADIENT_QEF_CAD_ROOT}/Fusion360Gallery/s2.0.1_extended_step/sample_500/step/21852_6cf9a734_18.stp
F183,Fusion360Gallery,118865_0c8a3bc4_0,train,completed,0,True,True,True,1,1,11,0,True,1,0,True,649.5242811296897,325,646,0,0,1,True,True,True,admitted,0.01562725,56d3a6336d7731bac61153fff5b615a5a9ddeffa2c56c5ff0cf3f4ef59c48cf5,56d3a6336d7731bac61153fff5b615a5a9ddeffa2c56c5ff0cf3f4ef59c48cf5,${GRADIENT_QEF_CAD_ROOT}/Fusion360Gallery/s2.0.1_extended_step/sample_500/step/118865_0c8a3bc4_0.stp
F184,Fusion360Gallery,122515_758d8b70_19,train,completed,0,True,True,True,1,1,9,0,True,1,0,True,4243.083955901124,214,428,0,0,1,True,True,True,admitted,0.011999959,049a5f602ada6797e49ba8a4a2c31c7fbb67a8eff4b1d32bc6cabdee256f632b,049a5f602ada6797e49ba8a4a2c31c7fbb67a8eff4b1d32bc6cabdee256f632b,${GRADIENT_QEF_CAD_ROOT}/Fusion360Gallery/s2.0.1_extended_step/sample_500/step/122515_758d8b70_19.stp
F185,Fusion360Gallery,20838_86c931be_0,train,completed,0,True,True,True,1,1,8,0,True,1,0,True,601.1383345784594,54,104,0,0,1,True,True,True,admitted,0.010082042,f451821be24d8ef518910a183fa1929b3ff5bb255116ed2731350a9e4e902d22,f451821be24d8ef518910a183fa1929b3ff5bb255116ed2731350a9e4e902d22,${GRADIENT_QEF_CAD_ROOT}/Fusion360Gallery/s2.0.1_extended_step/sample_500/step/20838_86c931be_0.stp
F186,Fusion360Gallery,82397_9df31ee8_0,train,completed,0,True,True,True,1,1,4,0,True,1,0,True,2793.6241075963385,245,486,0,0,1,True,True,True,admitted,0.007135125,b10b21f7299b4c51f563fde79fbbbc9dc6c9ccae76538d3d335eda44c6cfc598,b10b21f7299b4c51f563fde79fbbbc9dc6c9ccae76538d3d335eda44c6cfc598,${GRADIENT_QEF_CAD_ROOT}/Fusion360Gallery/s2.0.1_extended_step/sample_500/step/82397_9df31ee8_0.stp
F187,Fusion360Gallery,102175_699d5e7c_12,train,completed,0,True,True,True,1,1,18,0,True,1,0,True,654.5717849696235,383,762,0,0,1,True,True,True,admitted,0.055226333,6accdb69ca446906fa03eee2f612df8d836879ddd5a29af109a9b702c87c6845,6accdb69ca446906fa03eee2f612df8d836879ddd5a29af109a9b702c87c6845,${GRADIENT_QEF_CAD_ROOT}/Fusion360Gallery/s2.0.1_extended_step/sample_500/step/102175_699d5e7c_12.stp
F188,Fusion360Gallery,51743_372223b1_7,train,completed,0,True,True,True,1,1,3,0,True,1,0,True,278.4791271880157,72,140,0,0,1,True,True,True,admitted,0.005177583,ee20cbcf772a0a14fc0792720831ee6c62cfc8a8d6292b45723604ebad5f432b,ee20cbcf772a0a14fc0792720831ee6c62cfc8a8d6292b45723604ebad5f432b,${GRADIENT_QEF_CAD_ROOT}/Fusion360Gallery/s2.0.1_extended_step/sample_500/step/51743_372223b1_7.stp
F189,Fusion360Gallery,24720_19eea793_3,train,completed,0,True,True,True,1,1,3,0,True,1,0,True,481.8919171116837,154,304,0,0,1,True,True,True,admitted,0.005826459,9a5990bed7700f20c0a11ba27754249993ccea0db31941403d2833d948d7a323,9a5990bed7700f20c0a11ba27754249993ccea0db31941403d2833d948d7a323,${GRADIENT_QEF_CAD_ROOT}/Fusion360Gallery/s2.0.1_extended_step/sample_500/step/24720_19eea793_3.stp
F190,Fusion360Gallery,102416_b74464a2_0,train,completed,0,True,True,True,1,1,10,0,True,1,0,True,1285.50437317784,16,28,0,0,1,True,True,True,admitted,0.013921667,e8513a85b0de657556afc03293fc598e67f99a41cb26403f2b0c1fb7d446b851,e8513a85b0de657556afc03293fc598e67f99a41cb26403f2b0c1fb7d446b851,${GRADIENT_QEF_CAD_ROOT}/Fusion360Gallery/s2.0.1_extended_step/sample_500/step/102416_b74464a2_0.stp
F191,Fusion360Gallery,33500_e58e287e_1,train,completed,0,True,True,True,1,1,8,0,True,1,0,True,1880.875007231786,146,288,0,0,1,True,True,True,admitted,0.011780875,b2426af56b20f06de5820010aa0e69bc2ef43ad8e3fe226c67d852f8853f5f52,b2426af56b20f06de5820010aa0e69bc2ef43ad8e3fe226c67d852f8853f5f52,${GRADIENT_QEF_CAD_ROOT}/Fusion360Gallery/s2.0.1_extended_step/sample_500/step/33500_e58e287e_1.stp
F192,Fusion360Gallery,56250_3b6024e3_36,train,completed,0,True,True,True,1,1,8,0,True,1,0,True,377.61385569086593,1729,3458,0,0,1,True,True,True,admitted,0.015576125,be86e70d0c1279c8c36570a13fb80684cec7ff208d6ea5739bf9924695b285c6,be86e70d0c1279c8c36570a13fb80684cec7ff208d6ea5739bf9924695b285c6,${GRADIENT_QEF_CAD_ROOT}/Fusion360Gallery/s2.0.1_extended_step/sample_500/step/56250_3b6024e3_36.stp
F193,Fusion360Gallery,51864_39932fe9_42,train,completed,0,True,True,True,1,1,16,0,True,1,0,True,0.9051885691051562,72,148,0,0,1,True,True,True,admitted,0.021296042,619317dd14ebd26e8d446f665b35755bd43ea50ea95e3d05c54819c594f3637e,619317dd14ebd26e8d446f665b35755bd43ea50ea95e3d05c54819c594f3637e,${GRADIENT_QEF_CAD_ROOT}/Fusion360Gallery/s2.0.1_extended_step/sample_500/step/51864_39932fe9_42.stp
F194,Fusion360Gallery,139314_6678418f_0,train,completed,0,True,True,True,1,1,6,0,True,1,0,True,6.354783574935771,74,144,0,0,1,True,True,True,admitted,0.010134041,ccac5881252e52265f47bce03550ed19bf88cda4dc23ea987c289310a7870e13,ccac5881252e52265f47bce03550ed19bf88cda4dc23ea987c289310a7870e13,${GRADIENT_QEF_CAD_ROOT}/Fusion360Gallery/s2.0.1_extended_step/sample_500/step/139314_6678418f_0.stp
F195,Fusion360Gallery,131468_117edf36_25,train,completed,0,True,True,True,1,1,6,0,True,1,0,True,690.7019431172404,8,12,0,0,1,True,True,True,admitted,0.007722667,e907ed1600666270553c3625de4e03a7721780abb305160e3e5658a7262026a0,e907ed1600666270553c3625de4e03a7721780abb305160e3e5658a7262026a0,${GRADIENT_QEF_CAD_ROOT}/Fusion360Gallery/s2.0.1_extended_step/sample_500/step/131468_117edf36_25.stp
F196,Fusion360Gallery,35420_228908ef_4,train,completed,0,True,True,True,1,1,3,0,True,1,0,True,133.68479376977808,120,236,0,0,1,True,True,True,admitted,0.005347625,0a6ea9e835cbb1b0bdfa608b1c7503be5d930c16fa3c706ba6393d30f9d91470,0a6ea9e835cbb1b0bdfa608b1c7503be5d930c16fa3c706ba6393d30f9d91470,${GRADIENT_QEF_CAD_ROOT}/Fusion360Gallery/s2.0.1_extended_step/sample_500/step/35420_228908ef_4.stp
F197,Fusion360Gallery,139049_38b2143f_12,train,completed,0,True,True,True,1,1,23,0,True,1,0,True,7.1087539856977475,176,356,0,0,1,True,True,True,admitted,0.029386167,ce30757e40dba086312389cbf54c1e6c1e085352111ad2740bce71b5a5631f67,ce30757e40dba086312389cbf54c1e6c1e085352111ad2740bce71b5a5631f67,${GRADIENT_QEF_CAD_ROOT}/Fusion360Gallery/s2.0.1_extended_step/sample_500/step/139049_38b2143f_12.stp
F198,Fusion360Gallery,22581_406c16c4_0,train,completed,0,True,True,True,1,1,3,0,True,1,0,True,555.6069946267075,791,1578,0,0,1,True,True,True,admitted,0.012349459,cb0872574a8318c7b266b8c940c756f38f1636db2cba188c44aac0401fe9dc3e,cb0872574a8318c7b266b8c940c756f38f1636db2cba188c44aac0401fe9dc3e,${GRADIENT_QEF_CAD_ROOT}/Fusion360Gallery/s2.0.1_extended_step/sample_500/step/22581_406c16c4_0.stp
F199,Fusion360Gallery,54360_db08c779_9,train,completed,0,True,True,True,1,1,23,0,True,1,0,True,429.8435016682813,168,332,0,0,1,True,True,True,admitted,0.025823,4e10ce4a737ddd63ae7ae21b41ff3519ee2dd06efd60d7347b6cb03fd9f6b433,4e10ce4a737ddd63ae7ae21b41ff3519ee2dd06efd60d7347b6cb03fd9f6b433,${GRADIENT_QEF_CAD_ROOT}/Fusion360Gallery/s2.0.1_extended_step/sample_500/step/54360_db08c779_9.stp
F200,Fusion360Gallery,21568_3503887f_0,train,completed,0,True,True,True,1,1,14,0,True,1,0,True,561.3017263115441,1803,3602,0,0,1,True,True,True,admitted,0.039815584,5fdc6ad082568be4fc26eabbb79f106b3b92858273d97d43850d0a9c7a40693e,5fdc6ad082568be4fc26eabbb79f106b3b92858273d97d43850d0a9c7a40693e,${GRADIENT_QEF_CAD_ROOT}/Fusion360Gallery/s2.0.1_extended_step/sample_500/step/21568_3503887f_0.stp
F201,Fusion360Gallery,127820_cfde5ee0_1,train,completed,0,True,True,True,1,1,4,0,True,1,0,True,204.32431993542335,129,254,0,0,1,True,True,True,admitted,0.005711625,3faf9279136d4fb29c0a8ee66b79c326fd30b4ad5f84abf74a94fb5dcf9c3d7c,3faf9279136d4fb29c0a8ee66b79c326fd30b4ad5f84abf74a94fb5dcf9c3d7c,${GRADIENT_QEF_CAD_ROOT}/Fusion360Gallery/s2.0.1_extended_step/sample_500/step/127820_cfde5ee0_1.stp
F202,Fusion360Gallery,44998_b4e41716_95,train,completed,0,True,True,True,1,1,10,0,True,1,0,True,572.9491193791661,84,164,0,0,1,True,True,True,admitted,0.013058667,0adde170b11d36652bdf886e848ee9f600088c630df3fb0190c0a12018353fc9,0adde170b11d36652bdf886e848ee9f600088c630df3fb0190c0a12018353fc9,${GRADIENT_QEF_CAD_ROOT}/Fusion360Gallery/s2.0.1_extended_step/sample_500/step/44998_b4e41716_95.stp
F203,Fusion360Gallery,133712_f733e991_6,train,completed,0,True,True,True,1,1,19,0,True,1,0,True,217.7039897786566,33,62,0,0,1,True,True,True,admitted,0.02077225,0775c434781ae09ca34ec86d6f7f58977717f43930503ca0d89c5ec86b984b97,0775c434781ae09ca34ec86d6f7f58977717f43930503ca0d89c5ec86b984b97,${GRADIENT_QEF_CAD_ROOT}/Fusion360Gallery/s2.0.1_extended_step/sample_500/step/133712_f733e991_6.stp
F204,Fusion360Gallery,21271_ec7f62b8_2,train,completed,0,True,True,True,1,1,20,0,True,1,0,True,1007.5306685864804,425,846,0,0,1,True,True,True,admitted,0.026892041,9109865c054191c75952b3dec6a76f59dde26045d5eb7c62496ee05316cbb894,9109865c054191c75952b3dec6a76f59dde26045d5eb7c62496ee05316cbb894,${GRADIENT_QEF_CAD_ROOT}/Fusion360Gallery/s2.0.1_extended_step/sample_500/step/21271_ec7f62b8_2.stp
F205,Fusion360Gallery,41624_a15f83c1_61,train,completed,0,True,True,True,1,1,18,0,True,1,0,True,2053.9940698332252,288,572,0,0,1,True,True,True,admitted,0.025318042,5bc01b86399a44f90893226b032be30a20b838a03d8fee50c5286d9d14681a05,5bc01b86399a44f90893226b032be30a20b838a03d8fee50c5286d9d14681a05,${GRADIENT_QEF_CAD_ROOT}/Fusion360Gallery/s2.0.1_extended_step/sample_500/step/41624_a15f83c1_61.stp
F206,Fusion360Gallery,33501_b1ee5058_15,train,completed,0,True,True,True,1,1,3,0,True,1,0,True,1047.1975511965934,118,232,0,0,1,True,True,True,admitted,0.005984833,39377e1da85f32b76411e2c7c06de6151c029ba0e59ec70d50c429729061f1b4,39377e1da85f32b76411e2c7c06de6151c029ba0e59ec70d50c429729061f1b4,${GRADIENT_QEF_CAD_ROOT}/Fusion360Gallery/s2.0.1_extended_step/sample_500/step/33501_b1ee5058_15.stp
F207,Fusion360Gallery,51554_d661534c_6,train,completed,0,True,True,True,1,1,14,0,True,1,0,True,1818.041211890225,1366,2728,0,0,1,True,True,True,admitted,0.01887925,236d48fa1533f4764076c46c56d24df6a66b99fd166ddbb255cde11fb007dd1a,236d48fa1533f4764076c46c56d24df6a66b99fd166ddbb255cde11fb007dd1a,${GRADIENT_QEF_CAD_ROOT}/Fusion360Gallery/s2.0.1_extended_step/sample_500/step/51554_d661534c_6.stp
F208,Fusion360Gallery,80754_9c3b58fa_5,train,completed,0,True,True,True,1,1,3,0,True,1,0,True,334.6075015657775,72,140,0,0,1,True,True,True,admitted,0.005267334,fd43cffc1c32928ae7f85eb20c6e6aaeeefb34f9181d32a95cbd36d3392ccb97,fd43cffc1c32928ae7f85eb20c6e6aaeeefb34f9181d32a95cbd36d3392ccb97,${GRADIENT_QEF_CAD_ROOT}/Fusion360Gallery/s2.0.1_extended_step/sample_500/step/80754_9c3b58fa_5.stp
F209,Fusion360Gallery,45300_1710ace7_4,train,completed,0,True,True,True,1,1,8,0,True,1,0,True,1536.6824314723542,312,624,0,0,1,True,True,True,admitted,0.010586583,6112bbe5ef1101e8340c51169c5d540e78981c1d535258f7352454a5e02a341a,6112bbe5ef1101e8340c51169c5d540e78981c1d535258f7352454a5e02a341a,${GRADIENT_QEF_CAD_ROOT}/Fusion360Gallery/s2.0.1_extended_step/sample_500/step/45300_1710ace7_4.stp
F210,Fusion360Gallery,132971_a993d31c_13,train,completed,0,True,True,True,1,1,11,0,True,1,0,True,2591.0887062195575,50,96,0,0,1,True,True,True,admitted,0.026020292,91eaa9688bf6149abf25f622e47e8b6bfcb8b878a2b248c01e5149a8e213b6bd,91eaa9688bf6149abf25f622e47e8b6bfcb8b878a2b248c01e5149a8e213b6bd,${GRADIENT_QEF_CAD_ROOT}/Fusion360Gallery/s2.0.1_extended_step/sample_500/step/132971_a993d31c_13.stp
F211,Fusion360Gallery,63055_6b907478_20,train,completed,0,True,True,True,1,1,54,0,True,1,0,True,1528.4550707235205,1535,3066,0,0,1,True,True,True,admitted,0.098264459,8d08a05184825751046ff702968f3f94011da51fbf62ef4f8bdb881744d5ed70,8d08a05184825751046ff702968f3f94011da51fbf62ef4f8bdb881744d5ed70,${GRADIENT_QEF_CAD_ROOT}/Fusion360Gallery/s2.0.1_extended_step/sample_500/step/63055_6b907478_20.stp
F212,Fusion360Gallery,144031_6decb8c7_0,train,completed,0,True,True,True,1,1,14,0,True,1,0,True,15.746776740764094,24,44,0,0,1,True,True,True,admitted,0.016085208,278caf038b63a8aaa78e5c53774b0055fe5ec39c6d77a797ac6ee850dcc47544,278caf038b63a8aaa78e5c53774b0055fe5ec39c6d77a797ac6ee850dcc47544,${GRADIENT_QEF_CAD_ROOT}/Fusion360Gallery/s2.0.1_extended_step/sample_500/step/144031_6decb8c7_0.stp
F213,Fusion360Gallery,113856_e7484fa7_4,train,completed,0,True,True,True,1,1,6,0,True,1,0,True,15.038615296898335,30,56,0,0,1,True,True,True,admitted,0.008368166,fb9790b53fbb1f888aa3bb341d0f9b2af87844384fcc3b93181d89484fd5659c,fb9790b53fbb1f888aa3bb341d0f9b2af87844384fcc3b93181d89484fd5659c,${GRADIENT_QEF_CAD_ROOT}/Fusion360Gallery/s2.0.1_extended_step/sample_500/step/113856_e7484fa7_4.stp
F214,Fusion360Gallery,138966_ce08df8d_0,train,completed,0,True,True,True,1,1,22,0,True,1,0,True,63.49813347074642,128,256,0,0,1,True,True,True,admitted,0.025887041,a1b13a7e05bd9c4a2a7fd873739dd6da510d53a34dffacba7af9b08630a00de5,a1b13a7e05bd9c4a2a7fd873739dd6da510d53a34dffacba7af9b08630a00de5,${GRADIENT_QEF_CAD_ROOT}/Fusion360Gallery/s2.0.1_extended_step/sample_500/step/138966_ce08df8d_0.stp
F215,Fusion360Gallery,36826_d9269c2e_8,train,completed,0,True,True,True,1,1,7,0,True,1,0,True,1168.571868531521,290,576,0,0,1,True,True,True,admitted,0.009440583,04f0fa2e597eca1871f4508e2a8457cde68dad9ef942ead03a23a7f6d313e13b,04f0fa2e597eca1871f4508e2a8457cde68dad9ef942ead03a23a7f6d313e13b,${GRADIENT_QEF_CAD_ROOT}/Fusion360Gallery/s2.0.1_extended_step/sample_500/step/36826_d9269c2e_8.stp
F216,Fusion360Gallery,102525_06a3094b_14,train,completed,0,True,True,True,1,1,6,0,True,1,0,True,995.5555555555537,8,12,0,0,1,True,True,True,admitted,0.007965917,3178c42250678e78e9b8e43f0d7e15b64a2f2d2f55550a79bdae22278ca660c6,3178c42250678e78e9b8e43f0d7e15b64a2f2d2f55550a79bdae22278ca660c6,${GRADIENT_QEF_CAD_ROOT}/Fusion360Gallery/s2.0.1_extended_step/sample_500/step/102525_06a3094b_14.stp
F217,Fusion360Gallery,24584_a13ef50c_6,train,completed,0,True,True,True,1,1,8,0,True,1,0,True,43.54486138229609,220,444,0,0,1,True,True,True,admitted,0.012844833,a2eeba51ef3170f8374cdc6dd3ab612fa513658455aac022159b4fa4a509dd5a,a2eeba51ef3170f8374cdc6dd3ab612fa513658455aac022159b4fa4a509dd5a,${GRADIENT_QEF_CAD_ROOT}/Fusion360Gallery/s2.0.1_extended_step/sample_500/step/24584_a13ef50c_6.stp
F218,Fusion360Gallery,38279_6e1a0597_2,train,completed,0,True,True,True,1,1,8,0,True,1,0,True,1589.6632753211834,134,268,0,0,1,True,True,True,admitted,0.011894958,aae602638a532f71cf9cc65c37e373dd2080a51ebb9014387f9f49cca92773e3,aae602638a532f71cf9cc65c37e373dd2080a51ebb9014387f9f49cca92773e3,${GRADIENT_QEF_CAD_ROOT}/Fusion360Gallery/s2.0.1_extended_step/sample_500/step/38279_6e1a0597_2.stp
F219,Fusion360Gallery,119553_457234b4_0,train,completed,0,True,True,True,1,1,18,0,True,1,0,True,90.95169600454838,588,1196,0,0,1,True,True,True,admitted,0.028355041,a2f6d4ec8c60e3e5b50bd38e1eb3aaddffd074f9e20edfda1e26e937e70c2643,a2f6d4ec8c60e3e5b50bd38e1eb3aaddffd074f9e20edfda1e26e937e70c2643,${GRADIENT_QEF_CAD_ROOT}/Fusion360Gallery/s2.0.1_extended_step/sample_500/step/119553_457234b4_0.stp
F220,Fusion360Gallery,118541_2dc9652c_38,train,completed,0,True,True,True,1,1,10,0,True,1,0,True,13.83602860494782,16,28,0,0,1,True,True,True,admitted,0.012218292,7ca9f69936e7e3d33b99fddb5cc1d263f3473e9b8d951fc59e1a17c3af0a58ed,7ca9f69936e7e3d33b99fddb5cc1d263f3473e9b8d951fc59e1a17c3af0a58ed,${GRADIENT_QEF_CAD_ROOT}/Fusion360Gallery/s2.0.1_extended_step/sample_500/step/118541_2dc9652c_38.stp
F221,Fusion360Gallery,75175_879cdaa5_14,train,completed,0,True,True,True,1,1,44,0,True,1,0,True,977.8766576483204,312,620,0,0,1,True,True,True,admitted,0.066867542,9af7771fc3834bcc31382fb88ae60c2e286abe1852b2108ef57bf85ee05f091e,9af7771fc3834bcc31382fb88ae60c2e286abe1852b2108ef57bf85ee05f091e,${GRADIENT_QEF_CAD_ROOT}/Fusion360Gallery/s2.0.1_extended_step/sample_500/step/75175_879cdaa5_14.stp
F222,Fusion360Gallery,112928_03f271d6_0,train,completed,0,True,True,True,1,1,3,0,True,1,0,True,135.88203518987038,72,140,0,0,1,True,True,True,admitted,0.005590334,e5d1ae9d8499ccf7e86a09471f0d0b73d1530a202fb66c243538f56de7f2527c,e5d1ae9d8499ccf7e86a09471f0d0b73d1530a202fb66c243538f56de7f2527c,${GRADIENT_QEF_CAD_ROOT}/Fusion360Gallery/s2.0.1_extended_step/sample_500/step/112928_03f271d6_0.stp
F223,Fusion360Gallery,53740_ead80e62_2,train,completed,0,True,True,True,1,1,22,0,True,1,0,True,703.9999999999998,40,76,0,0,1,True,True,True,admitted,0.024589833,7d28c7a4b3555e9716d113bf2ef43c6110f90737158568015be74f9260246222,7d28c7a4b3555e9716d113bf2ef43c6110f90737158568015be74f9260246222,${GRADIENT_QEF_CAD_ROOT}/Fusion360Gallery/s2.0.1_extended_step/sample_500/step/53740_ead80e62_2.stp
F224,Fusion360Gallery,82794_88492124_0,train,completed,0,True,True,True,1,1,28,0,True,1,0,True,433.3910135706514,1095,2190,0,0,1,True,True,True,admitted,0.038872,aa6ec8e476d30635f5806e5bcc013d61bb1a868227681c0d983013409e4eccf9,aa6ec8e476d30635f5806e5bcc013d61bb1a868227681c0d983013409e4eccf9,${GRADIENT_QEF_CAD_ROOT}/Fusion360Gallery/s2.0.1_extended_step/sample_500/step/82794_88492124_0.stp
F225,Fusion360Gallery,61290_fb0765ef_51,train,completed,0,True,True,True,1,1,6,0,True,1,0,True,7.680000000000001,8,12,0,0,1,True,True,True,admitted,0.00883825,9fc5299bc76651954cd4ba4eefc58d8399268b731d29eb285aec750dfec8a21f,9fc5299bc76651954cd4ba4eefc58d8399268b731d29eb285aec750dfec8a21f,${GRADIENT_QEF_CAD_ROOT}/Fusion360Gallery/s2.0.1_extended_step/sample_500/step/61290_fb0765ef_51.stp
F226,Fusion360Gallery,102314_91648bfc_0,train,completed,0,True,True,True,1,1,5,0,True,1,0,True,231.55506398608134,230,460,0,0,1,True,True,True,admitted,0.007900834,88ed928fb45fe19a87535ce59f89633743061726951bda239fdd2906a1affc02,88ed928fb45fe19a87535ce59f89633743061726951bda239fdd2906a1affc02,${GRADIENT_QEF_CAD_ROOT}/Fusion360Gallery/s2.0.1_extended_step/sample_500/step/102314_91648bfc_0.stp
F227,Fusion360Gallery,31117_cd5cdbdb_37,train,completed,0,True,True,True,1,1,9,0,True,1,0,True,3624.653190813282,1503,3006,0,0,1,True,True,True,admitted,0.017367375,048ac95f000bde40675409120a3d5a47f5d3f0a2181ef99b1d6611de981a8a49,048ac95f000bde40675409120a3d5a47f5d3f0a2181ef99b1d6611de981a8a49,${GRADIENT_QEF_CAD_ROOT}/Fusion360Gallery/s2.0.1_extended_step/sample_500/step/31117_cd5cdbdb_37.stp
F228,Fusion360Gallery,81446_048e9b21_1,train,completed,0,True,True,True,1,1,14,0,True,1,0,True,265.35766972767095,164,332,0,0,1,True,True,True,admitted,0.017942042,65c63e2beab6ff198fe46a8f1162294772810daadfbbfee0fd8cd703d1e49276,65c63e2beab6ff198fe46a8f1162294772810daadfbbfee0fd8cd703d1e49276,${GRADIENT_QEF_CAD_ROOT}/Fusion360Gallery/s2.0.1_extended_step/sample_500/step/81446_048e9b21_1.stp
F229,Fusion360Gallery,27050_c151822b_1,train,completed,0,True,True,True,1,1,3,0,True,1,0,True,63.39812787394759,151,298,0,0,1,True,True,True,admitted,0.022865541,90738f8303f4afdeda5063dec7a68ee80dc14caff2ffae4fd7f3bb7693cf2a83,90738f8303f4afdeda5063dec7a68ee80dc14caff2ffae4fd7f3bb7693cf2a83,${GRADIENT_QEF_CAD_ROOT}/Fusion360Gallery/s2.0.1_extended_step/sample_500/step/27050_c151822b_1.stp
F230,Fusion360Gallery,148043_79ffa007_3,train,completed,0,True,True,True,1,1,24,0,True,1,0,True,0.8079625006463625,147,294,0,0,1,True,True,True,admitted,0.054737042,804f5a6a59ea56e137886dfe5d50cd363b10f6eff8da2508c361dd232c12d9eb,804f5a6a59ea56e137886dfe5d50cd363b10f6eff8da2508c361dd232c12d9eb,${GRADIENT_QEF_CAD_ROOT}/Fusion360Gallery/s2.0.1_extended_step/sample_500/step/148043_79ffa007_3.stp
F231,Fusion360Gallery,22604_bcab4db9_63,train,completed,0,True,True,True,1,1,150,0,True,1,0,True,553.9524843218787,1494,2984,0,0,1,True,True,True,admitted,0.48806425,c692781971740f9f6c0960894c0f9e796803d4bacf275b6375afac18cefbf3c2,c692781971740f9f6c0960894c0f9e796803d4bacf275b6375afac18cefbf3c2,${GRADIENT_QEF_CAD_ROOT}/Fusion360Gallery/s2.0.1_extended_step/sample_500/step/22604_bcab4db9_63.stp
F232,Fusion360Gallery,56589_290abfc0_6,train,completed,0,True,True,True,1,1,6,0,True,1,0,True,17.12926796114896,134,268,0,0,1,True,True,True,admitted,0.009561458,62e5a8d4b3147b23fb4c600567a2a5791299d71621bf7698ab21260f9ac3ea14,62e5a8d4b3147b23fb4c600567a2a5791299d71621bf7698ab21260f9ac3ea14,${GRADIENT_QEF_CAD_ROOT}/Fusion360Gallery/s2.0.1_extended_step/sample_500/step/56589_290abfc0_6.stp
F233,Fusion360Gallery,32743_f4c47bbc_34,train,completed,0,True,True,True,1,1,13,0,True,1,0,True,237.86367235123413,190,380,0,0,1,True,True,True,admitted,0.016967917,fcb2bbf2fb4f846c05a95586b0d47a18ce9695b2efa19b711f5e114122454a74,fcb2bbf2fb4f846c05a95586b0d47a18ce9695b2efa19b711f5e114122454a74,${GRADIENT_QEF_CAD_ROOT}/Fusion360Gallery/s2.0.1_extended_step/sample_500/step/32743_f4c47bbc_34.stp
F234,Fusion360Gallery,45456_81466bae_0,train,completed,0,True,True,True,1,1,164,0,True,1,0,True,1371.8981919161254,6762,13520,0,0,1,True,True,True,admitted,0.190284167,781ee2391f11b5aef8a0510db53d53cd3d199618f4748dee682a3ae4babfbfcf,781ee2391f11b5aef8a0510db53d53cd3d199618f4748dee682a3ae4babfbfcf,${GRADIENT_QEF_CAD_ROOT}/Fusion360Gallery/s2.0.1_extended_step/sample_500/step/45456_81466bae_0.stp
F235,Fusion360Gallery,22604_7063d5c9_58,train,completed,0,True,True,True,1,1,27,0,True,1,0,True,396.5203685271765,318,644,0,0,1,True,True,True,admitted,0.032234667,3b23db8c256b295e4517a457d5303d16d99f29d10454b9123f2b915bd3b49cdc,3b23db8c256b295e4517a457d5303d16d99f29d10454b9123f2b915bd3b49cdc,${GRADIENT_QEF_CAD_ROOT}/Fusion360Gallery/s2.0.1_extended_step/sample_500/step/22604_7063d5c9_58.stp
F236,Fusion360Gallery,138035_0f1c0565_0,train,completed,0,True,True,True,1,1,291,0,True,1,0,True,144.0558974096342,2472,4972,0,0,1,True,True,True,admitted,0.580192792,d2438248e0d5435e2b8cd32ca2a67dcc60792d3547354ef62ddea4485c9d9f82,d2438248e0d5435e2b8cd32ca2a67dcc60792d3547354ef62ddea4485c9d9f82,${GRADIENT_QEF_CAD_ROOT}/Fusion360Gallery/s2.0.1_extended_step/sample_500/step/138035_0f1c0565_0.stp
F237,Fusion360Gallery,33975_49d8cef7_6,train,completed,0,True,True,True,1,1,19,0,True,1,0,True,2125.4669505920647,104,208,0,0,1,True,True,True,admitted,0.022547833,1e86c4631fcb74fc60f32eb217ff33118ec81acb0ae05f77017dcb34e7403f3a,1e86c4631fcb74fc60f32eb217ff33118ec81acb0ae05f77017dcb34e7403f3a,${GRADIENT_QEF_CAD_ROOT}/Fusion360Gallery/s2.0.1_extended_step/sample_500/step/33975_49d8cef7_6.stp
F238,Fusion360Gallery,94594_4364e701_2,train,completed,0,True,True,True,1,1,7,0,True,1,0,True,103.58248688237018,46,88,0,0,1,True,True,True,admitted,0.011024875,f39780071d14d748f0d721f436cef1fb9f4e1dae692bab9685148b91a6e60010,f39780071d14d748f0d721f436cef1fb9f4e1dae692bab9685148b91a6e60010,${GRADIENT_QEF_CAD_ROOT}/Fusion360Gallery/s2.0.1_extended_step/sample_500/step/94594_4364e701_2.stp
F239,Fusion360Gallery,143964_137cb0c5_1,train,completed,0,True,True,True,1,1,14,0,True,1,0,True,1648.4266271214306,495,998,0,0,1,True,True,True,admitted,0.033657833,733b9588db1a8b0985a769d271e4425b1f5cd4a0f2f512bc5e75c2c9c3a23bcc,733b9588db1a8b0985a769d271e4425b1f5cd4a0f2f512bc5e75c2c9c3a23bcc,${GRADIENT_QEF_CAD_ROOT}/Fusion360Gallery/s2.0.1_extended_step/sample_500/step/143964_137cb0c5_1.stp
F240,Fusion360Gallery,60719_76b5da02_3,train,completed,0,True,True,True,1,1,12,0,True,1,0,True,33.502422862769976,280,564,0,0,1,True,True,True,admitted,0.0181695,d73457be93cecee9b2a1ee49a6cd2598b86b94d980b9cb43ed1bfdd9071c79a2,d73457be93cecee9b2a1ee49a6cd2598b86b94d980b9cb43ed1bfdd9071c79a2,${GRADIENT_QEF_CAD_ROOT}/Fusion360Gallery/s2.0.1_extended_step/sample_500/step/60719_76b5da02_3.stp
F241,Fusion360Gallery,23482_233a3ef3_4,train,completed,0,True,True,True,1,1,11,0,True,1,0,True,1037.17717516944,86,168,0,0,1,True,True,True,admitted,0.022110084,c91ed98a6950b660a282222436bcdd2d255375b2c34ab84063690c950e4d78e4,c91ed98a6950b660a282222436bcdd2d255375b2c34ab84063690c950e4d78e4,${GRADIENT_QEF_CAD_ROOT}/Fusion360Gallery/s2.0.1_extended_step/sample_500/step/23482_233a3ef3_4.stp
F242,Fusion360Gallery,21330_f0cee934_44,train,completed,0,True,True,True,1,1,13,0,True,1,0,True,357.0796326794887,291,578,0,0,1,True,True,True,admitted,0.016093958,b58d65b54323559ff6c536a1b68679e8e6435880346d2bef36ba5f5a36a77dec,b58d65b54323559ff6c536a1b68679e8e6435880346d2bef36ba5f5a36a77dec,${GRADIENT_QEF_CAD_ROOT}/Fusion360Gallery/s2.0.1_extended_step/sample_500/step/21330_f0cee934_44.stp
F243,Fusion360Gallery,25354_ce952bc1_32,train,completed,0,True,True,True,1,1,62,0,True,1,0,True,1349.7330362801429,478,952,0,0,1,True,True,True,admitted,0.125170542,3773e923c0b9d3c598c036f9354ff96efb56be982d78af9707fd25c66bf63eab,3773e923c0b9d3c598c036f9354ff96efb56be982d78af9707fd25c66bf63eab,${GRADIENT_QEF_CAD_ROOT}/Fusion360Gallery/s2.0.1_extended_step/sample_500/step/25354_ce952bc1_32.stp
F244,Fusion360Gallery,56250_3b6024e3_60,train,completed,0,True,True,True,1,1,14,0,True,1,0,True,292.6457478629101,390,796,0,0,1,True,True,True,admitted,0.021363459,b5b0e47c58fdae8a9900b753e86e22be23004d90aa0d1dea1ce71e7575e567e0,b5b0e47c58fdae8a9900b753e86e22be23004d90aa0d1dea1ce71e7575e567e0,${GRADIENT_QEF_CAD_ROOT}/Fusion360Gallery/s2.0.1_extended_step/sample_500/step/56250_3b6024e3_60.stp
F245,Fusion360Gallery,88233_b549fa43_0,train,completed,0,True,True,True,1,1,6,0,True,1,0,True,140.82735468017782,8,12,0,0,1,True,True,True,admitted,0.0078775,c404850c75681ab30dfc62d01d23d3ab7efb56c8b7484b2253cdce1aff352b6c,c404850c75681ab30dfc62d01d23d3ab7efb56c8b7484b2253cdce1aff352b6c,${GRADIENT_QEF_CAD_ROOT}/Fusion360Gallery/s2.0.1_extended_step/sample_500/step/88233_b549fa43_0.stp
F246,Fusion360Gallery,22535_0ba01cc9_17,train,completed,0,True,True,True,1,1,5,0,True,1,0,True,4188.790204786391,76,148,0,0,1,True,True,True,admitted,0.007818041,16ceedc0b36522e0805ae0bb056dc0a28822e5eef1e25e077c5870850abb6128,16ceedc0b36522e0805ae0bb056dc0a28822e5eef1e25e077c5870850abb6128,${GRADIENT_QEF_CAD_ROOT}/Fusion360Gallery/s2.0.1_extended_step/sample_500/step/22535_0ba01cc9_17.stp
F247,Fusion360Gallery,27694_7801dc67_5,train,completed,0,True,True,True,1,1,9,0,True,1,0,True,248.81071222461065,304,604,0,0,1,True,True,True,admitted,0.009878083,0609f9b18f406540f01398d039023c35ab78847018754b5d56c7e89ee2d9601e,0609f9b18f406540f01398d039023c35ab78847018754b5d56c7e89ee2d9601e,${GRADIENT_QEF_CAD_ROOT}/Fusion360Gallery/s2.0.1_extended_step/sample_500/step/27694_7801dc67_5.stp
F248,Fusion360Gallery,56477_620f7fc8_12,train,completed,0,True,True,True,1,1,16,0,True,1,0,True,36.16402975990389,2300,4600,0,0,1,True,True,True,admitted,0.043707791,646ab64f7b9736bae8aa0c89c973eee8d9aca7dc5800842ce8df785dae0091a5,646ab64f7b9736bae8aa0c89c973eee8d9aca7dc5800842ce8df785dae0091a5,${GRADIENT_QEF_CAD_ROOT}/Fusion360Gallery/s2.0.1_extended_step/sample_500/step/56477_620f7fc8_12.stp
F249,Fusion360Gallery,23168_7fdf5427_17,train,completed,0,True,True,True,1,1,14,0,True,1,0,True,543.8186877935925,24,44,0,0,1,True,True,True,admitted,0.016022209,1b48993c6313a8e3082fe9ecf23baf71e40b94cd5b24fe03db1a3954da2674a6,1b48993c6313a8e3082fe9ecf23baf71e40b94cd5b24fe03db1a3954da2674a6,${GRADIENT_QEF_CAD_ROOT}/Fusion360Gallery/s2.0.1_extended_step/sample_500/step/23168_7fdf5427_17.stp
F250,Fusion360Gallery,112920_757c6713_4,train,completed,0,True,True,True,1,1,3,0,True,1,0,True,1897.5616012318321,118,232,0,0,1,True,True,True,admitted,0.005207084,41f704c25c0bed5d0071fd0c092c86cd1e01a72306fc4e3882a0cdcd8818980c,41f704c25c0bed5d0071fd0c092c86cd1e01a72306fc4e3882a0cdcd8818980c,${GRADIENT_QEF_CAD_ROOT}/Fusion360Gallery/s2.0.1_extended_step/sample_500/step/112920_757c6713_4.stp
F251,Fusion360Gallery,25156_78e996ae_4,train,completed,0,True,True,True,1,1,43,0,True,1,0,True,465.01271143158186,847,1694,0,0,1,True,True,True,admitted,0.07459125,706d3f044e721a844ab292b6aecee48d8f777bcdf94c5def073327e6554255eb,706d3f044e721a844ab292b6aecee48d8f777bcdf94c5def073327e6554255eb,${GRADIENT_QEF_CAD_ROOT}/Fusion360Gallery/s2.0.1_extended_step/sample_500/step/25156_78e996ae_4.stp
F252,Fusion360Gallery,56355_727ca47c_4,train,completed,0,True,True,True,1,1,6,0,True,1,0,True,81.63265306122453,8,12,0,0,1,True,True,True,admitted,0.008159666,c97715eb41350f3dbb9cab01d119f74c920b6c2b76e429d3592abae18dcf8fef,c97715eb41350f3dbb9cab01d119f74c920b6c2b76e429d3592abae18dcf8fef,${GRADIENT_QEF_CAD_ROOT}/Fusion360Gallery/s2.0.1_extended_step/sample_500/step/56355_727ca47c_4.stp
F253,Fusion360Gallery,85617_4879c1a8_0,train,completed,0,True,True,True,1,1,38,0,True,1,0,True,12.455777524207223,576,1164,0,0,1,True,True,True,admitted,0.053911709,135ffc921b298e79f6929b337a0d0f077c3fc744f9dbdd750e41ea00d43efad9,135ffc921b298e79f6929b337a0d0f077c3fc744f9dbdd750e41ea00d43efad9,${GRADIENT_QEF_CAD_ROOT}/Fusion360Gallery/s2.0.1_extended_step/sample_500/step/85617_4879c1a8_0.stp
F254,Fusion360Gallery,51883_d97df863_1,train,completed,0,True,True,True,1,1,14,0,True,1,0,True,45.55497341883773,368,748,0,0,1,True,True,True,admitted,0.021253792,2da8735cc38c223ae1a8240e99997820c9d2b7203bc4ef736fa7a919209c1151,2da8735cc38c223ae1a8240e99997820c9d2b7203bc4ef736fa7a919209c1151,${GRADIENT_QEF_CAD_ROOT}/Fusion360Gallery/s2.0.1_extended_step/sample_500/step/51883_d97df863_1.stp
F255,Fusion360Gallery,118617_9a4459c9_1,train,completed,0,True,True,True,1,1,7,0,True,1,0,True,2647.208328423073,80,160,0,0,1,True,True,True,admitted,0.009796667,d22e794d77402b922388b1340ff0dcb419dec1c91775c84b159fe141ba8f0e03,d22e794d77402b922388b1340ff0dcb419dec1c91775c84b159fe141ba8f0e03,${GRADIENT_QEF_CAD_ROOT}/Fusion360Gallery/s2.0.1_extended_step/sample_500/step/118617_9a4459c9_1.stp
F256,Fusion360Gallery,133165_d792ccda_0,train,completed,0,True,True,True,1,1,10,0,True,1,0,True,1752.1471903417705,84,164,0,0,1,True,True,True,admitted,0.011528291,dcff94d6376340dd2b63807d959608b36985e1a1cbe262b80d9b1e5534d98979,dcff94d6376340dd2b63807d959608b36985e1a1cbe262b80d9b1e5534d98979,${GRADIENT_QEF_CAD_ROOT}/Fusion360Gallery/s2.0.1_extended_step/sample_500/step/133165_d792ccda_0.stp
F257,Fusion360Gallery,43334_ed3db3e8_5,train,completed,0,True,True,True,1,1,4,0,True,1,0,True,194.3207864097992,232,464,0,0,1,True,True,True,admitted,0.007921875,7389f10d12e2ab5d11402be91df74d892a27a9b07f20863b63e1ad0efd0f03cb,7389f10d12e2ab5d11402be91df74d892a27a9b07f20863b63e1ad0efd0f03cb,${GRADIENT_QEF_CAD_ROOT}/Fusion360Gallery/s2.0.1_extended_step/sample_500/step/43334_ed3db3e8_5.stp
F258,Fusion360Gallery,23418_18c3b38d_4,train,completed,0,True,True,True,1,1,6,0,True,1,0,True,599.976681643394,462,920,0,0,1,True,True,True,admitted,0.016255792,0d0870dbd35c4118b9744fe5087034aa170bda57b44f7167b387ee6007ec1744,0d0870dbd35c4118b9744fe5087034aa170bda57b44f7167b387ee6007ec1744,${GRADIENT_QEF_CAD_ROOT}/Fusion360Gallery/s2.0.1_extended_step/sample_500/step/23418_18c3b38d_4.stp
F259,Fusion360Gallery,86296_8a6ed4d3_92,train,completed,0,True,True,True,1,1,23,0,True,1,0,True,192.6075196616028,5267,10538,0,0,1,True,True,True,admitted,0.081547167,b5481052c5c5d4d694a78de415ef1c5c890b3c801c8711233ff2ef49c87b1d3f,b5481052c5c5d4d694a78de415ef1c5c890b3c801c8711233ff2ef49c87b1d3f,${GRADIENT_QEF_CAD_ROOT}/Fusion360Gallery/s2.0.1_extended_step/sample_500/step/86296_8a6ed4d3_92.stp
F260,Fusion360Gallery,55807_a441abd1_0,train,completed,0,True,True,True,1,1,12,0,True,1,0,True,812.7360960594729,314,628,0,0,1,True,True,True,admitted,0.051689167,a2d494571fd6d95226ccd3d20e859676caf5fe267909fdf2399db428bb3b6074,a2d494571fd6d95226ccd3d20e859676caf5fe267909fdf2399db428bb3b6074,${GRADIENT_QEF_CAD_ROOT}/Fusion360Gallery/s2.0.1_extended_step/sample_500/step/55807_a441abd1_0.stp
F261,Fusion360Gallery,120212_e7381791_34,train,completed,0,True,True,True,1,1,26,0,True,1,0,True,1225.3064156503249,186,376,0,0,1,True,True,True,admitted,0.0511655,b5bc26e2f14ccfbe6a5d782c9b63c35babd60b5dac6d7d834e96feb41e700315,b5bc26e2f14ccfbe6a5d782c9b63c35babd60b5dac6d7d834e96feb41e700315,${GRADIENT_QEF_CAD_ROOT}/Fusion360Gallery/s2.0.1_extended_step/sample_500/step/120212_e7381791_34.stp
F262,Fusion360Gallery,38668_a85118f9_0,train,completed,0,True,True,True,1,1,6,0,True,1,0,True,38.43164044710839,8,12,0,0,1,True,True,True,admitted,0.007733166,05ca6be43061c225a69230da1cbe232422061d5ced1c8238fa59a430c480c77e,05ca6be43061c225a69230da1cbe232422061d5ced1c8238fa59a430c480c77e,${GRADIENT_QEF_CAD_ROOT}/Fusion360Gallery/s2.0.1_extended_step/sample_500/step/38668_a85118f9_0.stp
F263,Fusion360Gallery,135872_a6ca0e40_8,train,completed,0,True,True,True,1,1,13,0,True,1,0,True,0.6639999818737876,432,860,0,0,1,True,True,True,admitted,0.012926667,7f5d85220f62b45ce143e24105bd996f360e53f4c4ecdb1845b23fb9b0766146,7f5d85220f62b45ce143e24105bd996f360e53f4c4ecdb1845b23fb9b0766146,${GRADIENT_QEF_CAD_ROOT}/Fusion360Gallery/s2.0.1_extended_step/sample_500/step/135872_a6ca0e40_8.stp
F264,Fusion360Gallery,131464_f56eebcc_4,train,completed,0,True,True,True,1,1,16,0,True,1,0,True,495.95748678157696,86,168,0,0,1,True,True,True,admitted,0.01887525,29807c1cf0e174adf27362052292d032bd8077c4c83ed53055c7588d8249d92d,29807c1cf0e174adf27362052292d032bd8077c4c83ed53055c7588d8249d92d,${GRADIENT_QEF_CAD_ROOT}/Fusion360Gallery/s2.0.1_extended_step/sample_500/step/131464_f56eebcc_4.stp
F265,Fusion360Gallery,53108_f64825a4_7,train,completed,0,True,True,True,1,1,8,0,True,1,0,True,2676.1671992924803,235,422,46,0,1,False,True,False,mesh_boundary,0.016126583,01790ee34e2ec4eb017d81d8faae1b1e710cc9e075d194dc23281a3bb63100aa,01790ee34e2ec4eb017d81d8faae1b1e710cc9e075d194dc23281a3bb63100aa,${GRADIENT_QEF_CAD_ROOT}/Fusion360Gallery/s2.0.1_extended_step/sample_500/step/53108_f64825a4_7.stp
F266,Fusion360Gallery,27449_088a5bd0_1,train,completed,0,True,True,True,1,1,18,0,True,1,0,True,48.730763179822716,6466,12928,0,0,1,True,True,True,admitted,0.192825792,5314bf8b5ed3d785d63895ccc249900a8565c2eab5e1a5c20d762e05e96704e5,5314bf8b5ed3d785d63895ccc249900a8565c2eab5e1a5c20d762e05e96704e5,${GRADIENT_QEF_CAD_ROOT}/Fusion360Gallery/s2.0.1_extended_step/sample_500/step/27449_088a5bd0_1.stp
F267,Fusion360Gallery,44998_b4e41716_94,train,completed,0,True,True,True,1,1,8,0,True,1,0,True,93.98349867171387,54,104,0,0,1,True,True,True,admitted,0.010303792,49d1c3482523f86b4c55b623ac1f86965a7ff02ea30a4f979e139de0773d4fee,49d1c3482523f86b4c55b623ac1f86965a7ff02ea30a4f979e139de0773d4fee,${GRADIENT_QEF_CAD_ROOT}/Fusion360Gallery/s2.0.1_extended_step/sample_500/step/44998_b4e41716_94.stp
F268,Fusion360Gallery,44519_90af0df6_7,train,completed,0,True,True,True,1,1,9,0,True,1,0,True,755.2499955363791,112,224,0,0,1,True,True,True,admitted,0.012293875,6e3de4dafe909c37a6443a97e65c05a8a80d490c82061b7baf77178a93f2e2d4,6e3de4dafe909c37a6443a97e65c05a8a80d490c82061b7baf77178a93f2e2d4,${GRADIENT_QEF_CAD_ROOT}/Fusion360Gallery/s2.0.1_extended_step/sample_500/step/44519_90af0df6_7.stp
F269,Fusion360Gallery,40413_c590b4b4_5,train,completed,0,True,True,True,1,1,14,0,True,1,0,True,727.9240604979096,100,196,0,0,1,True,True,True,admitted,0.016717042,c17e88d2c00e5dc99baf1b3e83cea9849db52552d60d474ba54d4e06cdf0b4f9,c17e88d2c00e5dc99baf1b3e83cea9849db52552d60d474ba54d4e06cdf0b4f9,${GRADIENT_QEF_CAD_ROOT}/Fusion360Gallery/s2.0.1_extended_step/sample_500/step/40413_c590b4b4_5.stp
F270,Fusion360Gallery,22686_afe3a61e_0,train,completed,0,True,True,True,1,1,32,0,True,1,0,True,60.7272332787952,241,478,0,0,1,True,True,True,admitted,0.035068583,b167ddcb85bc19b57315662ba0accc4cd0f365c8fa025deebed63349007161b7,b167ddcb85bc19b57315662ba0accc4cd0f365c8fa025deebed63349007161b7,${GRADIENT_QEF_CAD_ROOT}/Fusion360Gallery/s2.0.1_extended_step/sample_500/step/22686_afe3a61e_0.stp
F271,Fusion360Gallery,23031_0d684603_7,train,completed,0,True,True,True,1,1,19,0,True,1,0,True,972.7305982834876,384,784,0,0,1,True,True,True,admitted,0.026144792,3afa9d034c0d4a121f95dd11ab34301324ff5009eda0e2fe16fe9a1b53134d88,3afa9d034c0d4a121f95dd11ab34301324ff5009eda0e2fe16fe9a1b53134d88,${GRADIENT_QEF_CAD_ROOT}/Fusion360Gallery/s2.0.1_extended_step/sample_500/step/23031_0d684603_7.stp
F272,Fusion360Gallery,30910_38ea5a06_22,train,completed,0,True,True,True,1,1,18,0,True,1,0,True,717.7486037602087,1637,3270,0,0,1,True,True,True,admitted,0.025026417,42a8d040fccc31eb20ee57deebf92c740d32f35ada888b00ebf008e208b96603,42a8d040fccc31eb20ee57deebf92c740d32f35ada888b00ebf008e208b96603,${GRADIENT_QEF_CAD_ROOT}/Fusion360Gallery/s2.0.1_extended_step/sample_500/step/30910_38ea5a06_22.stp
F273,Fusion360Gallery,130273_bea3b1ca_10,train,completed,0,True,True,True,1,1,6,0,True,1,0,True,3178.847399521928,8,12,0,0,1,True,True,True,admitted,0.008199792,7b8e59abaabe2c5af6bd55f1bcd0e06e7650f9cae5097da859f7ba235667dd5d,7b8e59abaabe2c5af6bd55f1bcd0e06e7650f9cae5097da859f7ba235667dd5d,${GRADIENT_QEF_CAD_ROOT}/Fusion360Gallery/s2.0.1_extended_step/sample_500/step/130273_bea3b1ca_10.stp
F274,Fusion360Gallery,73388_10a40b49_29,train,completed,0,True,True,True,1,1,4,0,True,1,0,True,158.80853740309493,216,432,0,0,1,True,True,True,admitted,0.007041833,8f6d2fd02ab91852bc6e60b669cda393e0859f948d3f9bcbf529aa07683bf131,8f6d2fd02ab91852bc6e60b669cda393e0859f948d3f9bcbf529aa07683bf131,${GRADIENT_QEF_CAD_ROOT}/Fusion360Gallery/s2.0.1_extended_step/sample_500/step/73388_10a40b49_29.stp
F275,Fusion360Gallery,116991_1a3aaea3_2,train,completed,0,True,True,True,1,1,11,0,True,1,0,True,85.74613141189167,54,104,0,0,1,True,True,True,admitted,0.02407875,1a394c100f9515bca39f666569dc4d9330984746c9f441cfe10ea41bf07d6f5b,1a394c100f9515bca39f666569dc4d9330984746c9f441cfe10ea41bf07d6f5b,${GRADIENT_QEF_CAD_ROOT}/Fusion360Gallery/s2.0.1_extended_step/sample_500/step/116991_1a3aaea3_2.stp
F276,Fusion360Gallery,140329_34b663b2_0,train,completed,0,True,True,True,1,1,13,0,True,1,0,True,529.1013234095421,21,36,4,0,1,False,True,False,mesh_boundary,0.014379667,a00aefbf434843e2935db28a9f5c4a5298ee85542a700d5b83e8fb54631ff0c6,a00aefbf434843e2935db28a9f5c4a5298ee85542a700d5b83e8fb54631ff0c6,${GRADIENT_QEF_CAD_ROOT}/Fusion360Gallery/s2.0.1_extended_step/sample_500/step/140329_34b663b2_0.stp
F277,Fusion360Gallery,51913_1fa125b4_14,train,completed,0,True,True,True,1,1,6,0,True,1,0,True,2895.3132923601925,1056,2112,0,0,1,True,True,True,admitted,0.011993333,0c338835cb0271d3e181c635fd1bfdba2bb6a75625bf329f3c92678160c24518,0c338835cb0271d3e181c635fd1bfdba2bb6a75625bf329f3c92678160c24518,${GRADIENT_QEF_CAD_ROOT}/Fusion360Gallery/s2.0.1_extended_step/sample_500/step/51913_1fa125b4_14.stp
F278,Fusion360Gallery,110423_d91efa4c_0,train,completed,0,True,True,True,1,1,10,0,True,1,0,True,2353.0684958504826,84,164,0,0,1,True,True,True,admitted,0.011968417,88a53564385eabed3e06b237d2838bef1fbe2ed452631acc87a5792bcf3b9f0b,88a53564385eabed3e06b237d2838bef1fbe2ed452631acc87a5792bcf3b9f0b,${GRADIENT_QEF_CAD_ROOT}/Fusion360Gallery/s2.0.1_extended_step/sample_500/step/110423_d91efa4c_0.stp
F279,Fusion360Gallery,125002_7287b175_0,train,completed,0,True,True,True,1,1,134,0,True,1,0,True,292.90864399961066,632,1280,0,0,1,True,True,True,admitted,0.217313084,718d79a9637f3f73ac3caf6357586953b6d7e356ffda236eb65783c38fff0c60,718d79a9637f3f73ac3caf6357586953b6d7e356ffda236eb65783c38fff0c60,${GRADIENT_QEF_CAD_ROOT}/Fusion360Gallery/s2.0.1_extended_step/sample_500/step/125002_7287b175_0.stp
F280,Fusion360Gallery,140063_745a3b65_1,train,completed,0,True,True,True,1,1,38,0,True,1,0,True,191.80779942206786,72,144,0,0,1,True,True,True,admitted,0.041911375,c2cd298757a3d921a49530dfbd16319a4be9217b3bc10a1d856ab5068c3251ce,c2cd298757a3d921a49530dfbd16319a4be9217b3bc10a1d856ab5068c3251ce,${GRADIENT_QEF_CAD_ROOT}/Fusion360Gallery/s2.0.1_extended_step/sample_500/step/140063_745a3b65_1.stp
F281,Fusion360Gallery,127099_f6719ba3_1,train,completed,0,True,True,True,1,1,14,0,True,1,0,True,69.46619265310595,512,1036,0,0,1,True,True,True,admitted,0.018457375,9dd820793908d59deb42c823eb675f0d4ca50243a7ad8d95df11a0f8fb6f2cba,9dd820793908d59deb42c823eb675f0d4ca50243a7ad8d95df11a0f8fb6f2cba,${GRADIENT_QEF_CAD_ROOT}/Fusion360Gallery/s2.0.1_extended_step/sample_500/step/127099_f6719ba3_1.stp
F282,Fusion360Gallery,30905_511b96bf_14,train,completed,0,True,True,True,1,1,9,0,True,1,0,True,160.253166559874,325,646,0,0,1,True,True,True,admitted,0.012657875,c145923dd37c48f29fd05f35fecffbbd378d38ae181b376830e3c926420efd32,c145923dd37c48f29fd05f35fecffbbd378d38ae181b376830e3c926420efd32,${GRADIENT_QEF_CAD_ROOT}/Fusion360Gallery/s2.0.1_extended_step/sample_500/step/30905_511b96bf_14.stp
F283,Fusion360Gallery,51795_850e53f3_3,train,completed,0,True,True,True,1,1,59,0,True,1,0,True,110.82845541010445,1508,3016,0,0,1,True,True,True,admitted,0.072308167,c5193a4640440c9d72e519c181b883d357ddd23e555cc1ce797aefbe44d1c180,c5193a4640440c9d72e519c181b883d357ddd23e555cc1ce797aefbe44d1c180,${GRADIENT_QEF_CAD_ROOT}/Fusion360Gallery/s2.0.1_extended_step/sample_500/step/51795_850e53f3_3.stp
F284,Fusion360Gallery,85197_ab93428f_34,train,completed,0,True,True,True,1,1,69,0,True,1,0,True,832.1698036946244,887,1774,0,0,1,True,True,True,admitted,0.079152084,c9c81285f2e777f848c7e9670ebe5db9db26d509b34df8fb3b785f47406d51e7,c9c81285f2e777f848c7e9670ebe5db9db26d509b34df8fb3b785f47406d51e7,${GRADIENT_QEF_CAD_ROOT}/Fusion360Gallery/s2.0.1_extended_step/sample_500/step/85197_ab93428f_34.stp
F285,Fusion360Gallery,123094_af46c5e1_7,train,completed,0,True,True,True,1,1,21,0,True,1,0,True,1222.0409886133318,127,254,0,0,1,True,True,True,admitted,0.040966542,056b8ec492d0890109cdf8396cb15a325c98b44f0afcfa00e3c8749f48cc8b95,056b8ec492d0890109cdf8396cb15a325c98b44f0afcfa00e3c8749f48cc8b95,${GRADIENT_QEF_CAD_ROOT}/Fusion360Gallery/s2.0.1_extended_step/sample_500/step/123094_af46c5e1_7.stp
F286,Fusion360Gallery,41125_711db4bf_21,train,completed,0,True,True,True,1,1,8,0,True,1,0,True,2044.7998263685256,410,820,0,0,1,True,True,True,admitted,0.010932334,776f2a20fde942cf70a23e6f89995d281fd7cee172c37a752566ac8d16cced4c,776f2a20fde942cf70a23e6f89995d281fd7cee172c37a752566ac8d16cced4c,${GRADIENT_QEF_CAD_ROOT}/Fusion360Gallery/s2.0.1_extended_step/sample_500/step/41125_711db4bf_21.stp
F287,Fusion360Gallery,24936_61e1dc0f_9,train,completed,0,True,True,True,1,1,6,0,True,1,0,True,44.801798221954925,8,12,0,0,1,True,True,True,admitted,0.007701333,ddb0eaefc02d144f1adf08a0692bbb97df1f14f9743f05a11311dce1830f1bcd,ddb0eaefc02d144f1adf08a0692bbb97df1f14f9743f05a11311dce1830f1bcd,${GRADIENT_QEF_CAD_ROOT}/Fusion360Gallery/s2.0.1_extended_step/sample_500/step/24936_61e1dc0f_9.stp
F288,Fusion360Gallery,53078_b592f2bd_18,train,completed,0,True,True,True,1,1,12,0,True,1,0,True,7.955607609870743,2647,5294,0,0,1,True,True,True,admitted,0.019618792,04228e0be80bf61f803746fe65af225c43fec3e8b82e36318e6fe0914201379f,04228e0be80bf61f803746fe65af225c43fec3e8b82e36318e6fe0914201379f,${GRADIENT_QEF_CAD_ROOT}/Fusion360Gallery/s2.0.1_extended_step/sample_500/step/53078_b592f2bd_18.stp
F289,Fusion360Gallery,54819_28228c3f_0,train,completed,0,True,True,True,1,1,76,0,True,1,0,True,682.7195924554314,1742,3488,0,0,1,True,True,True,admitted,0.093909833,27c1270c9c4890020143f3b386bce85c7a1eec9f21cf7bd8fbf6bde77d1dad4b,27c1270c9c4890020143f3b386bce85c7a1eec9f21cf7bd8fbf6bde77d1dad4b,${GRADIENT_QEF_CAD_ROOT}/Fusion360Gallery/s2.0.1_extended_step/sample_500/step/54819_28228c3f_0.stp
F290,Fusion360Gallery,23258_87a2ba81_5,train,completed,0,True,True,True,1,1,29,0,True,1,0,True,1601.1462846325337,742,1480,0,0,1,True,True,True,admitted,0.074511459,fa714b404ab4a92fe138e656ffb1d4143c1761c5914080f61b31a7d57fc74d02,fa714b404ab4a92fe138e656ffb1d4143c1761c5914080f61b31a7d57fc74d02,${GRADIENT_QEF_CAD_ROOT}/Fusion360Gallery/s2.0.1_extended_step/sample_500/step/23258_87a2ba81_5.stp
F291,Fusion360Gallery,49307_ee6922d7_2,train,completed,0,True,True,True,1,1,17,0,True,1,0,True,5313.433368615619,702,1400,0,0,1,True,True,True,admitted,0.034212208,e0130a5112173ca248ee5ed9b18357db4c60cc488c6efaff9da884e27587d866,e0130a5112173ca248ee5ed9b18357db4c60cc488c6efaff9da884e27587d866,${GRADIENT_QEF_CAD_ROOT}/Fusion360Gallery/s2.0.1_extended_step/sample_500/step/49307_ee6922d7_2.stp
F292,Fusion360Gallery,33770_b5473043_11,train,completed,0,True,True,True,1,1,5,0,True,1,0,True,15.688929405258476,144,284,0,0,1,True,True,True,admitted,0.006766625,8cf02ac74d658612680cf8cd7b4ac591fdbcc8d0718a4b54df2da430f213ba0a,8cf02ac74d658612680cf8cd7b4ac591fdbcc8d0718a4b54df2da430f213ba0a,${GRADIENT_QEF_CAD_ROOT}/Fusion360Gallery/s2.0.1_extended_step/sample_500/step/33770_b5473043_11.stp
F293,Fusion360Gallery,49413_4e7d47f7_0,train,completed,0,True,True,True,1,1,14,0,True,1,0,True,978.5183227538627,584,1196,0,0,1,True,True,True,admitted,0.023475833,19e6d064fe3a2bfdba2371844144c0972f4e9d823799297f118f0bc5860e5317,19e6d064fe3a2bfdba2371844144c0972f4e9d823799297f118f0bc5860e5317,${GRADIENT_QEF_CAD_ROOT}/Fusion360Gallery/s2.0.1_extended_step/sample_500/step/49413_4e7d47f7_0.stp
F294,Fusion360Gallery,39468_15fb2e60_45,train,completed,0,True,True,True,1,1,39,0,True,1,0,True,649.8554899404378,192,384,0,0,1,True,True,True,admitted,0.048353,bd82fdd109c5d92203fa7e20ac30e6dc99b1a896f17ad14fb380a3a292a37f53,bd82fdd109c5d92203fa7e20ac30e6dc99b1a896f17ad14fb380a3a292a37f53,${GRADIENT_QEF_CAD_ROOT}/Fusion360Gallery/s2.0.1_extended_step/sample_500/step/39468_15fb2e60_45.stp
F295,Fusion360Gallery,140732_1f417cd0_0,train,completed,0,True,True,True,1,1,42,0,True,1,0,True,146.04409768981236,800,1632,0,0,1,True,True,True,admitted,0.067475792,23b844b4ed7137c1cf249315b2a84cdb5928e80f2463cbaaa5606f4788f1db6d,23b844b4ed7137c1cf249315b2a84cdb5928e80f2463cbaaa5606f4788f1db6d,${GRADIENT_QEF_CAD_ROOT}/Fusion360Gallery/s2.0.1_extended_step/sample_500/step/140732_1f417cd0_0.stp
F296,Fusion360Gallery,25203_1cc0cb3c_52,train,completed,0,True,True,True,1,1,3,0,True,1,0,True,30.787608005179976,72,140,0,0,1,True,True,True,admitted,0.005053083,00028cd1be35f55da7cd16b409fbb1b783c082fcfd98c05b3dd7d93f42010498,00028cd1be35f55da7cd16b409fbb1b783c082fcfd98c05b3dd7d93f42010498,${GRADIENT_QEF_CAD_ROOT}/Fusion360Gallery/s2.0.1_extended_step/sample_500/step/25203_1cc0cb3c_52.stp
F297,Fusion360Gallery,141533_f361f8c3_0,train,completed,0,True,True,True,1,1,63,0,True,1,0,True,328.3380881285056,780,1572,0,0,1,True,True,True,admitted,0.069913291,9dd0e9166857de4a6f1d9bbaea7a4721c099c077ba121ae1d71ed4dcbd6154dc,9dd0e9166857de4a6f1d9bbaea7a4721c099c077ba121ae1d71ed4dcbd6154dc,${GRADIENT_QEF_CAD_ROOT}/Fusion360Gallery/s2.0.1_extended_step/sample_500/step/141533_f361f8c3_0.stp
F298,Fusion360Gallery,23054_311abee4_6,train,completed,0,True,True,True,1,1,37,0,True,1,0,True,768.3209028028517,3266,6536,0,0,1,True,True,True,admitted,0.170632041,478bab8350732717609b878945ca7e166c19ec5e1885c502f0cc599a13f58c58,478bab8350732717609b878945ca7e166c19ec5e1885c502f0cc599a13f58c58,${GRADIENT_QEF_CAD_ROOT}/Fusion360Gallery/s2.0.1_extended_step/sample_500/step/23054_311abee4_6.stp
F299,Fusion360Gallery,34565_446b7a71_0,train,completed,0,True,True,True,1,1,8,0,True,1,0,True,1050.1140108392212,293,586,0,0,1,True,True,True,admitted,0.0135175,462be2da0c3368a06d1b6da6f0b3b6f22524cb0721624bd06c9adaa03e783ccc,462be2da0c3368a06d1b6da6f0b3b6f22524cb0721624bd06c9adaa03e783ccc,${GRADIENT_QEF_CAD_ROOT}/Fusion360Gallery/s2.0.1_extended_step/sample_500/step/34565_446b7a71_0.stp
F300,Fusion360Gallery,26565_634c6f2f_2,train,completed,0,True,True,True,1,1,3,0,True,1,0,True,2792.52680319093,98,192,0,0,1,True,True,True,admitted,0.005183791,116d1d46b68ee60b4cce24db692dc8fa0c057146457755bf8cd174db00b607ad,116d1d46b68ee60b4cce24db692dc8fa0c057146457755bf8cd174db00b607ad,${GRADIENT_QEF_CAD_ROOT}/Fusion360Gallery/s2.0.1_extended_step/sample_500/step/26565_634c6f2f_2.stp
F301,Fusion360Gallery,126255_ca581625_4,train,completed,0,True,True,True,1,1,6,0,True,1,0,True,36.23317403945798,8,12,0,0,1,True,True,True,admitted,0.007800416,c9f68cf66662c4ad5367406c1ae86ef2c4aaed17ff88630bc4681b039341638f,c9f68cf66662c4ad5367406c1ae86ef2c4aaed17ff88630bc4681b039341638f,${GRADIENT_QEF_CAD_ROOT}/Fusion360Gallery/s2.0.1_extended_step/sample_500/step/126255_ca581625_4.stp
F302,Fusion360Gallery,140558_461ff76a_3,train,completed,0,True,True,True,1,1,24,0,True,1,0,True,166.03067713626538,415,842,0,0,1,True,True,True,admitted,0.047556333,72c61fb897d82c191a075ea2b93b98a7ddabb4aea7dc18fc33677bbe9f4b7773,72c61fb897d82c191a075ea2b93b98a7ddabb4aea7dc18fc33677bbe9f4b7773,${GRADIENT_QEF_CAD_ROOT}/Fusion360Gallery/s2.0.1_extended_step/sample_500/step/140558_461ff76a_3.stp
F303,Fusion360Gallery,79682_b75071d6_0,train,completed,0,True,True,True,1,1,27,0,True,1,0,True,55.47094037592444,1077,2150,0,0,1,True,True,True,admitted,0.050929041,bc0c20cdf46945d183610fb3adc77e4ba30ed66863285685d1433c973c03223a,bc0c20cdf46945d183610fb3adc77e4ba30ed66863285685d1433c973c03223a,${GRADIENT_QEF_CAD_ROOT}/Fusion360Gallery/s2.0.1_extended_step/sample_500/step/79682_b75071d6_0.stp
F304,Fusion360Gallery,33615_7bab1106_1,train,completed,0,True,True,True,1,1,4,0,True,1,0,True,83.62244515182567,234,468,0,0,1,True,True,True,admitted,0.009472,fdd7a19df67ae619d3feccd681564000a9fab2a230b75ddf3e4790b9c9a71696,fdd7a19df67ae619d3feccd681564000a9fab2a230b75ddf3e4790b9c9a71696,${GRADIENT_QEF_CAD_ROOT}/Fusion360Gallery/s2.0.1_extended_step/sample_500/step/33615_7bab1106_1.stp
F305,Fusion360Gallery,45614_bfffa290_12,train,completed,0,True,True,True,1,1,5,0,True,1,0,True,264.83464966731424,841,1678,0,0,1,True,True,True,admitted,0.01352975,ed33e626a0bb0a06deb52b88a29dd6bccc37f6c02c086d06d8484bc7a5faaf39,ed33e626a0bb0a06deb52b88a29dd6bccc37f6c02c086d06d8484bc7a5faaf39,${GRADIENT_QEF_CAD_ROOT}/Fusion360Gallery/s2.0.1_extended_step/sample_500/step/45614_bfffa290_12.stp
F306,Fusion360Gallery,41501_b627682a_2,train,completed,0,True,True,True,1,1,8,0,True,1,0,True,8.201434363853835,220,444,0,0,1,True,True,True,admitted,0.0125375,f2d0b4a27c9572de67fa47ab31cd634ba7c973ac60e40f3a6b50a515bc33707c,f2d0b4a27c9572de67fa47ab31cd634ba7c973ac60e40f3a6b50a515bc33707c,${GRADIENT_QEF_CAD_ROOT}/Fusion360Gallery/s2.0.1_extended_step/sample_500/step/41501_b627682a_2.stp
F307,Fusion360Gallery,76969_10fcc619_0,train,completed,0,True,True,True,1,1,32,0,True,1,0,True,172.48519447673397,350,712,0,0,1,True,True,True,admitted,0.044280958,755203425fa2ed87b88b6ff2cf6fb55b75c2150ae035a5bf044a636375fdfcfd,755203425fa2ed87b88b6ff2cf6fb55b75c2150ae035a5bf044a636375fdfcfd,${GRADIENT_QEF_CAD_ROOT}/Fusion360Gallery/s2.0.1_extended_step/sample_500/step/76969_10fcc619_0.stp
F308,Fusion360Gallery,21231_eb9826e5_1,train,completed,0,True,True,True,1,1,25,0,True,1,0,True,1375.4068847312683,674,1344,0,0,1,True,True,True,admitted,0.050674542,edcc3c580ac0f8f07749c0491ed87a835de6c236bed85bb885fdada09d1bc3ca,edcc3c580ac0f8f07749c0491ed87a835de6c236bed85bb885fdada09d1bc3ca,${GRADIENT_QEF_CAD_ROOT}/Fusion360Gallery/s2.0.1_extended_step/sample_500/step/21231_eb9826e5_1.stp
F309,Fusion360Gallery,142073_90d8ba01_1,train,completed,0,True,True,True,1,1,6,0,True,1,0,True,302.4,8,12,0,0,1,True,True,True,admitted,0.007994792,d885c1e139a58d55af7f08c30dbd9bd6ae538694668847f1bc49be7771a1a375,d885c1e139a58d55af7f08c30dbd9bd6ae538694668847f1bc49be7771a1a375,${GRADIENT_QEF_CAD_ROOT}/Fusion360Gallery/s2.0.1_extended_step/sample_500/step/142073_90d8ba01_1.stp
F310,Fusion360Gallery,43014_63ee254d_3,train,completed,0,True,True,True,1,1,9,0,True,1,0,True,0.6030282248374398,30,56,0,0,1,True,True,True,admitted,0.0117,0e44334fa1034ccdf5374834970667fab01aa71bb12dc23c4d9dc96969c7e436,0e44334fa1034ccdf5374834970667fab01aa71bb12dc23c4d9dc96969c7e436,${GRADIENT_QEF_CAD_ROOT}/Fusion360Gallery/s2.0.1_extended_step/sample_500/step/43014_63ee254d_3.stp
F311,Fusion360Gallery,108773_f9384cff_2,train,completed,0,True,True,True,1,1,18,0,True,1,0,True,121.3745582010442,294,584,0,0,1,True,True,True,admitted,0.038894208,029f1df2261eb118a936f63d70cdc03c2dd6ca640b3f2af9c035851d473a7823,029f1df2261eb118a936f63d70cdc03c2dd6ca640b3f2af9c035851d473a7823,${GRADIENT_QEF_CAD_ROOT}/Fusion360Gallery/s2.0.1_extended_step/sample_500/step/108773_f9384cff_2.stp
F312,Fusion360Gallery,21242_6c2af7c2_19,train,completed,0,True,True,True,1,1,9,0,True,1,0,True,1721.2057402086193,244,488,0,0,1,True,True,True,admitted,0.015682666,82d1242097f4c57ca2d1aca8e4003c6e4d31453c171b5567eb24489e44d22744,82d1242097f4c57ca2d1aca8e4003c6e4d31453c171b5567eb24489e44d22744,${GRADIENT_QEF_CAD_ROOT}/Fusion360Gallery/s2.0.1_extended_step/sample_500/step/21242_6c2af7c2_19.stp
F313,Fusion360Gallery,24168_a0ede173_210,train,completed,0,True,True,True,1,1,32,0,True,1,0,True,306.06156434900447,132,260,0,0,1,True,True,True,admitted,0.049421625,5124dd1a73404d6214e39757fda8d4c00667049b6a19b6865fabb8560204fe60,5124dd1a73404d6214e39757fda8d4c00667049b6a19b6865fabb8560204fe60,${GRADIENT_QEF_CAD_ROOT}/Fusion360Gallery/s2.0.1_extended_step/sample_500/step/24168_a0ede173_210.stp
F314,Fusion360Gallery,68956_050d8535_0,train,completed,0,True,True,True,1,1,23,0,True,1,0,True,1007.6796668136137,2760,5516,0,0,1,True,True,True,admitted,0.110212625,bfbe75d5e45fa0a103de42d726f9263586584d8b5e1cdf07bf89f162f460737d,bfbe75d5e45fa0a103de42d726f9263586584d8b5e1cdf07bf89f162f460737d,${GRADIENT_QEF_CAD_ROOT}/Fusion360Gallery/s2.0.1_extended_step/sample_500/step/68956_050d8535_0.stp
F315,Fusion360Gallery,75175_879cdaa5_13,train,completed,0,True,True,True,1,1,3,0,True,1,0,True,696.446952188823,78,152,0,0,1,True,True,True,admitted,0.005243958,c56d0ce5c2a39dc678ece58382f4dd30329af9cb9bce108d763bfa0af934e427,c56d0ce5c2a39dc678ece58382f4dd30329af9cb9bce108d763bfa0af934e427,${GRADIENT_QEF_CAD_ROOT}/Fusion360Gallery/s2.0.1_extended_step/sample_500/step/75175_879cdaa5_13.stp
F316,Fusion360Gallery,34103_6635d58e_0,train,completed,0,True,True,True,1,1,11,0,True,1,0,True,443.9984155392044,384,764,0,0,1,True,True,True,admitted,0.011056875,03cff1b7e30e5346889f58ab56e1467b95168d3039f809ab4c27000d94962d42,03cff1b7e30e5346889f58ab56e1467b95168d3039f809ab4c27000d94962d42,${GRADIENT_QEF_CAD_ROOT}/Fusion360Gallery/s2.0.1_extended_step/sample_500/step/34103_6635d58e_0.stp
F317,Fusion360Gallery,23132_1847c4ef_2,train,completed,0,True,True,True,1,1,19,0,True,1,0,True,196.58076121569846,2515,5026,0,0,1,True,True,True,admitted,0.027006917,cefdd0b11ecc7528d98110912a9ec7cdaf6baed5b4d8dde594afe951eed1a6cb,cefdd0b11ecc7528d98110912a9ec7cdaf6baed5b4d8dde594afe951eed1a6cb,${GRADIENT_QEF_CAD_ROOT}/Fusion360Gallery/s2.0.1_extended_step/sample_500/step/23132_1847c4ef_2.stp
F318,Fusion360Gallery,21395_7d6fda6f_11,train,completed,0,True,True,True,1,1,19,0,True,1,0,True,51.73636510315714,190,380,0,0,1,True,True,True,admitted,0.02503575,93cf18b999a44612003e625bb7f11a0a50ab026ccec440d3f16f4a0f9a08743e,93cf18b999a44612003e625bb7f11a0a50ab026ccec440d3f16f4a0f9a08743e,${GRADIENT_QEF_CAD_ROOT}/Fusion360Gallery/s2.0.1_extended_step/sample_500/step/21395_7d6fda6f_11.stp
F319,Fusion360Gallery,98102_a76c373d_0,train,completed,0,True,True,True,1,1,13,0,True,1,0,True,4.121057674221069,20,36,0,0,1,True,True,True,admitted,0.014059209,26b90da50494ca627569043d8ada3208f120dfe157f40f9ac8a652ef514101fe,26b90da50494ca627569043d8ada3208f120dfe157f40f9ac8a652ef514101fe,${GRADIENT_QEF_CAD_ROOT}/Fusion360Gallery/s2.0.1_extended_step/sample_500/step/98102_a76c373d_0.stp
F320,Fusion360Gallery,52882_4fbf7593_7,train,completed,0,True,True,True,1,1,7,0,True,1,0,True,3007.664641151626,410,824,0,0,1,True,True,True,admitted,0.039646458,97f6e4c6f67fb1ec0f22f7f7a0bd381ed6cef5bfd173dc14feb2e78ce669b220,97f6e4c6f67fb1ec0f22f7f7a0bd381ed6cef5bfd173dc14feb2e78ce669b220,${GRADIENT_QEF_CAD_ROOT}/Fusion360Gallery/s2.0.1_extended_step/sample_500/step/52882_4fbf7593_7.stp
F321,Fusion360Gallery,123573_5f5c9584_7,train,completed,0,True,True,True,1,1,8,0,True,1,0,True,141.44573927811788,16,28,0,0,1,True,True,True,admitted,0.010525667,f419cfbbc9d74c4036ca8881ea774d66902ef34a72f887ea78622c4716ed5e90,f419cfbbc9d74c4036ca8881ea774d66902ef34a72f887ea78622c4716ed5e90,${GRADIENT_QEF_CAD_ROOT}/Fusion360Gallery/s2.0.1_extended_step/sample_500/step/123573_5f5c9584_7.stp
F322,Fusion360Gallery,109754_990269a4_53,train,completed,0,True,True,True,1,1,503,0,True,1,0,True,59.156480546828455,3224,6444,0,0,1,True,True,True,admitted,1.215041167,746953e77e3eea6d26cdc5fd1fbbb9567b7bba5e09b9f1853ebe7378239a6f71,746953e77e3eea6d26cdc5fd1fbbb9567b7bba5e09b9f1853ebe7378239a6f71,${GRADIENT_QEF_CAD_ROOT}/Fusion360Gallery/s2.0.1_extended_step/sample_500/step/109754_990269a4_53.stp
F323,Fusion360Gallery,133619_c3cf63d6_1,train,completed,0,True,True,True,1,1,6,0,True,1,0,True,5730.017380090669,8,12,0,0,1,True,True,True,admitted,0.008132375,b8005b94b4e179301dc4dc9715f8194c8ec675394af5cd3896d6b58d09874465,b8005b94b4e179301dc4dc9715f8194c8ec675394af5cd3896d6b58d09874465,${GRADIENT_QEF_CAD_ROOT}/Fusion360Gallery/s2.0.1_extended_step/sample_500/step/133619_c3cf63d6_1.stp
F324,Fusion360Gallery,51786_e1ecf142_0,train,completed,0,True,True,True,1,1,10,0,True,1,0,True,3029.941328534086,80,156,0,0,1,True,True,True,admitted,0.013469833,ee316cd994c23abef909f6446ec2a9eb62fb753b0b21c569f0d68e2da6dc6584,ee316cd994c23abef909f6446ec2a9eb62fb753b0b21c569f0d68e2da6dc6584,${GRADIENT_QEF_CAD_ROOT}/Fusion360Gallery/s2.0.1_extended_step/sample_500/step/51786_e1ecf142_0.stp
F325,Fusion360Gallery,21300_ec7da33e_13,train,completed,0,True,True,True,1,1,9,0,True,1,0,True,258.9318517185195,14,24,0,0,1,True,True,True,admitted,0.041231542,dacb94264ac8d6be56946523dc23c18d8e0c48c2a30e9999a4bfb8f6ca0b0151,dacb94264ac8d6be56946523dc23c18d8e0c48c2a30e9999a4bfb8f6ca0b0151,${GRADIENT_QEF_CAD_ROOT}/Fusion360Gallery/s2.0.1_extended_step/sample_500/step/21300_ec7da33e_13.stp
F326,Fusion360Gallery,138736_5b71248e_0,train,completed,0,True,True,True,1,1,2,0,True,1,0,True,1288.8585245496588,57,55,57,0,1,False,True,False,mesh_boundary,0.03023425,36a4cace0d4a5aea08e0bcaf153deeb949679a721b6679719ae0094dbc93f9f4,36a4cace0d4a5aea08e0bcaf153deeb949679a721b6679719ae0094dbc93f9f4,${GRADIENT_QEF_CAD_ROOT}/Fusion360Gallery/s2.0.1_extended_step/sample_500/step/138736_5b71248e_0.stp
F327,Fusion360Gallery,106638_1b6bf1a2_8,train,completed,0,True,True,True,1,1,39,0,True,1,0,True,768.931006944279,374,744,0,0,1,True,True,True,admitted,0.034819833,9e19a357a613c4a8ff0aa53fefb551f84890e39dc7672a78c74745de079b726e,9e19a357a613c4a8ff0aa53fefb551f84890e39dc7672a78c74745de079b726e,${GRADIENT_QEF_CAD_ROOT}/Fusion360Gallery/s2.0.1_extended_step/sample_500/step/106638_1b6bf1a2_8.stp
F328,Fusion360Gallery,24443_996411f9_4,train,completed,0,True,True,True,1,1,20,0,True,1,0,True,3164.818145372241,945,1886,0,0,1,True,True,True,admitted,0.02032275,12692623f3fa7c9143b633e0a66857e5b0f48b724702d331a6a3c89cc7a4f6ec,12692623f3fa7c9143b633e0a66857e5b0f48b724702d331a6a3c89cc7a4f6ec,${GRADIENT_QEF_CAD_ROOT}/Fusion360Gallery/s2.0.1_extended_step/sample_500/step/24443_996411f9_4.stp
F329,Fusion360Gallery,126989_46eaf7d2_4,train,completed,0,True,True,True,1,1,3,0,True,1,0,True,3534.16989713614,240,476,0,0,1,True,True,True,admitted,0.011289667,328badf4a6652c7ae30d24525f7098dc0750df2b1284a026a28113451f0a5f6c,328badf4a6652c7ae30d24525f7098dc0750df2b1284a026a28113451f0a5f6c,${GRADIENT_QEF_CAD_ROOT}/Fusion360Gallery/s2.0.1_extended_step/sample_500/step/126989_46eaf7d2_4.stp
F330,Fusion360Gallery,73651_a41647f8_5,train,completed,0,True,True,True,1,1,7,0,True,1,0,True,159.36055070430535,26,48,0,0,1,True,True,True,admitted,0.012868584,d7bce8047b4c8bd9d8e983bcf075121a7d84baed8b79d8fb5a51678b38810839,d7bce8047b4c8bd9d8e983bcf075121a7d84baed8b79d8fb5a51678b38810839,${GRADIENT_QEF_CAD_ROOT}/Fusion360Gallery/s2.0.1_extended_step/sample_500/step/73651_a41647f8_5.stp
F331,Fusion360Gallery,68956_dbfcec3f_5,train,completed,0,True,True,True,1,1,6,0,True,1,0,True,31.60493827160498,8,12,0,0,1,True,True,True,admitted,0.007935417,9e3eafbc65228a49c0b5b34c552b20abbc1a80c7c2739a852aa430da2e01df15,9e3eafbc65228a49c0b5b34c552b20abbc1a80c7c2739a852aa430da2e01df15,${GRADIENT_QEF_CAD_ROOT}/Fusion360Gallery/s2.0.1_extended_step/sample_500/step/68956_dbfcec3f_5.stp
F332,Fusion360Gallery,123665_0a0da5c7_1,train,completed,0,True,True,True,1,1,36,0,True,1,0,True,1460.5797842684522,184,364,0,0,1,True,True,True,admitted,0.038909958,0a315861dd828aeb7be64d168d42776824893da78128577fa0cf5d18e2a5c519,0a315861dd828aeb7be64d168d42776824893da78128577fa0cf5d18e2a5c519,${GRADIENT_QEF_CAD_ROOT}/Fusion360Gallery/s2.0.1_extended_step/sample_500/step/123665_0a0da5c7_1.stp
F333,Fusion360Gallery,34909_0bd9b4a5_4,train,completed,0,True,True,True,1,1,6,0,True,1,0,True,332.9464588497041,8,12,0,0,1,True,True,True,admitted,0.007763417,2762185b3e7aaad3a5806cd23e7cc00c52b3d0eb8b106b89ef7dd8add1cea9ed,2762185b3e7aaad3a5806cd23e7cc00c52b3d0eb8b106b89ef7dd8add1cea9ed,${GRADIENT_QEF_CAD_ROOT}/Fusion360Gallery/s2.0.1_extended_step/sample_500/step/34909_0bd9b4a5_4.stp
F334,Fusion360Gallery,25285_31ea8727_4,train,completed,0,True,True,True,1,1,16,0,True,1,0,True,6.322398130639652,448,920,0,0,1,True,True,True,admitted,0.024139875,2543578a49057ad3ff5316adbc6cec2d430919870329da47f9e2f6d296656aff,2543578a49057ad3ff5316adbc6cec2d430919870329da47f9e2f6d296656aff,${GRADIENT_QEF_CAD_ROOT}/Fusion360Gallery/s2.0.1_extended_step/sample_500/step/25285_31ea8727_4.stp
F335,Fusion360Gallery,28931_bac5838c_0,train,completed,0,True,True,True,1,1,4,0,True,1,0,True,2111.777012758329,310,616,0,0,1,True,True,True,admitted,0.007720875,e9038262bdaf5dbfbadb14193ba0dc58f1a88cff2853d2f56b0437c6f194df00,e9038262bdaf5dbfbadb14193ba0dc58f1a88cff2853d2f56b0437c6f194df00,${GRADIENT_QEF_CAD_ROOT}/Fusion360Gallery/s2.0.1_extended_step/sample_500/step/28931_bac5838c_0.stp
F336,Fusion360Gallery,55469_ff7238c7_1,train,completed,0,True,True,True,1,1,1,0,True,1,0,True,1639.4105200646907,4483,8962,0,0,1,True,True,True,admitted,0.105172833,ed7ab25ab356e9079c94a40c59093f43e36fa636cf1a2d59f9ac06b529eb48f4,ed7ab25ab356e9079c94a40c59093f43e36fa636cf1a2d59f9ac06b529eb48f4,${GRADIENT_QEF_CAD_ROOT}/Fusion360Gallery/s2.0.1_extended_step/sample_500/step/55469_ff7238c7_1.stp
F337,Fusion360Gallery,41608_fb3b91be_2,train,completed,0,True,True,True,1,1,18,0,True,1,0,True,88.10673571895039,2420,4836,0,0,1,True,True,True,admitted,0.023450833,b3e521b35abeac3a94325d149177ae57bfb87fd2a1744bcfc412e439f5956726,b3e521b35abeac3a94325d149177ae57bfb87fd2a1744bcfc412e439f5956726,${GRADIENT_QEF_CAD_ROOT}/Fusion360Gallery/s2.0.1_extended_step/sample_500/step/41608_fb3b91be_2.stp
F338,Fusion360Gallery,41466_c6aa7b3a_2,train,completed,0,True,True,True,1,1,6,0,True,1,0,True,320.00002042515234,8,12,0,0,1,True,True,True,admitted,0.008067958,ddae7174f14a1646278669a7847782924c4271f24e87897ee5d13ee8c3e9e543,ddae7174f14a1646278669a7847782924c4271f24e87897ee5d13ee8c3e9e543,${GRADIENT_QEF_CAD_ROOT}/Fusion360Gallery/s2.0.1_extended_step/sample_500/step/41466_c6aa7b3a_2.stp
F339,Fusion360Gallery,35741_c43475b8_3,train,completed,0,True,True,True,1,1,87,0,True,1,0,True,1150.534806494941,808,1612,0,0,1,True,True,True,admitted,0.108808958,3e9ceeb0f248afd2c47e24c78b680adb3ac5e887d091ccf12e37d54bf9137783,3e9ceeb0f248afd2c47e24c78b680adb3ac5e887d091ccf12e37d54bf9137783,${GRADIENT_QEF_CAD_ROOT}/Fusion360Gallery/s2.0.1_extended_step/sample_500/step/35741_c43475b8_3.stp
F340,Fusion360Gallery,131468_117edf36_3,train,completed,0,True,True,True,1,1,6,0,True,1,0,True,2160.8968291112988,8,12,0,0,1,True,True,True,admitted,0.007744,3396f371de6f09d543a42153731c77cef8d512f11967ef50b28f2b691bdc2525,3396f371de6f09d543a42153731c77cef8d512f11967ef50b28f2b691bdc2525,${GRADIENT_QEF_CAD_ROOT}/Fusion360Gallery/s2.0.1_extended_step/sample_500/step/131468_117edf36_3.stp
F341,Fusion360Gallery,133469_49247c50_1,train,completed,0,True,True,True,1,1,3,0,True,1,0,True,251.32741228718345,72,140,0,0,1,True,True,True,admitted,0.005162458,3e28bce27bd49ad473b69fb164c48c5f631885e9ab44fdcb374f9f77a67ca932,3e28bce27bd49ad473b69fb164c48c5f631885e9ab44fdcb374f9f77a67ca932,${GRADIENT_QEF_CAD_ROOT}/Fusion360Gallery/s2.0.1_extended_step/sample_500/step/133469_49247c50_1.stp
F342,Fusion360Gallery,82664_ff293402_3,train,completed,0,True,True,True,1,1,6,0,True,1,0,True,136.32872604999528,74,144,0,0,1,True,True,True,admitted,0.00814625,acc1d9ffc491629e0800432267aba8ca6e8db2d809b206007092e048604f3baf,acc1d9ffc491629e0800432267aba8ca6e8db2d809b206007092e048604f3baf,${GRADIENT_QEF_CAD_ROOT}/Fusion360Gallery/s2.0.1_extended_step/sample_500/step/82664_ff293402_3.stp
F343,Fusion360Gallery,113019_88e40771_0,train,completed,0,True,True,True,1,1,9,0,True,1,0,True,185.9848010375117,1107,2210,0,0,1,True,True,True,admitted,0.021979917,669fb2037b28be566ef304750ae22ac6bb16334b94c0da42d38f888b4cbac217,669fb2037b28be566ef304750ae22ac6bb16334b94c0da42d38f888b4cbac217,${GRADIENT_QEF_CAD_ROOT}/Fusion360Gallery/s2.0.1_extended_step/sample_500/step/113019_88e40771_0.stp
F344,Fusion360Gallery,36918_2dee90be_1,train,completed,0,True,True,True,1,1,10,0,True,1,0,True,17.718518518519375,16,32,0,0,1,True,True,True,admitted,0.013062,44cea13bf28d23e2586d5d9654c8f7bb6dc3df2168a031adc3f39c31f6a9bce2,44cea13bf28d23e2586d5d9654c8f7bb6dc3df2168a031adc3f39c31f6a9bce2,${GRADIENT_QEF_CAD_ROOT}/Fusion360Gallery/s2.0.1_extended_step/sample_500/step/36918_2dee90be_1.stp
F345,Fusion360Gallery,23641_9dc65be2_2,train,completed,0,True,True,True,1,1,21,0,True,1,0,True,901.1353949324154,30,60,0,0,1,True,True,True,admitted,0.021209542,24b988027fa8409f1beff175d2753e468ed19e97dacf1c00088a597403d1745e,24b988027fa8409f1beff175d2753e468ed19e97dacf1c00088a597403d1745e,${GRADIENT_QEF_CAD_ROOT}/Fusion360Gallery/s2.0.1_extended_step/sample_500/step/23641_9dc65be2_2.stp
F346,Fusion360Gallery,51586_2ad96f8c_0,train,completed,0,True,True,True,1,1,37,0,True,1,0,True,828.3164389469141,1802,3604,0,0,1,True,True,True,admitted,0.031481,6378cb72d041f61118fa53d005bcd2e30794c3e6810eec063b8bd54da90d014a,6378cb72d041f61118fa53d005bcd2e30794c3e6810eec063b8bd54da90d014a,${GRADIENT_QEF_CAD_ROOT}/Fusion360Gallery/s2.0.1_extended_step/sample_500/step/51586_2ad96f8c_0.stp
F347,Fusion360Gallery,44996_b3e9c266_5,train,completed,0,True,True,True,1,1,6,0,True,1,0,True,97.65624999999982,8,12,0,0,1,True,True,True,admitted,0.008093625,d158f61e3f952b65fd9e3a234c5b4b5f11be48c507a04c53ab5559addd06f21c,d158f61e3f952b65fd9e3a234c5b4b5f11be48c507a04c53ab5559addd06f21c,${GRADIENT_QEF_CAD_ROOT}/Fusion360Gallery/s2.0.1_extended_step/sample_500/step/44996_b3e9c266_5.stp
F348,Fusion360Gallery,78187_d8cd9e68_6,train,completed,0,True,True,True,1,1,10,0,True,1,0,True,71.42967152668567,80,156,0,0,1,True,True,True,admitted,0.013572792,b6ca8f65a686cb3508453abe48f439fef23fb3366a779329d9b5bad1e4083b40,b6ca8f65a686cb3508453abe48f439fef23fb3366a779329d9b5bad1e4083b40,${GRADIENT_QEF_CAD_ROOT}/Fusion360Gallery/s2.0.1_extended_step/sample_500/step/78187_d8cd9e68_6.stp
F349,Fusion360Gallery,21703_42d28e69_2,train,completed,0,True,True,True,1,1,31,0,True,1,0,True,937.0042456311331,404,824,0,0,1,True,True,True,admitted,0.0468765,7c4167f63ed731a2a41ce40aed1959ee77cd903980ad97b6f6d79740f3011188,7c4167f63ed731a2a41ce40aed1959ee77cd903980ad97b6f6d79740f3011188,${GRADIENT_QEF_CAD_ROOT}/Fusion360Gallery/s2.0.1_extended_step/sample_500/step/21703_42d28e69_2.stp
F350,Fusion360Gallery,27721_db9866d3_1,train,completed,0,True,True,True,1,1,10,0,True,1,0,True,143.15252741791866,16,32,0,0,1,True,True,True,admitted,0.018200875,c18f89ea25ebb450ef1eb92834f16e88238551277d899a05aa49a92587ac8b07,c18f89ea25ebb450ef1eb92834f16e88238551277d899a05aa49a92587ac8b07,${GRADIENT_QEF_CAD_ROOT}/Fusion360Gallery/s2.0.1_extended_step/sample_500/step/27721_db9866d3_1.stp
F351,Fusion360Gallery,28085_d7d25772_1,train,completed,0,True,True,True,1,1,13,0,True,1,0,True,2842.4537185219847,88,172,0,0,1,True,True,True,admitted,0.01881225,29cf07984d7b0dc47581c1c6d23056061592b470dd37d7fa45459a266449633b,29cf07984d7b0dc47581c1c6d23056061592b470dd37d7fa45459a266449633b,${GRADIENT_QEF_CAD_ROOT}/Fusion360Gallery/s2.0.1_extended_step/sample_500/step/28085_d7d25772_1.stp
F352,Fusion360Gallery,115018_630111f5_26,train,completed,0,True,True,True,1,1,11,0,True,1,0,True,1221.6934403665198,280,556,0,0,1,True,True,True,admitted,0.013993125,d0bca66eed1bf0d5fbbb5807d821b8c603c94d9b448aa2cfb0efa9de66280ded,d0bca66eed1bf0d5fbbb5807d821b8c603c94d9b448aa2cfb0efa9de66280ded,${GRADIENT_QEF_CAD_ROOT}/Fusion360Gallery/s2.0.1_extended_step/sample_500/step/115018_630111f5_26.stp
F353,Fusion360Gallery,44387_1618ffe6_16,train,completed,0,True,True,True,1,1,7,0,True,1,0,True,2066.5937219695497,60,116,0,0,1,True,True,True,admitted,0.009276667,7f14d61c1b9fcf5470967519ca8802d283d9d56d6d53d0bd44959e2c5c3cc54c,7f14d61c1b9fcf5470967519ca8802d283d9d56d6d53d0bd44959e2c5c3cc54c,${GRADIENT_QEF_CAD_ROOT}/Fusion360Gallery/s2.0.1_extended_step/sample_500/step/44387_1618ffe6_16.stp
F354,Fusion360Gallery,127099_7d287b01_4,train,completed,0,True,True,True,1,1,41,0,True,1,0,True,161.60172859116753,1314,2644,0,0,1,True,True,True,admitted,0.05610025,39fe5ad82646d6dd0d236e1ddd05d6a57f2263506bc9b2113b44fbedff6a665f,39fe5ad82646d6dd0d236e1ddd05d6a57f2263506bc9b2113b44fbedff6a665f,${GRADIENT_QEF_CAD_ROOT}/Fusion360Gallery/s2.0.1_extended_step/sample_500/step/127099_7d287b01_4.stp
F355,Fusion360Gallery,39101_23fec10f_28,train,completed,0,True,True,True,1,1,10,0,True,1,0,True,91.58721570285633,191,378,0,0,1,True,True,True,admitted,0.010891458,a640981d77534e37e2ebebf56334b1fd7497733726e3e42004d2e913a42695ff,a640981d77534e37e2ebebf56334b1fd7497733726e3e42004d2e913a42695ff,${GRADIENT_QEF_CAD_ROOT}/Fusion360Gallery/s2.0.1_extended_step/sample_500/step/39101_23fec10f_28.stp
F356,Fusion360Gallery,22604_0b4ffb43_59,train,completed,0,True,True,True,1,1,34,0,True,1,0,True,154.10580752011225,479,958,0,0,1,True,True,True,admitted,0.053688375,bb6236750fd138c6db301902a7af35709c2f43b23492cf62c16100021039ff9b,bb6236750fd138c6db301902a7af35709c2f43b23492cf62c16100021039ff9b,${GRADIENT_QEF_CAD_ROOT}/Fusion360Gallery/s2.0.1_extended_step/sample_500/step/22604_0b4ffb43_59.stp
F357,Fusion360Gallery,33782_5c085bbe_3,train,completed,0,True,True,True,1,1,6,0,True,1,0,True,16.473774598552108,12,20,0,0,1,True,True,True,admitted,0.008181666,a71fd7c2f45cdcfbf12e3113666d4f091effc2b2d35e4270d64c86677adbd946,a71fd7c2f45cdcfbf12e3113666d4f091effc2b2d35e4270d64c86677adbd946,${GRADIENT_QEF_CAD_ROOT}/Fusion360Gallery/s2.0.1_extended_step/sample_500/step/33782_5c085bbe_3.stp
F358,Fusion360Gallery,104995_a625a7c5_16,train,completed,0,True,True,True,1,1,3,0,True,1,0,True,36.40332978277721,37219,74434,0,0,1,True,True,True,admitted,2.797863791,68530ac1e6c32c52300a575b3848841f5624cf4271c5b15bdd7201b137526b35,68530ac1e6c32c52300a575b3848841f5624cf4271c5b15bdd7201b137526b35,${GRADIENT_QEF_CAD_ROOT}/Fusion360Gallery/s2.0.1_extended_step/sample_500/step/104995_a625a7c5_16.stp
F359,Fusion360Gallery,48607_d57ee7ea_15,train,completed,0,True,True,True,1,1,33,0,True,1,0,True,234.73267404653205,284,564,0,0,1,True,True,True,admitted,0.068862875,ead18e51bf23385e3daa74ddfd38a06ee03f7b23fc9f6a15726cbbac27c97fc0,ead18e51bf23385e3daa74ddfd38a06ee03f7b23fc9f6a15726cbbac27c97fc0,${GRADIENT_QEF_CAD_ROOT}/Fusion360Gallery/s2.0.1_extended_step/sample_500/step/48607_d57ee7ea_15.stp
F360,Fusion360Gallery,143658_f856aac2_0,train,completed,0,True,True,True,1,1,26,0,True,1,0,True,1066.204651401323,1481,2958,0,0,1,True,True,True,admitted,0.029112833,c36e6be5bdcb373e98f7014e3f97f2d542a13b03998bc93d65f4c664bfff5f97,c36e6be5bdcb373e98f7014e3f97f2d542a13b03998bc93d65f4c664bfff5f97,${GRADIENT_QEF_CAD_ROOT}/Fusion360Gallery/s2.0.1_extended_step/sample_500/step/143658_f856aac2_0.stp
F361,Fusion360Gallery,34225_0bedc717_0,train,completed,0,True,True,True,1,1,22,0,True,1,0,True,518.2728760619106,241,486,0,0,1,True,True,True,admitted,0.039029084,e44e17ae6e500e326ef4c7c795955daa99b25705180adb698f308d1fd4c67d66,e44e17ae6e500e326ef4c7c795955daa99b25705180adb698f308d1fd4c67d66,${GRADIENT_QEF_CAD_ROOT}/Fusion360Gallery/s2.0.1_extended_step/sample_500/step/34225_0bedc717_0.stp
F362,Fusion360Gallery,136980_9660c50c_2,train,completed,0,True,True,True,1,1,4,0,True,1,0,True,73.26073403432986,232,464,0,0,1,True,True,True,admitted,0.007322625,9a5f02492d1958b968786048cb9f12054d8fbde0b690f62730ac1ad7223d7cd9,9a5f02492d1958b968786048cb9f12054d8fbde0b690f62730ac1ad7223d7cd9,${GRADIENT_QEF_CAD_ROOT}/Fusion360Gallery/s2.0.1_extended_step/sample_500/step/136980_9660c50c_2.stp
F363,Fusion360Gallery,53470_39f2e9dc_12,train,completed,0,True,True,True,1,1,26,0,True,1,0,True,21.36176770606751,536,1084,0,0,1,True,True,True,admitted,0.034539542,d9518c9bd938def802fff309a8d236c3970f8171f77b9af26b4c0109bc9e9f18,d9518c9bd938def802fff309a8d236c3970f8171f77b9af26b4c0109bc9e9f18,${GRADIENT_QEF_CAD_ROOT}/Fusion360Gallery/s2.0.1_extended_step/sample_500/step/53470_39f2e9dc_12.stp
F364,Fusion360Gallery,24861_c05860c8_0,train,completed,0,True,True,True,1,1,31,0,True,1,0,True,654.2806695565922,388,784,0,0,1,True,True,True,admitted,0.037814834,4b7d3be4e9bc0f2f2a36a052bfd425c3a7130a3ef7dacaa1922654b34cf92fb1,4b7d3be4e9bc0f2f2a36a052bfd425c3a7130a3ef7dacaa1922654b34cf92fb1,${GRADIENT_QEF_CAD_ROOT}/Fusion360Gallery/s2.0.1_extended_step/sample_500/step/24861_c05860c8_0.stp
F365,Fusion360Gallery,133454_9bf93e51_0,train,completed,0,True,True,True,1,1,38,0,True,1,0,True,276.33410985670844,1232,2460,0,0,1,True,True,True,admitted,0.03401075,2fb7245d88d9533bd60839e37e56606f80c4dd84ca0239d94b15455be235ff0d,2fb7245d88d9533bd60839e37e56606f80c4dd84ca0239d94b15455be235ff0d,${GRADIENT_QEF_CAD_ROOT}/Fusion360Gallery/s2.0.1_extended_step/sample_500/step/133454_9bf93e51_0.stp
F366,Fusion360Gallery,34782_b461066c_21,train,completed,0,True,True,True,1,1,143,0,True,1,0,True,257.9881106239811,714,1424,0,0,1,True,True,True,admitted,0.223006083,85c59a6483120e283cb0e59cc84d4397aa477ad4d95e70509ff60fc589966f09,85c59a6483120e283cb0e59cc84d4397aa477ad4d95e70509ff60fc589966f09,${GRADIENT_QEF_CAD_ROOT}/Fusion360Gallery/s2.0.1_extended_step/sample_500/step/34782_b461066c_21.stp
F367,Fusion360Gallery,22240_d2a6a35c_7,train,completed,0,True,True,True,1,1,8,0,True,1,0,True,430.56135323873775,312,624,0,0,1,True,True,True,admitted,0.0103065,73db1aa7dff253f1abdd88cb67937fc3a0da5620781bd2f56ff983c2cb6b1a4f,73db1aa7dff253f1abdd88cb67937fc3a0da5620781bd2f56ff983c2cb6b1a4f,${GRADIENT_QEF_CAD_ROOT}/Fusion360Gallery/s2.0.1_extended_step/sample_500/step/22240_d2a6a35c_7.stp
F368,Fusion360Gallery,28084_0391fb15_1,train,completed,0,True,True,True,1,1,8,0,True,1,0,True,1278.539816339745,80,156,0,0,1,True,True,True,admitted,0.0097045,464139d91006fe0699bef432442be5dbf70d0cf44320415ec9431c70999db712,464139d91006fe0699bef432442be5dbf70d0cf44320415ec9431c70999db712,${GRADIENT_QEF_CAD_ROOT}/Fusion360Gallery/s2.0.1_extended_step/sample_500/step/28084_0391fb15_1.stp
F369,Fusion360Gallery,115637_b4d41e8a_0,train,completed,0,True,True,True,1,1,32,0,True,1,0,True,606.0060068233107,54,104,0,0,1,True,True,True,admitted,0.033201709,d8ebd5af9eb5083a3538b9080746ef17524b8285a801131e75cdc28f89527f0e,d8ebd5af9eb5083a3538b9080746ef17524b8285a801131e75cdc28f89527f0e,${GRADIENT_QEF_CAD_ROOT}/Fusion360Gallery/s2.0.1_extended_step/sample_500/step/115637_b4d41e8a_0.stp
F370,Fusion360Gallery,101281_b6883476_3,train,completed,0,True,True,True,1,1,30,0,True,1,0,True,28.151776706552948,56,132,0,0,1,True,True,True,admitted,0.0359715,d8f9c2e68713546ab9674dc6116a1304a4cfb051c48aa4d995293920e98f510e,d8f9c2e68713546ab9674dc6116a1304a4cfb051c48aa4d995293920e98f510e,${GRADIENT_QEF_CAD_ROOT}/Fusion360Gallery/s2.0.1_extended_step/sample_500/step/101281_b6883476_3.stp
F371,Fusion360Gallery,61091_f7d8529d_0,train,completed,0,True,True,True,1,1,36,0,True,1,0,True,2596.537207966469,2756,5516,0,0,1,True,True,True,admitted,0.091398833,d342f2ecf1e3d07bbe935e69ad30a6232fd68ecbc241f5dce2b2e50e7e2cda72,d342f2ecf1e3d07bbe935e69ad30a6232fd68ecbc241f5dce2b2e50e7e2cda72,${GRADIENT_QEF_CAD_ROOT}/Fusion360Gallery/s2.0.1_extended_step/sample_500/step/61091_f7d8529d_0.stp
F372,Fusion360Gallery,34917_61633e20_5,train,completed,0,True,True,True,1,1,5,0,True,1,0,True,1579.4777072163506,245,486,0,0,1,True,True,True,admitted,0.01065625,97dab46f1545239acd4bbee5930fbfeb66a0533ebd65e5a3d400b4d935c78418,97dab46f1545239acd4bbee5930fbfeb66a0533ebd65e5a3d400b4d935c78418,${GRADIENT_QEF_CAD_ROOT}/Fusion360Gallery/s2.0.1_extended_step/sample_500/step/34917_61633e20_5.stp
F373,Fusion360Gallery,31862_a89f21f9_1,train,completed,0,True,True,True,1,1,6,0,True,1,0,True,4567.474048442907,8,12,0,0,1,True,True,True,admitted,0.008147042,ee824fee2aea5c712a1ecfc270e54e3465b386799ae0121141565dab3f7f7774,ee824fee2aea5c712a1ecfc270e54e3465b386799ae0121141565dab3f7f7774,${GRADIENT_QEF_CAD_ROOT}/Fusion360Gallery/s2.0.1_extended_step/sample_500/step/31862_a89f21f9_1.stp
F374,Fusion360Gallery,50717_f1aaa3b1_1,train,completed,0,True,True,True,1,1,7,0,True,1,0,True,191.64801715887506,1472,2940,0,0,1,True,True,True,admitted,0.015698459,35e0f9646cdccaa2999650c0ba78ba29f567d825f26dbe4c1258a10354a19cb3,35e0f9646cdccaa2999650c0ba78ba29f567d825f26dbe4c1258a10354a19cb3,${GRADIENT_QEF_CAD_ROOT}/Fusion360Gallery/s2.0.1_extended_step/sample_500/step/50717_f1aaa3b1_1.stp
F375,Fusion360Gallery,23267_8ecbbb9e_0,train,completed,0,True,True,True,1,1,65,0,True,1,0,True,358.4229613199933,490,976,0,0,1,True,True,True,admitted,0.0800195,09171bfce04b97f27feb2742b4ef826d7278d83f24bd40d2450154ff1cbf3e7d,09171bfce04b97f27feb2742b4ef826d7278d83f24bd40d2450154ff1cbf3e7d,${GRADIENT_QEF_CAD_ROOT}/Fusion360Gallery/s2.0.1_extended_step/sample_500/step/23267_8ecbbb9e_0.stp
F376,Fusion360Gallery,140549_7d01813c_0,train,completed,0,True,True,True,1,1,7,0,True,1,0,True,282.983543283319,264,524,0,0,1,True,True,True,admitted,0.009162458,9403fc04568e32679bd00094d101dff791da3aea835d9d4d5a842c62ca42b906,9403fc04568e32679bd00094d101dff791da3aea835d9d4d5a842c62ca42b906,${GRADIENT_QEF_CAD_ROOT}/Fusion360Gallery/s2.0.1_extended_step/sample_500/step/140549_7d01813c_0.stp
F377,Fusion360Gallery,29833_0ed4880f_1,train,completed,0,True,True,True,1,1,11,0,True,1,0,True,164.73402631427933,3264,6528,0,0,1,True,True,True,admitted,0.019487,0b098dcd12f9e32e3ad6e554ecd39971c5c3f21318750650db800066114ea132,0b098dcd12f9e32e3ad6e554ecd39971c5c3f21318750650db800066114ea132,${GRADIENT_QEF_CAD_ROOT}/Fusion360Gallery/s2.0.1_extended_step/sample_500/step/29833_0ed4880f_1.stp
F378,Fusion360Gallery,23954_a8c09819_12,train,completed,0,True,True,True,1,1,3,0,True,1,0,True,6181.83696331584,108,212,0,0,1,True,True,True,admitted,0.005734334,0374cf348cf6d8759729a728f66faea92a3ff7e8f541959f30b0fd337c65ab1c,0374cf348cf6d8759729a728f66faea92a3ff7e8f541959f30b0fd337c65ab1c,${GRADIENT_QEF_CAD_ROOT}/Fusion360Gallery/s2.0.1_extended_step/sample_500/step/23954_a8c09819_12.stp
F379,Fusion360Gallery,145691_69484976_9,train,completed,0,True,True,True,1,1,9,0,True,1,0,True,335.797680442209,224,456,0,0,1,True,True,True,admitted,0.013995875,4ba1313f551964fdff76aefde22b52e6c7f7013b9259a00c3fbb929bad9c48d4,4ba1313f551964fdff76aefde22b52e6c7f7013b9259a00c3fbb929bad9c48d4,${GRADIENT_QEF_CAD_ROOT}/Fusion360Gallery/s2.0.1_extended_step/sample_500/step/145691_69484976_9.stp
F380,Fusion360Gallery,24590_415f7013_2,train,completed,0,True,True,True,1,1,39,0,True,1,0,True,407.7861765020789,1096,2188,0,0,1,True,True,True,admitted,0.036834333,e856f1a82e1f6358cf9b1dd7efc6bea43e4c3a2ebbbc16032b92dd68ffe5b33f,e856f1a82e1f6358cf9b1dd7efc6bea43e4c3a2ebbbc16032b92dd68ffe5b33f,${GRADIENT_QEF_CAD_ROOT}/Fusion360Gallery/s2.0.1_extended_step/sample_500/step/24590_415f7013_2.stp
F381,Fusion360Gallery,25203_1cc0cb3c_4,train,completed,0,True,True,True,1,1,21,0,True,1,0,True,43.58215362473226,244,492,0,0,1,True,True,True,admitted,0.025231875,8930db9efcd0933f054290d14f43beef2cbe08af3487dc0d88e0440039dc2580,8930db9efcd0933f054290d14f43beef2cbe08af3487dc0d88e0440039dc2580,${GRADIENT_QEF_CAD_ROOT}/Fusion360Gallery/s2.0.1_extended_step/sample_500/step/25203_1cc0cb3c_4.stp
F382,Fusion360Gallery,88235_86095bbb_11,train,completed,0,True,True,True,1,1,21,0,True,1,0,True,1355.7332610572387,38,76,0,0,1,True,True,True,admitted,0.024243333,f69533feb7335923f510318379f0c866e7ed926979b25112ba9f19fb77ca8119,f69533feb7335923f510318379f0c866e7ed926979b25112ba9f19fb77ca8119,${GRADIENT_QEF_CAD_ROOT}/Fusion360Gallery/s2.0.1_extended_step/sample_500/step/88235_86095bbb_11.stp
F383,Fusion360Gallery,30426_2cde26de_45,train,completed,0,True,True,True,1,1,6,0,True,1,0,True,37.405931485283844,12,20,0,0,1,True,True,True,admitted,0.008098167,eb25af54ae5cdd2d5ca932b4a44ccfd92f2fc01fa1cc2e614d00b09f56091275,eb25af54ae5cdd2d5ca932b4a44ccfd92f2fc01fa1cc2e614d00b09f56091275,${GRADIENT_QEF_CAD_ROOT}/Fusion360Gallery/s2.0.1_extended_step/sample_500/step/30426_2cde26de_45.stp
F384,Fusion360Gallery,29830_c8506b83_0,train,completed,0,True,True,True,1,1,10,0,True,1,0,True,22.4492354451722,488,828,144,0,3,False,True,False,mesh_boundary,0.019161625,bd596794553110890038eec17cee75aff2456a8df58a448ed82422b4359d24b4,bd596794553110890038eec17cee75aff2456a8df58a448ed82422b4359d24b4,${GRADIENT_QEF_CAD_ROOT}/Fusion360Gallery/s2.0.1_extended_step/sample_500/step/29830_c8506b83_0.stp
F385,Fusion360Gallery,51109_97b211c3_9,train,completed,0,True,True,True,1,1,26,0,True,1,0,True,50.350365272246165,180,356,0,0,1,True,True,True,admitted,0.02713225,00b57ed0cb57cfc8b96cf82a61ca5373f2718f1456cee4361767d734d1ea0a68,00b57ed0cb57cfc8b96cf82a61ca5373f2718f1456cee4361767d734d1ea0a68,${GRADIENT_QEF_CAD_ROOT}/Fusion360Gallery/s2.0.1_extended_step/sample_500/step/51109_97b211c3_9.stp
F386,Fusion360Gallery,104524_f829aab2_0,train,completed,0,True,True,True,1,1,5,0,True,1,0,True,259.1957305299154,200,396,0,0,1,True,True,True,admitted,0.013561208,565ac4096bdbdb70692efca7d3ce6822f977f010062ca568940aace9aeb3a812,565ac4096bdbdb70692efca7d3ce6822f977f010062ca568940aace9aeb3a812,${GRADIENT_QEF_CAD_ROOT}/Fusion360Gallery/s2.0.1_extended_step/sample_500/step/104524_f829aab2_0.stp
F387,Fusion360Gallery,38675_6e07d74b_3,train,completed,0,True,True,True,1,1,6,0,True,1,0,True,132.8719723183391,8,12,0,0,1,True,True,True,admitted,0.008315458,f58df62c89634b75aa56c880e1c5036fe798ad05e63d39939c05d61f6d956d5d,f58df62c89634b75aa56c880e1c5036fe798ad05e63d39939c05d61f6d956d5d,${GRADIENT_QEF_CAD_ROOT}/Fusion360Gallery/s2.0.1_extended_step/sample_500/step/38675_6e07d74b_3.stp
F388,Fusion360Gallery,51875_c30e2480_1,train,completed,0,True,True,True,1,1,11,0,True,1,0,True,447.895461937477,495,990,0,0,1,True,True,True,admitted,0.015613958,50c6db095e8dbf28066ab1024cfc187998b19cc689b4123beaf077c1ca216261,50c6db095e8dbf28066ab1024cfc187998b19cc689b4123beaf077c1ca216261,${GRADIENT_QEF_CAD_ROOT}/Fusion360Gallery/s2.0.1_extended_step/sample_500/step/51875_c30e2480_1.stp
F389,Fusion360Gallery,83267_62686476_2,train,completed,0,True,True,True,1,1,5,0,True,1,0,True,3170.684863062105,1488,2972,0,0,1,True,True,True,admitted,0.013023666,aa2368115ed6f0515bac0889146271b6c304f3fbf7743bc2c14d0f436a97e40e,aa2368115ed6f0515bac0889146271b6c304f3fbf7743bc2c14d0f436a97e40e,${GRADIENT_QEF_CAD_ROOT}/Fusion360Gallery/s2.0.1_extended_step/sample_500/step/83267_62686476_2.stp
F390,Fusion360Gallery,137400_2eef5921_0,train,completed,0,True,True,True,1,1,80,0,True,1,0,True,143.43147415240793,984,1972,0,0,1,True,True,True,admitted,0.0900205,fde8b112b1b41d78691975e028f752a456d339d65d9a68fc79501ab9031db433,fde8b112b1b41d78691975e028f752a456d339d65d9a68fc79501ab9031db433,${GRADIENT_QEF_CAD_ROOT}/Fusion360Gallery/s2.0.1_extended_step/sample_500/step/137400_2eef5921_0.stp
F391,Fusion360Gallery,60737_e4b1c57e_2,train,completed,0,True,True,True,1,1,45,0,True,1,0,True,309.5790372759918,872,1756,0,0,1,True,True,True,admitted,0.067474708,60a893982e7dd80d4506f18b7e611ff16953f78063e1653762149f0793e277e4,60a893982e7dd80d4506f18b7e611ff16953f78063e1653762149f0793e277e4,${GRADIENT_QEF_CAD_ROOT}/Fusion360Gallery/s2.0.1_extended_step/sample_500/step/60737_e4b1c57e_2.stp
F392,Fusion360Gallery,67578_a806a2cf_1,train,completed,0,True,True,True,1,1,67,0,True,1,0,True,51.0166703652918,684,1364,0,0,1,True,True,True,admitted,0.08305775,867367ac7cc2c5765482ed0be4c0998b9bd68ba7ea6a2b807143b022ddcb1320,867367ac7cc2c5765482ed0be4c0998b9bd68ba7ea6a2b807143b022ddcb1320,${GRADIENT_QEF_CAD_ROOT}/Fusion360Gallery/s2.0.1_extended_step/sample_500/step/67578_a806a2cf_1.stp
F393,Fusion360Gallery,52027_790dbc09_4,train,completed,0,True,True,True,1,1,45,0,True,1,0,True,69.59368002516085,1241,2478,0,0,1,True,True,True,admitted,0.1478405,410ea7d7ca64d7166343c6d671d9e9b9c340142e9fbf9500c0e9c613f590b4c8,410ea7d7ca64d7166343c6d671d9e9b9c340142e9fbf9500c0e9c613f590b4c8,${GRADIENT_QEF_CAD_ROOT}/Fusion360Gallery/s2.0.1_extended_step/sample_500/step/52027_790dbc09_4.stp
F394,Fusion360Gallery,51606_b72fa3d6_23,train,completed,0,True,True,True,1,1,5,0,True,1,0,True,100.7209588614098,144,284,0,0,1,True,True,True,admitted,0.007645458,af5acfc2668bae9f90ead7d535b5f1c8eb7e84d42384f9ab26ff6265b4db7656,af5acfc2668bae9f90ead7d535b5f1c8eb7e84d42384f9ab26ff6265b4db7656,${GRADIENT_QEF_CAD_ROOT}/Fusion360Gallery/s2.0.1_extended_step/sample_500/step/51606_b72fa3d6_23.stp
F395,Fusion360Gallery,52890_b9116073_10,train,completed,0,True,True,True,1,1,14,0,True,1,0,True,399.9815858941181,330,656,0,0,1,True,True,True,admitted,0.018320833,7cbff34ec564ded4d52bf8d2dd7e4e29d8a0b0988876eb16b18a969ff682f29e,7cbff34ec564ded4d52bf8d2dd7e4e29d8a0b0988876eb16b18a969ff682f29e,${GRADIENT_QEF_CAD_ROOT}/Fusion360Gallery/s2.0.1_extended_step/sample_500/step/52890_b9116073_10.stp
F396,Fusion360Gallery,41902_108a7d9b_3,train,completed,0,True,True,True,1,1,8,0,True,1,0,True,9.449587601973708,15,26,0,0,1,True,True,True,admitted,0.019231917,6513f4e970bd52a436c3971ba18a542746b97fb4ec1c8f5c697381eabeaa7578,6513f4e970bd52a436c3971ba18a542746b97fb4ec1c8f5c697381eabeaa7578,${GRADIENT_QEF_CAD_ROOT}/Fusion360Gallery/s2.0.1_extended_step/sample_500/step/41902_108a7d9b_3.stp
F397,Fusion360Gallery,127480_74b7071f_0,train,completed,0,True,True,True,1,1,16,0,True,1,0,True,1385.1344585735412,288,584,0,0,1,True,True,True,admitted,0.02998075,ba4cdc9db4119223a28be818184894797a25b94785d5063d465a24679e6d4752,ba4cdc9db4119223a28be818184894797a25b94785d5063d465a24679e6d4752,${GRADIENT_QEF_CAD_ROOT}/Fusion360Gallery/s2.0.1_extended_step/sample_500/step/127480_74b7071f_0.stp
F398,Fusion360Gallery,24515_73a067c1_2,train,completed,0,True,True,True,1,1,32,0,True,1,0,True,111.90668208181287,743,1490,0,0,1,True,True,True,admitted,0.033215459,0d160b42921aae37ed72a2d92b0fea1a3f90371b648b3c35038947cc3a594f84,0d160b42921aae37ed72a2d92b0fea1a3f90371b648b3c35038947cc3a594f84,${GRADIENT_QEF_CAD_ROOT}/Fusion360Gallery/s2.0.1_extended_step/sample_500/step/24515_73a067c1_2.stp
F399,Fusion360Gallery,101914_16d94052_0,train,completed,0,True,True,True,1,1,26,0,True,1,0,True,85.76348081822447,1160,2332,0,0,1,True,True,True,admitted,0.032115791,e1a62eac3cb07849cec42945c4429217e8a095f397306ac179b13ceb9d4e3329,e1a62eac3cb07849cec42945c4429217e8a095f397306ac179b13ceb9d4e3329,${GRADIENT_QEF_CAD_ROOT}/Fusion360Gallery/s2.0.1_extended_step/sample_500/step/101914_16d94052_0.stp
F400,Fusion360Gallery,100142_b2d7897a_5,train,completed,0,True,True,True,1,1,8,0,True,1,0,True,12.950475592915565,60,116,0,0,1,True,True,True,admitted,0.010674041,8c606d8fecdcc1e01921189713451d372510f1aba582d19769bf88b2f495e162,8c606d8fecdcc1e01921189713451d372510f1aba582d19769bf88b2f495e162,${GRADIENT_QEF_CAD_ROOT}/Fusion360Gallery/s2.0.1_extended_step/sample_500/step/100142_b2d7897a_5.stp
F401,Fusion360Gallery,21240_f3652cd7_2,train,completed,0,True,True,True,1,1,6,0,True,1,0,True,36.52794292508916,8,12,0,0,1,True,True,True,admitted,0.008578375,6100cd0af0ecc1c3ca38c15afd91b4658f4d8e31d54a07b9fd34b9680b655d4b,6100cd0af0ecc1c3ca38c15afd91b4658f4d8e31d54a07b9fd34b9680b655d4b,${GRADIENT_QEF_CAD_ROOT}/Fusion360Gallery/s2.0.1_extended_step/sample_500/step/21240_f3652cd7_2.stp
F402,Fusion360Gallery,25216_ff3bf7e2_10,train,completed,0,True,True,True,1,1,4,0,True,1,0,True,3685.9205334291855,1486,2968,0,0,1,True,True,True,admitted,0.018190417,cd6ece80113ba54a6384e94aa4580be8fe116c86f029d52f93cc323c3d1fac2c,cd6ece80113ba54a6384e94aa4580be8fe116c86f029d52f93cc323c3d1fac2c,${GRADIENT_QEF_CAD_ROOT}/Fusion360Gallery/s2.0.1_extended_step/sample_500/step/25216_ff3bf7e2_10.stp
F403,Fusion360Gallery,26395_53ccf21b_74,train,completed,0,True,True,True,1,1,18,0,True,1,0,True,40.412206462028124,212,420,0,0,1,True,True,True,admitted,0.033403125,263c1e9c25703a6cd03676d83395d5273f84f462f1208a6ef3c1fb3d7a2ff409,263c1e9c25703a6cd03676d83395d5273f84f462f1208a6ef3c1fb3d7a2ff409,${GRADIENT_QEF_CAD_ROOT}/Fusion360Gallery/s2.0.1_extended_step/sample_500/step/26395_53ccf21b_74.stp
F404,Fusion360Gallery,131921_5eca1418_0,train,completed,0,True,True,True,1,1,25,0,True,1,0,True,386.70018985313595,341,682,0,0,1,True,True,True,admitted,0.031235166,7502d58d6f433f646b0312cb84a936d058d6755116b022f0a00afd71874efb68,7502d58d6f433f646b0312cb84a936d058d6755116b022f0a00afd71874efb68,${GRADIENT_QEF_CAD_ROOT}/Fusion360Gallery/s2.0.1_extended_step/sample_500/step/131921_5eca1418_0.stp
F405,Fusion360Gallery,69038_c6eff267_0,train,completed,0,True,True,True,1,1,32,0,True,1,0,True,2669.950559655851,384,768,0,0,1,True,True,True,admitted,0.043563375,aa279c0fcb596edaab9b2dfbad710a180e3c59df44a7cfd1be951de04932ef90,aa279c0fcb596edaab9b2dfbad710a180e3c59df44a7cfd1be951de04932ef90,${GRADIENT_QEF_CAD_ROOT}/Fusion360Gallery/s2.0.1_extended_step/sample_500/step/69038_c6eff267_0.stp
F406,Fusion360Gallery,34559_f1fca6ec_5,train,completed,0,True,True,True,1,1,4,0,True,1,0,True,870.078273366715,1530,3056,0,0,1,True,True,True,admitted,0.067194792,786e814177f04cbc1dd656362a029ab84d256d83befb77f8ad6fb9de2725c11e,786e814177f04cbc1dd656362a029ab84d256d83befb77f8ad6fb9de2725c11e,${GRADIENT_QEF_CAD_ROOT}/Fusion360Gallery/s2.0.1_extended_step/sample_500/step/34559_f1fca6ec_5.stp
F407,Fusion360Gallery,129507_2a8634d8_0,train,completed,0,True,True,True,1,1,25,0,True,1,0,True,1356.493758694491,403,802,0,0,1,True,True,True,admitted,0.027898125,e779663abcf82011b7bb876e37a9c1f93d6ea4089ef4d898111cf0f2c47ddcc6,e779663abcf82011b7bb876e37a9c1f93d6ea4089ef4d898111cf0f2c47ddcc6,${GRADIENT_QEF_CAD_ROOT}/Fusion360Gallery/s2.0.1_extended_step/sample_500/step/129507_2a8634d8_0.stp
F408,Fusion360Gallery,23393_d47067ad_137,train,completed,0,True,True,True,1,1,26,0,True,1,0,True,57.1607080265152,72,140,0,0,1,True,True,True,admitted,0.024204125,f8641d5dd008d7c52de428d2299827f0ed94bbb4cd2141405d68136c579baa88,f8641d5dd008d7c52de428d2299827f0ed94bbb4cd2141405d68136c579baa88,${GRADIENT_QEF_CAD_ROOT}/Fusion360Gallery/s2.0.1_extended_step/sample_500/step/23393_d47067ad_137.stp
F409,Fusion360Gallery,48832_22363e53_54,train,completed,0,True,True,True,1,1,7,0,True,1,0,True,107.71480646588422,972,1940,0,0,1,True,True,True,admitted,0.024834833,ae9e14f2d48e26b7411478d316fc4cd0564806ad87affd6f15a27744f0695bfa,ae9e14f2d48e26b7411478d316fc4cd0564806ad87affd6f15a27744f0695bfa,${GRADIENT_QEF_CAD_ROOT}/Fusion360Gallery/s2.0.1_extended_step/sample_500/step/48832_22363e53_54.stp
F410,Fusion360Gallery,23132_1847c4ef_4,train,completed,0,True,True,True,1,1,12,0,True,1,0,True,508.03283540912815,254,512,0,0,1,True,True,True,admitted,0.017729916,7cd202b10b861dac2e725184672ae3b376a5fd18e8181a41149a0dc464512f5b,7cd202b10b861dac2e725184672ae3b376a5fd18e8181a41149a0dc464512f5b,${GRADIENT_QEF_CAD_ROOT}/Fusion360Gallery/s2.0.1_extended_step/sample_500/step/23132_1847c4ef_4.stp
F411,Fusion360Gallery,24032_d6172503_10,train,completed,0,True,True,True,1,1,11,0,True,1,0,True,71.93855368425591,509,1018,0,0,1,True,True,True,admitted,0.04263175,6e7017272fd8878af13f67fd8a51b46e9a958f71a72ff848814c70dbd329f457,6e7017272fd8878af13f67fd8a51b46e9a958f71a72ff848814c70dbd329f457,${GRADIENT_QEF_CAD_ROOT}/Fusion360Gallery/s2.0.1_extended_step/sample_500/step/24032_d6172503_10.stp
F412,Fusion360Gallery,35132_35c342c8_7,train,completed,0,True,True,True,1,1,58,0,True,1,0,True,497.14236565037487,748,1492,0,0,1,True,True,True,admitted,0.0677775,ef9d510457888886e6d31b4b18f0f3612bb7afec7d1c999637b754827cd50455,ef9d510457888886e6d31b4b18f0f3612bb7afec7d1c999637b754827cd50455,${GRADIENT_QEF_CAD_ROOT}/Fusion360Gallery/s2.0.1_extended_step/sample_500/step/35132_35c342c8_7.stp
F413,Fusion360Gallery,100622_1c7038f5_7,train,completed,0,True,True,True,1,1,9,0,True,1,0,True,677.640956252365,1097,2194,0,0,1,True,True,True,admitted,0.015149917,6f8f80b39141ede7f87b698eb1bcbfd612a295a7a7f8d4429a3f8f3568b93f77,6f8f80b39141ede7f87b698eb1bcbfd612a295a7a7f8d4429a3f8f3568b93f77,${GRADIENT_QEF_CAD_ROOT}/Fusion360Gallery/s2.0.1_extended_step/sample_500/step/100622_1c7038f5_7.stp
F414,Fusion360Gallery,35586_6a432948_4,train,completed,0,True,True,True,1,1,23,0,True,1,0,True,76.19383559706219,792,1580,0,0,1,True,True,True,admitted,0.021325542,f0df4ea318bd53dc7ec61f561f1f7f0eeb8d6171df0371e32b2b7216382075e6,f0df4ea318bd53dc7ec61f561f1f7f0eeb8d6171df0371e32b2b7216382075e6,${GRADIENT_QEF_CAD_ROOT}/Fusion360Gallery/s2.0.1_extended_step/sample_500/step/35586_6a432948_4.stp
F415,Fusion360Gallery,138307_bc448a6c_0,train,completed,0,True,True,True,1,1,6,0,True,1,0,True,4.006738444098831,240,480,0,0,1,True,True,True,admitted,0.030401292,660d80a8280842b976bfe91fdc67b0e4ef706f38340ae01298add72507f86a93,660d80a8280842b976bfe91fdc67b0e4ef706f38340ae01298add72507f86a93,${GRADIENT_QEF_CAD_ROOT}/Fusion360Gallery/s2.0.1_extended_step/sample_500/step/138307_bc448a6c_0.stp
F416,Fusion360Gallery,51024_b2fd60ca_3,train,completed,0,True,True,True,1,1,8,0,True,1,0,True,833.6618681710193,138,272,0,0,1,True,True,True,admitted,0.015158583,8140ab450e1ccda9cd219ffa775fedda231729bdffdedf2c19394430cc225951,8140ab450e1ccda9cd219ffa775fedda231729bdffdedf2c19394430cc225951,${GRADIENT_QEF_CAD_ROOT}/Fusion360Gallery/s2.0.1_extended_step/sample_500/step/51024_b2fd60ca_3.stp
F417,Fusion360Gallery,136469_cc4c3e6b_2,train,completed,0,True,True,True,1,1,12,0,True,1,0,True,236.41207882312722,515,1026,0,0,1,True,True,True,admitted,0.01532925,e5822f4479f640228da0c6dcea360a04aba1415f0693df61f05a39e7503ef95a,e5822f4479f640228da0c6dcea360a04aba1415f0693df61f05a39e7503ef95a,${GRADIENT_QEF_CAD_ROOT}/Fusion360Gallery/s2.0.1_extended_step/sample_500/step/136469_cc4c3e6b_2.stp
F418,Fusion360Gallery,33632_da973faa_2,train,completed,0,True,True,True,1,1,6,0,True,1,0,True,111.11111036407695,8,12,0,0,1,True,True,True,admitted,0.007450458,10b372b94e3128e71d7c8ebb9c466bb549aaad9b0a53cc333c207fb4edbf3135,10b372b94e3128e71d7c8ebb9c466bb549aaad9b0a53cc333c207fb4edbf3135,${GRADIENT_QEF_CAD_ROOT}/Fusion360Gallery/s2.0.1_extended_step/sample_500/step/33632_da973faa_2.stp
F419,Fusion360Gallery,40487_62383461_4,train,completed,0,True,True,True,1,1,11,0,True,1,0,True,1678.8239042581934,2712,5420,0,0,1,True,True,True,admitted,0.019612875,5d9447dd7ac2b9c24bb74ef740e4c87d25da9247a5184bfc098a68393f208ff9,5d9447dd7ac2b9c24bb74ef740e4c87d25da9247a5184bfc098a68393f208ff9,${GRADIENT_QEF_CAD_ROOT}/Fusion360Gallery/s2.0.1_extended_step/sample_500/step/40487_62383461_4.stp
F420,Fusion360Gallery,104995_a625a7c5_45,train,completed,0,True,True,True,1,1,4,0,True,1,0,True,164.29920735093197,42599,85194,0,0,1,True,True,True,admitted,5.44547825,6b8d46d4d6e32eeb711fa1fd7ac40a8d3831d832e956e4c74c6de3683a6b73ea,6b8d46d4d6e32eeb711fa1fd7ac40a8d3831d832e956e4c74c6de3683a6b73ea,${GRADIENT_QEF_CAD_ROOT}/Fusion360Gallery/s2.0.1_extended_step/sample_500/step/104995_a625a7c5_45.stp
F421,Fusion360Gallery,72083_3ff9e2cf_7,train,completed,0,True,True,True,1,1,6,0,True,1,0,True,37.799115988416574,8,12,0,0,1,True,True,True,admitted,0.008177042,8ecf01d7a6f63872c84c9f06990cf38fb0d79b405bfca98d1cb2be1c4470f3ea,8ecf01d7a6f63872c84c9f06990cf38fb0d79b405bfca98d1cb2be1c4470f3ea,${GRADIENT_QEF_CAD_ROOT}/Fusion360Gallery/s2.0.1_extended_step/sample_500/step/72083_3ff9e2cf_7.stp
F422,Fusion360Gallery,134553_f9d63936_0,train,completed,0,True,True,True,1,1,12,0,True,1,0,True,200.5190626570039,134,264,0,0,1,True,True,True,admitted,0.015285667,46e46ffb22c5e023b1d41d14c83a5364999015304b3a3b473c744055089c6087,46e46ffb22c5e023b1d41d14c83a5364999015304b3a3b473c744055089c6087,${GRADIENT_QEF_CAD_ROOT}/Fusion360Gallery/s2.0.1_extended_step/sample_500/step/134553_f9d63936_0.stp
F423,Fusion360Gallery,55915_4badf6b0_8,train,completed,0,True,True,True,1,1,6,0,True,1,0,True,692.0356860406578,8,12,0,0,1,True,True,True,admitted,0.007972291,28485ac2e58ee7cbeb5989f87de08e18391152af011dd527f2fbfce1ba74ae4b,28485ac2e58ee7cbeb5989f87de08e18391152af011dd527f2fbfce1ba74ae4b,${GRADIENT_QEF_CAD_ROOT}/Fusion360Gallery/s2.0.1_extended_step/sample_500/step/55915_4badf6b0_8.stp
F424,Fusion360Gallery,34520_035b5e9a_1,train,completed,0,True,True,True,1,1,10,0,True,1,0,True,1705.991437196371,455,906,0,0,1,True,True,True,admitted,0.011659083,319cf9325765ef68ee2bde4141885eacb4731d5f65e4702f072144a8482c97cf,319cf9325765ef68ee2bde4141885eacb4731d5f65e4702f072144a8482c97cf,${GRADIENT_QEF_CAD_ROOT}/Fusion360Gallery/s2.0.1_extended_step/sample_500/step/34520_035b5e9a_1.stp
F425,Fusion360Gallery,21779_b99623fc_1,train,completed,0,True,True,True,1,1,5,0,True,1,0,True,315.75705587819175,720,1436,0,0,1,True,True,True,admitted,0.009591084,27291b84a8519a67181764e8a4f06ff2c7eeb9b438c815c7bd60860783c1e270,27291b84a8519a67181764e8a4f06ff2c7eeb9b438c815c7bd60860783c1e270,${GRADIENT_QEF_CAD_ROOT}/Fusion360Gallery/s2.0.1_extended_step/sample_500/step/21779_b99623fc_1.stp
F426,Fusion360Gallery,25456_9e34edbf_0,train,completed,0,True,True,True,1,1,3,0,True,1,0,True,44.879895051282574,120,236,0,0,1,True,True,True,admitted,0.006551667,cb34b2bfd9fc36d3d295e223e71d1db647c4e6f5a7cdf2ca395d9f4d0e97628f,cb34b2bfd9fc36d3d295e223e71d1db647c4e6f5a7cdf2ca395d9f4d0e97628f,${GRADIENT_QEF_CAD_ROOT}/Fusion360Gallery/s2.0.1_extended_step/sample_500/step/25456_9e34edbf_0.stp
F427,Fusion360Gallery,26942_279de65e_6,train,completed,0,True,True,True,1,1,4,0,True,1,0,True,64.43470646648336,144,288,0,0,1,True,True,True,admitted,0.0068535,5986069a09330601ab0bc99fdfbdaff8c92f89826d08da369ccde5839d845b0a,5986069a09330601ab0bc99fdfbdaff8c92f89826d08da369ccde5839d845b0a,${GRADIENT_QEF_CAD_ROOT}/Fusion360Gallery/s2.0.1_extended_step/sample_500/step/26942_279de65e_6.stp
F428,Fusion360Gallery,34910_6453f2c5_4,train,completed,0,True,True,True,1,1,6,0,True,1,0,True,549.9595935495462,88,172,0,0,1,True,True,True,admitted,0.00990375,d91adbb5c4b586b05a4cbd7fcd7309d9304f21dfb676559c49e788b74d613b73,d91adbb5c4b586b05a4cbd7fcd7309d9304f21dfb676559c49e788b74d613b73,${GRADIENT_QEF_CAD_ROOT}/Fusion360Gallery/s2.0.1_extended_step/sample_500/step/34910_6453f2c5_4.stp
F429,Fusion360Gallery,146717_3e6a84c1_5,train,completed,0,True,True,True,1,1,14,0,True,1,0,True,362.15482118605473,24,44,0,0,1,True,True,True,admitted,0.016266375,3b581e0f9657f817a24a29a6118469be2fa70e68b67995acff1339ba00f1ce49,3b581e0f9657f817a24a29a6118469be2fa70e68b67995acff1339ba00f1ce49,${GRADIENT_QEF_CAD_ROOT}/Fusion360Gallery/s2.0.1_extended_step/sample_500/step/146717_3e6a84c1_5.stp
F430,Fusion360Gallery,146486_b590e0f6_0,train,completed,0,True,True,True,1,1,10,0,True,1,0,True,4651.656320184527,84,164,0,0,1,True,True,True,admitted,0.013514875,8c58370c170974d45c7c6ad77ed99f0a5ffe74d44d1c456d7c42a5faeb6b3be4,8c58370c170974d45c7c6ad77ed99f0a5ffe74d44d1c456d7c42a5faeb6b3be4,${GRADIENT_QEF_CAD_ROOT}/Fusion360Gallery/s2.0.1_extended_step/sample_500/step/146486_b590e0f6_0.stp
F431,Fusion360Gallery,86278_1e55d036_6,train,completed,0,True,True,True,1,1,25,0,True,1,0,True,218.2271255415032,124,252,0,2,1,True,True,False,mesh_nonmanifold,0.031117959,9b953f10d82391e05a1906bb45bd9e78fcaeca4ad2181f71c6277eaa394466a6,9b953f10d82391e05a1906bb45bd9e78fcaeca4ad2181f71c6277eaa394466a6,${GRADIENT_QEF_CAD_ROOT}/Fusion360Gallery/s2.0.1_extended_step/sample_500/step/86278_1e55d036_6.stp
F432,Fusion360Gallery,99745_d53f3c55_0,train,completed,0,True,True,True,1,3,273,0,True,1,0,True,2174.9124635026656,3787,7566,0,0,3,True,True,True,admitted,0.668703875,af5b43c863e92af00b25d0d384bb9731a3251167c36ae7737b70534f974245e7,af5b43c863e92af00b25d0d384bb9731a3251167c36ae7737b70534f974245e7,${GRADIENT_QEF_CAD_ROOT}/Fusion360Gallery/s2.0.1_extended_step/sample_500/step/99745_d53f3c55_0.stp
F433,Fusion360Gallery,131014_17cad022_7,train,completed,0,True,True,True,1,1,10,0,True,1,0,True,573.6590398238917,164,324,0,0,1,True,True,True,admitted,0.013331709,c99f782491c6a32742f9bc169180a9c5cdf4081fe5d663c20960efff882e8e7c,c99f782491c6a32742f9bc169180a9c5cdf4081fe5d663c20960efff882e8e7c,${GRADIENT_QEF_CAD_ROOT}/Fusion360Gallery/s2.0.1_extended_step/sample_500/step/131014_17cad022_7.stp
F434,Fusion360Gallery,48332_fb679f90_3,train,completed,0,True,True,True,1,1,29,0,True,1,0,True,6.617900743621112,521,980,72,0,1,False,True,False,mesh_boundary,0.055159459,2cffc4909a1d1543a9b9de6a57d11489b31896b078c67dca2367eb55bd7aed1d,2cffc4909a1d1543a9b9de6a57d11489b31896b078c67dca2367eb55bd7aed1d,${GRADIENT_QEF_CAD_ROOT}/Fusion360Gallery/s2.0.1_extended_step/sample_500/step/48332_fb679f90_3.stp
F435,Fusion360Gallery,137090_3aac3aab_9,train,completed,0,True,True,True,1,1,19,0,True,1,0,True,779.0669103093843,1190,2376,0,0,1,True,True,True,admitted,0.021083042,3b6ed4fbb2a8fe454dd33ecfb03bee170182467fca7de4c0dc9e3b36b9b1f11e,3b6ed4fbb2a8fe454dd33ecfb03bee170182467fca7de4c0dc9e3b36b9b1f11e,${GRADIENT_QEF_CAD_ROOT}/Fusion360Gallery/s2.0.1_extended_step/sample_500/step/137090_3aac3aab_9.stp
F436,Fusion360Gallery,94176_0a6c42ab_1,train,completed,0,True,True,True,1,1,36,0,True,1,0,True,245.47848251586294,219,438,0,0,1,True,True,True,admitted,0.081732292,6847265837b9dccd9097078b4fd44bf4502ad670242860e86e85aebb2fbe1ee7,6847265837b9dccd9097078b4fd44bf4502ad670242860e86e85aebb2fbe1ee7,${GRADIENT_QEF_CAD_ROOT}/Fusion360Gallery/s2.0.1_extended_step/sample_500/step/94176_0a6c42ab_1.stp
F437,Fusion360Gallery,42021_2a7183d7_5,train,completed,0,True,True,True,1,1,19,0,True,1,0,True,288.3290682112374,702,1400,0,0,1,True,True,True,admitted,0.018464625,60c441fbdd6c3fb1fcc7ae7cbbed209397ead43c0c4721ea64752b51b925f7c5,60c441fbdd6c3fb1fcc7ae7cbbed209397ead43c0c4721ea64752b51b925f7c5,${GRADIENT_QEF_CAD_ROOT}/Fusion360Gallery/s2.0.1_extended_step/sample_500/step/42021_2a7183d7_5.stp
F438,Fusion360Gallery,89527_b3bf425d_1,train,completed,0,True,True,True,1,1,7,0,True,1,0,True,144.53325623210395,651,1298,0,0,1,True,True,True,admitted,0.01544325,a83adc3d881a780fed4ba21b70cbfa8499c7a0d9813e1a418b482418cc2eb330,a83adc3d881a780fed4ba21b70cbfa8499c7a0d9813e1a418b482418cc2eb330,${GRADIENT_QEF_CAD_ROOT}/Fusion360Gallery/s2.0.1_extended_step/sample_500/step/89527_b3bf425d_1.stp
F439,Fusion360Gallery,52673_a7dea786_0,train,completed,0,True,True,True,1,1,22,0,True,1,0,True,549.977173594319,556,1108,0,0,1,True,True,True,admitted,0.034961375,1a37bc64e861fb023f25136697761f2100f3368499679773e0a77c916af0c165,1a37bc64e861fb023f25136697761f2100f3368499679773e0a77c916af0c165,${GRADIENT_QEF_CAD_ROOT}/Fusion360Gallery/s2.0.1_extended_step/sample_500/step/52673_a7dea786_0.stp
F440,Fusion360Gallery,24942_9d1b2ff2_23,train,completed,0,True,True,True,1,1,6,0,True,1,0,True,1183.0836843668199,772,1540,0,0,1,True,True,True,admitted,0.011802709,b4618b854fe15248a1b4f31344ff63cbd1843d4e11c8b63ea74860e658a23312,b4618b854fe15248a1b4f31344ff63cbd1843d4e11c8b63ea74860e658a23312,${GRADIENT_QEF_CAD_ROOT}/Fusion360Gallery/s2.0.1_extended_step/sample_500/step/24942_9d1b2ff2_23.stp
F441,Fusion360Gallery,147402_596fe541_0,train,completed,0,True,True,True,1,1,26,0,True,1,0,True,1011.4773243112098,112,224,0,0,1,True,True,True,admitted,0.031243917,5dc991493f9d87e6bd7fb2658576ef8349f247e81429716c9093f6ad7eda7edf,5dc991493f9d87e6bd7fb2658576ef8349f247e81429716c9093f6ad7eda7edf,${GRADIENT_QEF_CAD_ROOT}/Fusion360Gallery/s2.0.1_extended_step/sample_500/step/147402_596fe541_0.stp
F442,Fusion360Gallery,88865_543bc9f7_1,train,completed,0,True,True,True,1,1,14,0,True,1,0,True,44.33340319665509,300,604,0,0,1,True,True,True,admitted,0.020392458,a0c45b4a276df24990bc412d25b2fb896d6d3232eadde253616a209ff9fbc44b,a0c45b4a276df24990bc412d25b2fb896d6d3232eadde253616a209ff9fbc44b,${GRADIENT_QEF_CAD_ROOT}/Fusion360Gallery/s2.0.1_extended_step/sample_500/step/88865_543bc9f7_1.stp
F443,Fusion360Gallery,145368_22c0103a_3,train,completed,0,True,True,True,1,1,9,0,True,1,0,True,52.260690958302646,130,260,0,0,1,True,True,True,admitted,0.013371084,694c7f165d35f6822bd5e21f004eeb251cf581c86b21715955cc2a7e2df63d29,694c7f165d35f6822bd5e21f004eeb251cf581c86b21715955cc2a7e2df63d29,${GRADIENT_QEF_CAD_ROOT}/Fusion360Gallery/s2.0.1_extended_step/sample_500/step/145368_22c0103a_3.stp
F444,Fusion360Gallery,38840_0e449caf_6,train,completed,0,True,True,True,1,1,6,0,True,1,0,True,34.50622056898924,8,12,0,0,1,True,True,True,admitted,0.007898583,ed77d9b93f6e5855acdbf2331c29d342e2e83e274bd26e00383322c218892901,ed77d9b93f6e5855acdbf2331c29d342e2e83e274bd26e00383322c218892901,${GRADIENT_QEF_CAD_ROOT}/Fusion360Gallery/s2.0.1_extended_step/sample_500/step/38840_0e449caf_6.stp
F445,Fusion360Gallery,111498_1fd21fb9_12,train,completed,0,True,True,True,1,1,6,0,True,1,0,True,0.01632653061224493,8,12,0,0,1,True,True,True,admitted,0.007886959,7d384e0b60817833c35fbe59cd0821a76292fb0c1ab6cd570148fee470581760,7d384e0b60817833c35fbe59cd0821a76292fb0c1ab6cd570148fee470581760,${GRADIENT_QEF_CAD_ROOT}/Fusion360Gallery/s2.0.1_extended_step/sample_500/step/111498_1fd21fb9_12.stp
F446,Fusion360Gallery,82397_9df31ee8_1,train,completed,0,True,True,True,1,1,26,0,True,1,0,True,1766.9288650131134,40,76,0,0,1,True,True,True,admitted,0.0250555,36041865a77d032f6329e88f05973b066771306886428d2cb2ea70bab31461f8,36041865a77d032f6329e88f05973b066771306886428d2cb2ea70bab31461f8,${GRADIENT_QEF_CAD_ROOT}/Fusion360Gallery/s2.0.1_extended_step/sample_500/step/82397_9df31ee8_1.stp
F447,Fusion360Gallery,40800_7fa2d7a5_0,train,completed,0,True,True,True,1,1,76,0,True,1,0,True,2433.283083088232,3776,7548,0,0,1,True,True,True,admitted,0.108748375,68a9ea098e24d5e912287b913ce0a289d9f0ee5ad0c6f980a9f3baea223b2552,68a9ea098e24d5e912287b913ce0a289d9f0ee5ad0c6f980a9f3baea223b2552,${GRADIENT_QEF_CAD_ROOT}/Fusion360Gallery/s2.0.1_extended_step/sample_500/step/40800_7fa2d7a5_0.stp
F448,Fusion360Gallery,31856_2a5a4e32_9,train,completed,0,True,True,True,1,1,37,0,True,1,0,True,1321.1582938374913,6294,12596,0,0,1,True,True,True,admitted,0.067279958,18ea49dc19ef33503060b223b9732a2d3c2ba3343da3e8475045372a94f05d2b,18ea49dc19ef33503060b223b9732a2d3c2ba3343da3e8475045372a94f05d2b,${GRADIENT_QEF_CAD_ROOT}/Fusion360Gallery/s2.0.1_extended_step/sample_500/step/31856_2a5a4e32_9.stp
F449,Fusion360Gallery,50414_ac159b58_4,train,completed,0,True,True,True,1,1,4,0,True,1,0,True,1452.1139809356514,204,408,0,0,1,True,True,True,admitted,0.007779375,21395e46a85238f54a2073d7a652e5dba676a74b1e8243435d51f0d154d0ffd8,21395e46a85238f54a2073d7a652e5dba676a74b1e8243435d51f0d154d0ffd8,${GRADIENT_QEF_CAD_ROOT}/Fusion360Gallery/s2.0.1_extended_step/sample_500/step/50414_ac159b58_4.stp
F450,Fusion360Gallery,104283_e5646f96_15,train,completed,0,True,True,True,1,1,7,0,True,1,0,True,191.62878042731455,270,544,0,0,1,True,True,True,admitted,0.010999625,70bd4cf032bbafbcbb77f230e505e2fba59bcfb6b5e76d2c2947087b6d33b57c,70bd4cf032bbafbcbb77f230e505e2fba59bcfb6b5e76d2c2947087b6d33b57c,${GRADIENT_QEF_CAD_ROOT}/Fusion360Gallery/s2.0.1_extended_step/sample_500/step/104283_e5646f96_15.stp
F451,Fusion360Gallery,54374_5c085a74_6,train,completed,0,True,True,True,1,1,8,0,True,1,0,True,2187.890801432353,134,264,0,0,1,True,True,True,admitted,0.015337,07602c7340fe9808876865f91161c9ea3c073203f4d7fa9595a1283ee2818ade,07602c7340fe9808876865f91161c9ea3c073203f4d7fa9595a1283ee2818ade,${GRADIENT_QEF_CAD_ROOT}/Fusion360Gallery/s2.0.1_extended_step/sample_500/step/54374_5c085a74_6.stp
F452,Fusion360Gallery,126913_d253adb7_2,train,completed,0,True,True,True,1,1,9,0,True,1,0,True,1485.7345289866541,84,168,0,0,1,True,True,True,admitted,0.011945959,6ff562f190843d3f7a5f2b5c13484f49ae1d025916402fae24daaa9ee39c555e,6ff562f190843d3f7a5f2b5c13484f49ae1d025916402fae24daaa9ee39c555e,${GRADIENT_QEF_CAD_ROOT}/Fusion360Gallery/s2.0.1_extended_step/sample_500/step/126913_d253adb7_2.stp
F453,Fusion360Gallery,21649_3ef60555_16,train,completed,0,True,True,True,1,1,4,0,True,1,0,True,470.3306020823327,192,384,0,0,1,True,True,True,admitted,0.007746959,80545f271d229766aa1c8a693f5c71307af0fdb8f1db35a40e7c530acabebcad,80545f271d229766aa1c8a693f5c71307af0fdb8f1db35a40e7c530acabebcad,${GRADIENT_QEF_CAD_ROOT}/Fusion360Gallery/s2.0.1_extended_step/sample_500/step/21649_3ef60555_16.stp
F454,Fusion360Gallery,146399_0e4b73c4_13,train,completed,0,True,True,True,1,1,10,0,True,1,0,True,294.75952543538943,16,28,0,0,1,True,True,True,admitted,0.011911583,c65d1ea156931f20c834ec0913cbef44f095d371f9961e04a9a20f23b1a53bed,c65d1ea156931f20c834ec0913cbef44f095d371f9961e04a9a20f23b1a53bed,${GRADIENT_QEF_CAD_ROOT}/Fusion360Gallery/s2.0.1_extended_step/sample_500/step/146399_0e4b73c4_13.stp
F455,Fusion360Gallery,117211_31585a38_2,train,completed,0,True,True,True,1,1,54,0,True,1,0,True,92.12511262936417,104,208,0,0,1,True,True,True,admitted,0.0638135,98a59730811c8929ad0c2fa0b8f21947c2d5cf55ecbcaca871d466d3c3103af0,98a59730811c8929ad0c2fa0b8f21947c2d5cf55ecbcaca871d466d3c3103af0,${GRADIENT_QEF_CAD_ROOT}/Fusion360Gallery/s2.0.1_extended_step/sample_500/step/117211_31585a38_2.stp
F456,Fusion360Gallery,22543_684108ff_2,train,completed,0,True,True,True,1,1,21,0,True,1,0,True,1615.0229208091368,1015,2030,0,0,1,True,True,True,admitted,0.020981333,5ac4db1a1bcfedca732c20a42b22a32d1a9708b60d21b5f6bcbf1306b34aa068,5ac4db1a1bcfedca732c20a42b22a32d1a9708b60d21b5f6bcbf1306b34aa068,${GRADIENT_QEF_CAD_ROOT}/Fusion360Gallery/s2.0.1_extended_step/sample_500/step/22543_684108ff_2.stp
F457,Fusion360Gallery,52785_14afff6d_3,train,completed,0,True,True,True,1,1,6,0,True,1,0,True,30.839101087515804,86,168,0,0,1,True,True,True,admitted,0.00910875,30afe5cc7d1beb08ca33a42681f3bf7556583f3b52eaa8c38cccf63d5e54f1e3,30afe5cc7d1beb08ca33a42681f3bf7556583f3b52eaa8c38cccf63d5e54f1e3,${GRADIENT_QEF_CAD_ROOT}/Fusion360Gallery/s2.0.1_extended_step/sample_500/step/52785_14afff6d_3.stp
F458,Fusion360Gallery,115524_1035a76d_0,train,completed,0,True,True,True,1,1,95,0,True,1,0,True,834.5163214567641,135,266,0,0,1,True,True,True,admitted,0.085401875,fa66c8d381d461879be6b147494829bb15f94290c499acbee8fbc6eb52d4b2e2,fa66c8d381d461879be6b147494829bb15f94290c499acbee8fbc6eb52d4b2e2,${GRADIENT_QEF_CAD_ROOT}/Fusion360Gallery/s2.0.1_extended_step/sample_500/step/115524_1035a76d_0.stp
F459,Fusion360Gallery,29947_0f21f39e_5,train,completed,0,True,True,True,1,1,4,0,True,1,0,True,822.7290578455833,222,444,0,0,1,True,True,True,admitted,0.006710584,51c8a878fbbe43d639d71945bfbce32df5b3b5152f75f73e49db3dd9166b34a8,51c8a878fbbe43d639d71945bfbce32df5b3b5152f75f73e49db3dd9166b34a8,${GRADIENT_QEF_CAD_ROOT}/Fusion360Gallery/s2.0.1_extended_step/sample_500/step/29947_0f21f39e_5.stp
F460,Fusion360Gallery,31530_6744ae73_8,train,completed,0,True,True,True,1,1,3,0,True,1,0,True,358.09485033503,783,1562,0,0,1,True,True,True,admitted,0.010575792,83375c8380f8e9c28645493cd6681c11fd9c62ee5e579e22688da3effef7af0d,83375c8380f8e9c28645493cd6681c11fd9c62ee5e579e22688da3effef7af0d,${GRADIENT_QEF_CAD_ROOT}/Fusion360Gallery/s2.0.1_extended_step/sample_500/step/31530_6744ae73_8.stp
F461,Fusion360Gallery,43760_de6d12ff_0,train,completed,0,True,True,True,1,1,19,0,True,1,0,True,914.6997783089325,2499,4998,0,0,1,True,True,True,admitted,0.026320208,6f7009826a895b7e15712e68b3c0d8d52557df44a36ff715160585d069440f08,6f7009826a895b7e15712e68b3c0d8d52557df44a36ff715160585d069440f08,${GRADIENT_QEF_CAD_ROOT}/Fusion360Gallery/s2.0.1_extended_step/sample_500/step/43760_de6d12ff_0.stp
F462,Fusion360Gallery,60722_24ce76e0_9,train,completed,0,True,True,True,1,1,6,0,True,1,0,True,89.83321029852476,74,144,0,0,1,True,True,True,admitted,0.013731291,861bf00b7a999b0595349c438fe05eb60aa8220d6b4bcc97d93fb74f8048d92c,861bf00b7a999b0595349c438fe05eb60aa8220d6b4bcc97d93fb74f8048d92c,${GRADIENT_QEF_CAD_ROOT}/Fusion360Gallery/s2.0.1_extended_step/sample_500/step/60722_24ce76e0_9.stp
F463,Fusion360Gallery,143945_0594602a_6,train,completed,0,True,True,True,1,1,4,0,True,1,0,True,2624.505143414027,800,1596,0,0,1,True,True,True,admitted,0.011572,feca6988371b901e3d201bf9e6d9f1992c32a08ad83283a655741133027aaf5b,feca6988371b901e3d201bf9e6d9f1992c32a08ad83283a655741133027aaf5b,${GRADIENT_QEF_CAD_ROOT}/Fusion360Gallery/s2.0.1_extended_step/sample_500/step/143945_0594602a_6.stp
F464,Fusion360Gallery,100622_1c7038f5_6,train,completed,0,True,True,True,1,1,7,0,True,1,0,True,221.46129343641243,216,428,0,0,1,True,True,True,admitted,0.008322042,465247556d8f2790192c1f44203e61952a17c55f6e6a5c969ab38f16b54f8d4d,465247556d8f2790192c1f44203e61952a17c55f6e6a5c969ab38f16b54f8d4d,${GRADIENT_QEF_CAD_ROOT}/Fusion360Gallery/s2.0.1_extended_step/sample_500/step/100622_1c7038f5_6.stp
F465,Fusion360Gallery,51018_7d2bc9bc_2,train,completed,0,True,True,True,1,1,8,0,True,1,0,True,528.1814638439174,416,832,0,0,1,True,True,True,admitted,0.011193834,e8757626ac8a5c7021bd42c545f284b2764d886da242bef69e7f085a22cc1261,e8757626ac8a5c7021bd42c545f284b2764d886da242bef69e7f085a22cc1261,${GRADIENT_QEF_CAD_ROOT}/Fusion360Gallery/s2.0.1_extended_step/sample_500/step/51018_7d2bc9bc_2.stp
F466,Fusion360Gallery,21164_de08f61e_1,train,completed,0,True,True,True,1,1,20,0,True,1,0,True,146.92018759859945,262,520,0,0,1,True,True,True,admitted,0.025993416,51be2453e9c24243b0a7fd36a0691cb10d14279da54b40c694d34b5265a64fff,51be2453e9c24243b0a7fd36a0691cb10d14279da54b40c694d34b5265a64fff,${GRADIENT_QEF_CAD_ROOT}/Fusion360Gallery/s2.0.1_extended_step/sample_500/step/21164_de08f61e_1.stp
F467,Fusion360Gallery,49218_e04c713b_73,train,completed,0,True,True,True,1,1,6,0,True,1,0,True,135.0262042099322,1476,2960,0,0,1,True,True,True,admitted,0.216137167,52e9effffa3c68b7bb99831ff919cd4cf0efa57558fa24b87bbdab4bfc5d3e02,52e9effffa3c68b7bb99831ff919cd4cf0efa57558fa24b87bbdab4bfc5d3e02,${GRADIENT_QEF_CAD_ROOT}/Fusion360Gallery/s2.0.1_extended_step/sample_500/step/49218_e04c713b_73.stp
F468,Fusion360Gallery,22862_f5406bb0_0,train,completed,0,True,True,True,1,1,3,0,True,1,0,True,4328.486358116027,104,204,0,0,1,True,True,True,admitted,0.005274625,0e5b3f317795f3d0257521a56941f29dfdacb167e92df429d0dc7e20533d0912,0e5b3f317795f3d0257521a56941f29dfdacb167e92df429d0dc7e20533d0912,${GRADIENT_QEF_CAD_ROOT}/Fusion360Gallery/s2.0.1_extended_step/sample_500/step/22862_f5406bb0_0.stp
F469,Fusion360Gallery,21234_8b71bd47_7,train,completed,0,True,True,True,1,1,23,0,True,1,0,True,93.093610947391,688,1376,0,0,1,True,True,True,admitted,0.037978666,59ced76948a8637317d539c9ba42c278a5a8585bd16c56297efba2b109258dc7,59ced76948a8637317d539c9ba42c278a5a8585bd16c56297efba2b109258dc7,${GRADIENT_QEF_CAD_ROOT}/Fusion360Gallery/s2.0.1_extended_step/sample_500/step/21234_8b71bd47_7.stp
F470,Fusion360Gallery,70292_0a956492_7,train,completed,0,True,True,True,1,1,31,0,True,1,0,True,20.465390096456872,396,796,0,0,1,True,True,True,admitted,0.0394885,58056d076d37fe8d98099c741193a5ff9034a5710df4b5dfad466332e00ab756,58056d076d37fe8d98099c741193a5ff9034a5710df4b5dfad466332e00ab756,${GRADIENT_QEF_CAD_ROOT}/Fusion360Gallery/s2.0.1_extended_step/sample_500/step/70292_0a956492_7.stp
F471,Fusion360Gallery,57130_457641dc_0,train,completed,0,True,True,True,1,1,36,0,True,1,0,True,548.4270514609672,478,952,0,0,1,True,True,True,admitted,0.04269275,f4cbf72556354c35500d1ac6cdb22ba6b30d37c3b2b40366458911984f191fcf,f4cbf72556354c35500d1ac6cdb22ba6b30d37c3b2b40366458911984f191fcf,${GRADIENT_QEF_CAD_ROOT}/Fusion360Gallery/s2.0.1_extended_step/sample_500/step/57130_457641dc_0.stp
F472,Fusion360Gallery,118539_1dff9cf9_4,train,completed,0,True,True,True,1,1,4,0,True,1,0,True,4712.388978624541,114,224,0,0,1,True,True,True,admitted,0.006395583,fdcb14edd55a6a2fdea9c3deafb066de9ce53dbc3dabe74ba207f012f18c42e5,fdcb14edd55a6a2fdea9c3deafb066de9ce53dbc3dabe74ba207f012f18c42e5,${GRADIENT_QEF_CAD_ROOT}/Fusion360Gallery/s2.0.1_extended_step/sample_500/step/118539_1dff9cf9_4.stp
F473,Fusion360Gallery,56489_241ed182_15,train,completed,0,True,True,True,1,1,62,0,True,1,0,True,564.6410164091553,1184,2364,0,0,1,True,True,True,admitted,0.0743125,02b9f5e0ed40737aa1cebf0638a533fe14bd7bdfd1b01c6c714862ac2044c29b,02b9f5e0ed40737aa1cebf0638a533fe14bd7bdfd1b01c6c714862ac2044c29b,${GRADIENT_QEF_CAD_ROOT}/Fusion360Gallery/s2.0.1_extended_step/sample_500/step/56489_241ed182_15.stp
F474,Fusion360Gallery,51444_59a06023_23,train,completed,0,True,True,True,1,1,24,0,True,1,0,True,2040.9486921861662,175,346,0,0,1,True,True,True,admitted,0.047000708,43c66b93caf1aa749a4ed4976fc31d9b1acc4b2bc5d7caa13e6b353b4dd415e0,43c66b93caf1aa749a4ed4976fc31d9b1acc4b2bc5d7caa13e6b353b4dd415e0,${GRADIENT_QEF_CAD_ROOT}/Fusion360Gallery/s2.0.1_extended_step/sample_500/step/51444_59a06023_23.stp
F475,Fusion360Gallery,32322_71d0035e_2,train,completed,0,True,True,True,1,1,32,0,True,1,0,True,53.925233766180405,1315,2634,0,0,1,True,True,True,admitted,0.036062542,f08a56f8f129629c0fc2f46892e719fbe18bdfca88f3e22661fe8d046d81ed4a,f08a56f8f129629c0fc2f46892e719fbe18bdfca88f3e22661fe8d046d81ed4a,${GRADIENT_QEF_CAD_ROOT}/Fusion360Gallery/s2.0.1_extended_step/sample_500/step/32322_71d0035e_2.stp
F476,Fusion360Gallery,122500_e33660ad_19,train,completed,0,True,True,True,1,1,83,0,True,1,0,True,985.8440332119209,1929,3858,0,0,1,True,True,True,admitted,0.087476125,2bc02e21021ed3d43dc9c9fdb431e4c3af496b24b0af0bd9154bd246482fe7a2,2bc02e21021ed3d43dc9c9fdb431e4c3af496b24b0af0bd9154bd246482fe7a2,${GRADIENT_QEF_CAD_ROOT}/Fusion360Gallery/s2.0.1_extended_step/sample_500/step/122500_e33660ad_19.stp
F477,Fusion360Gallery,77686_b1e8a0fa_5,train,completed,0,True,True,True,1,1,4,0,True,1,0,True,5282.5400518032675,737,1470,0,0,1,True,True,True,admitted,0.010650625,dc0d4f95be7d2bdedbe5fc7f993835c7352dbbbe8d5bece4b7710c588703cf1c,dc0d4f95be7d2bdedbe5fc7f993835c7352dbbbe8d5bece4b7710c588703cf1c,${GRADIENT_QEF_CAD_ROOT}/Fusion360Gallery/s2.0.1_extended_step/sample_500/step/77686_b1e8a0fa_5.stp
F478,Fusion360Gallery,51674_a70c1c6c_15,train,completed,0,True,True,True,1,1,8,0,True,1,0,True,110.73895817942855,194,388,0,0,1,True,True,True,admitted,0.012245833,85a760b22c4f27324fb5f11938a54b6a51eb3e9101c1997e0667c0de0ca09b02,85a760b22c4f27324fb5f11938a54b6a51eb3e9101c1997e0667c0de0ca09b02,${GRADIENT_QEF_CAD_ROOT}/Fusion360Gallery/s2.0.1_extended_step/sample_500/step/51674_a70c1c6c_15.stp
F479,Fusion360Gallery,106815_f8df593a_0,train,completed,0,True,True,True,1,1,530,0,True,1,0,True,117.01364785387506,3080,6156,0,0,1,True,True,True,admitted,0.998293041,9fb0a0b65711d40c3b7cd28296c365eda359fc716d124815c049736e04ab5489,9fb0a0b65711d40c3b7cd28296c365eda359fc716d124815c049736e04ab5489,${GRADIENT_QEF_CAD_ROOT}/Fusion360Gallery/s2.0.1_extended_step/sample_500/step/106815_f8df593a_0.stp
F480,Fusion360Gallery,28213_40ba97c1_7,train,completed,0,True,True,True,1,1,19,0,True,1,0,True,92.51840286442228,1196,2392,0,0,1,True,True,True,admitted,0.024180834,552085e0b7c3a2543b1a4833b2a51e6cfaa541eb12293283c2f64e14a575a2ab,552085e0b7c3a2543b1a4833b2a51e6cfaa541eb12293283c2f64e14a575a2ab,${GRADIENT_QEF_CAD_ROOT}/Fusion360Gallery/s2.0.1_extended_step/sample_500/step/28213_40ba97c1_7.stp
F481,Fusion360Gallery,24869_5c729cf1_5,train,completed,0,True,True,True,1,1,15,0,True,1,0,True,166.22569831068978,1802,3604,0,0,1,True,True,True,admitted,0.020437542,2026e57b43c9856035a4719a20a3fb8a61b9575abffeb98477f0af0be9d94df1,2026e57b43c9856035a4719a20a3fb8a61b9575abffeb98477f0af0be9d94df1,${GRADIENT_QEF_CAD_ROOT}/Fusion360Gallery/s2.0.1_extended_step/sample_500/step/24869_5c729cf1_5.stp
F482,Fusion360Gallery,64017_a1afb6aa_0,train,completed,0,True,True,True,1,1,15,0,True,1,0,True,98.23129145914685,2466,4889,41,0,1,False,True,False,mesh_boundary,0.030210333,0d8765a1b8b5ca1cb9ea123245bd6851b7e68edfb65812e4de25502575408234,0d8765a1b8b5ca1cb9ea123245bd6851b7e68edfb65812e4de25502575408234,${GRADIENT_QEF_CAD_ROOT}/Fusion360Gallery/s2.0.1_extended_step/sample_500/step/64017_a1afb6aa_0.stp
F483,Fusion360Gallery,24012_097cf980_0,train,completed,0,True,True,True,1,1,31,0,True,1,0,True,1769.4991595099232,2868,5740,0,0,1,True,True,True,admitted,0.094451042,39cf5c15e07b33bc70ec330d334fedcf00ed2b37d8a97a2ad692b168c2e31894,39cf5c15e07b33bc70ec330d334fedcf00ed2b37d8a97a2ad692b168c2e31894,${GRADIENT_QEF_CAD_ROOT}/Fusion360Gallery/s2.0.1_extended_step/sample_500/step/24012_097cf980_0.stp
F484,Fusion360Gallery,85617_4879c1a8_2,train,completed,0,True,True,True,1,1,13,0,True,1,0,True,224.08910592398053,506,1012,0,0,1,True,True,True,admitted,0.066906917,a2479fd3749abbcfb4caad1e2da3b13daef508c144c854f996307f4a39af6b8a,a2479fd3749abbcfb4caad1e2da3b13daef508c144c854f996307f4a39af6b8a,${GRADIENT_QEF_CAD_ROOT}/Fusion360Gallery/s2.0.1_extended_step/sample_500/step/85617_4879c1a8_2.stp
F485,Fusion360Gallery,21330_f0cee934_48,train,completed,0,True,True,True,1,1,34,0,True,1,0,True,73.41600000000038,64,128,0,0,1,True,True,True,admitted,0.040862625,3a7ab5057ba7bde3be33c269347d2e1cf1c86b66d1a34f6c30b75bb9ffebae24,3a7ab5057ba7bde3be33c269347d2e1cf1c86b66d1a34f6c30b75bb9ffebae24,${GRADIENT_QEF_CAD_ROOT}/Fusion360Gallery/s2.0.1_extended_step/sample_500/step/21330_f0cee934_48.stp
F486,Fusion360Gallery,44519_90af0df6_14,train,completed,0,True,True,True,1,1,3,0,True,1,0,True,32.75520497949709,72,140,0,0,1,True,True,True,admitted,0.006643708,151e0964380a233e7fb2931c67efa0276852361866ee3d375916d1785a306529,151e0964380a233e7fb2931c67efa0276852361866ee3d375916d1785a306529,${GRADIENT_QEF_CAD_ROOT}/Fusion360Gallery/s2.0.1_extended_step/sample_500/step/44519_90af0df6_14.stp
F487,Fusion360Gallery,50417_199cffee_13,train,completed,0,True,True,True,1,1,6,0,True,1,0,True,859.0292419036259,45,86,0,0,1,True,True,True,admitted,0.009977042,93960cc86a902978980ec42ade76c16f1c38a0622dcc6163ca847a3def437ba8,93960cc86a902978980ec42ade76c16f1c38a0622dcc6163ca847a3def437ba8,${GRADIENT_QEF_CAD_ROOT}/Fusion360Gallery/s2.0.1_extended_step/sample_500/step/50417_199cffee_13.stp
F488,Fusion360Gallery,123672_2e3fb108_3,train,completed,0,True,True,True,1,1,51,0,True,1,0,True,728.2962963095429,88,172,0,0,1,True,True,True,admitted,0.051366833,ca9598497e83618587b1ef9258c1e8a92498bfaff2b7046a01896134ce04623c,ca9598497e83618587b1ef9258c1e8a92498bfaff2b7046a01896134ce04623c,${GRADIENT_QEF_CAD_ROOT}/Fusion360Gallery/s2.0.1_extended_step/sample_500/step/123672_2e3fb108_3.stp
F489,Fusion360Gallery,21993_a81c7f20_6,train,completed,0,True,True,True,1,1,9,0,True,1,0,True,2131.953559312068,796,1588,0,0,1,True,True,True,admitted,0.019160167,1a98df3655794ace5f3b8475d803ae870645ef3e434b3fe27e80d3a19e62562b,1a98df3655794ace5f3b8475d803ae870645ef3e434b3fe27e80d3a19e62562b,${GRADIENT_QEF_CAD_ROOT}/Fusion360Gallery/s2.0.1_extended_step/sample_500/step/21993_a81c7f20_6.stp
F490,Fusion360Gallery,44505_0ef9a934_1,train,completed,0,True,True,True,1,1,34,0,True,1,0,True,221.7474597151425,1767,3530,0,0,1,True,True,True,admitted,0.105660333,6eec34727af6a49357dabf5fe38e9af22ce1bf3dbfc1b49fba9e6e5282d2be8c,6eec34727af6a49357dabf5fe38e9af22ce1bf3dbfc1b49fba9e6e5282d2be8c,${GRADIENT_QEF_CAD_ROOT}/Fusion360Gallery/s2.0.1_extended_step/sample_500/step/44505_0ef9a934_1.stp
F491,Fusion360Gallery,51459_874dd272_5,train,completed,0,True,True,True,1,1,31,0,True,1,0,True,1139.7653628110438,322,640,0,0,1,True,True,True,admitted,0.068461834,be3b7a7a25ac89972d6951c614f224323b74c45b936e678f4193b8c5f8012359,be3b7a7a25ac89972d6951c614f224323b74c45b936e678f4193b8c5f8012359,${GRADIENT_QEF_CAD_ROOT}/Fusion360Gallery/s2.0.1_extended_step/sample_500/step/51459_874dd272_5.stp
F492,Fusion360Gallery,23035_6087bb57_6,train,completed,0,True,True,True,1,1,10,0,True,1,0,True,31.51075595294812,122,240,0,0,1,True,True,True,admitted,0.012576625,49137a1ecb32f42736873abfeedbd803202e26b2cd712c01134c02c772d9814f,49137a1ecb32f42736873abfeedbd803202e26b2cd712c01134c02c772d9814f,${GRADIENT_QEF_CAD_ROOT}/Fusion360Gallery/s2.0.1_extended_step/sample_500/step/23035_6087bb57_6.stp
F493,Fusion360Gallery,52449_3da8c6e5_8,train,completed,0,True,True,True,1,1,6,0,True,1,0,True,77.58297032223814,32,60,0,0,1,True,True,True,admitted,0.007992834,3cd60c02e3678538abe7545fac34d9f1539e551ff14ae202635352613bec6e31,3cd60c02e3678538abe7545fac34d9f1539e551ff14ae202635352613bec6e31,${GRADIENT_QEF_CAD_ROOT}/Fusion360Gallery/s2.0.1_extended_step/sample_500/step/52449_3da8c6e5_8.stp
F494,Fusion360Gallery,121172_0ac63503_6,train,completed,0,True,True,True,1,1,6,0,True,1,0,True,127.99999999999999,8,12,0,0,1,True,True,True,admitted,0.008355833,3f27962255f5c964e335398d8a54d50722e4e8dde71aa9bc09e61d2143cd2583,3f27962255f5c964e335398d8a54d50722e4e8dde71aa9bc09e61d2143cd2583,${GRADIENT_QEF_CAD_ROOT}/Fusion360Gallery/s2.0.1_extended_step/sample_500/step/121172_0ac63503_6.stp
F495,Fusion360Gallery,23179_729dc326_0,train,completed,0,True,True,True,1,1,21,0,True,1,0,True,197.79508931348772,1950,3904,0,0,1,True,True,True,admitted,0.02309025,de91b8070ea5c8200bc72ba6c7e43ed168ca4a2b5a10ce58984f9249dd31f2ab,de91b8070ea5c8200bc72ba6c7e43ed168ca4a2b5a10ce58984f9249dd31f2ab,${GRADIENT_QEF_CAD_ROOT}/Fusion360Gallery/s2.0.1_extended_step/sample_500/step/23179_729dc326_0.stp
F496,Fusion360Gallery,32743_f4c47bbc_12,train,completed,0,True,True,True,1,1,6,0,True,1,0,True,47.33727810650639,40,76,0,0,1,True,True,True,admitted,0.0104995,b91fe6eee0e5bcaef109c2d860a891f4f85de753182c5d665c3bace8569a9a90,b91fe6eee0e5bcaef109c2d860a891f4f85de753182c5d665c3bace8569a9a90,${GRADIENT_QEF_CAD_ROOT}/Fusion360Gallery/s2.0.1_extended_step/sample_500/step/32743_f4c47bbc_12.stp
F497,Fusion360Gallery,40061_d07e8764_0,train,completed,0,True,True,True,1,1,8,0,True,1,0,True,339.6017553750729,104,208,0,0,1,True,True,True,admitted,0.013488458,221e327f7d5d497a0ea943cf6facfefb864e27fc33a62040a4196bf192df6152,221e327f7d5d497a0ea943cf6facfefb864e27fc33a62040a4196bf192df6152,${GRADIENT_QEF_CAD_ROOT}/Fusion360Gallery/s2.0.1_extended_step/sample_500/step/40061_d07e8764_0.stp
F498,Fusion360Gallery,139416_446bba1a_16,train,completed,0,True,True,True,1,1,6,0,True,1,0,True,39.80535182955393,8,12,0,0,1,True,True,True,admitted,0.035327209,5f7c1864c2d91e7df67c1e48da7aa1604daf480c1f9fe81cf387df9fc76a5040,5f7c1864c2d91e7df67c1e48da7aa1604daf480c1f9fe81cf387df9fc76a5040,${GRADIENT_QEF_CAD_ROOT}/Fusion360Gallery/s2.0.1_extended_step/sample_500/step/139416_446bba1a_16.stp
F499,Fusion360Gallery,55715_525d1d3e_16,train,completed,0,True,True,True,1,1,10,0,True,1,0,True,124.15991250448795,84,164,0,0,1,True,True,True,admitted,0.013990667,b27e4feb09c1aa35b9bac1bf5241e2d9401c432fd76b037c321079efa6dedcee,b27e4feb09c1aa35b9bac1bf5241e2d9401c432fd76b037c321079efa6dedcee,${GRADIENT_QEF_CAD_ROOT}/Fusion360Gallery/s2.0.1_extended_step/sample_500/step/55715_525d1d3e_16.stp
F500,Fusion360Gallery,145603_0980a872_0,train,completed,0,True,True,True,1,1,5,0,True,1,0,True,2748.661810562725,1382,2760,0,0,1,True,True,True,admitted,0.020591417,cd1df07983434489326d61ce150f6a8012b803100222150141a75b8b417bc3bb,cd1df07983434489326d61ce150f6a8012b803100222150141a75b8b417bc3bb,${GRADIENT_QEF_CAD_ROOT}/Fusion360Gallery/s2.0.1_extended_step/sample_500/step/145603_0980a872_0.stp
G01,GrabCAD,L-Bracket with Triangular Gusset,,completed,0,True,True,True,1,1,44,0,True,1,0,True,119301.67595452264,865,1742,0,0,1,True,True,True,admitted,0.05946375,f96e89c85cc84ba2b5d7a87e50b27c6432ed64dde60ee14a70cb1df38743d4f0,f96e89c85cc84ba2b5d7a87e50b27c6432ed64dde60ee14a70cb1df38743d4f0,${GRADIENT_QEF_CAD_ROOT}/GrabCAD/G01_L_Bracket_Gusset/G01_L_Bracket_Gusset.step
G02,GrabCAD,Multi-Purpose Slotted Adjustment Bracket,,completed,0,True,True,True,1,1,26,0,True,1,0,True,27113.69480670796,456,932,0,0,1,True,True,True,admitted,0.036131083,5d44c7884afa3b52e65ae572c52823d5826b36ba57f3eadea41c26d64a90894e,5d44c7884afa3b52e65ae572c52823d5826b36ba57f3eadea41c26d64a90894e,${GRADIENT_QEF_CAD_ROOT}/GrabCAD/G02_Slotted_Adjustment_Bracket/G02_Slotted_Adjustment_Bracket.step
G03,GrabCAD,50 mm 90-Degree Flanged Pipe Elbow,,completed,0,True,True,True,1,1,24,0,True,1,0,True,558765.1921548154,1984,4016,0,0,1,True,True,True,admitted,0.044532834,60a2e3d6bb15c9866b62cc2c97a84faf785163b321e6cde51246b1ce4ddb9f01,60a2e3d6bb15c9866b62cc2c97a84faf785163b321e6cde51246b1ce4ddb9f01,${GRADIENT_QEF_CAD_ROOT}/GrabCAD/G03_Flanged_Elbow_50mm/G03_Flanged_Elbow_50mm.step
G04,GrabCAD,Gate Valve Body 2 Inch Class 150,,completed,0,True,True,True,1,1,187,0,True,1,0,True,1196507.0895369858,6321,12742,0,0,1,True,True,True,admitted,0.825119333,ab9e29fe5942ddf927267ecfc3ac5ee194f263aee6a3dc4957fd2e20e882c0cb,ab9e29fe5942ddf927267ecfc3ac5ee194f263aee6a3dc4957fd2e20e882c0cb,${GRADIENT_QEF_CAD_ROOT}/GrabCAD/G04_Gate_Valve_Body_2in/G04_Gate_Valve_Body_2in.step
G05,GrabCAD,Jet Impeller,,completed,0,True,True,True,12,12,476,0,True,12,0,True,493093.6975370041,9309,19064,0,141,1,True,True,False,mesh_nonmanifold,3.349515125,a022fd92a470634866f5ee216757731cd7060e2e21318fd86b78566781b9bed9,a022fd92a470634866f5ee216757731cd7060e2e21318fd86b78566781b9bed9,${GRADIENT_QEF_CAD_ROOT}/GrabCAD/G05_Jet_Impeller/G05_Jet_Impeller.step
N01,NIST,STC-06,,completed,0,True,True,True,1,1,144,0,True,1,0,True,3323540.52029393,5497,11030,0,0,1,True,True,True,admitted,0.199305833,71777c28da76da0e8a667e4cbe792d5f72c09b5c56440c9744d3d50ca96ecc8d,71777c28da76da0e8a667e4cbe792d5f72c09b5c56440c9744d3d50ca96ecc8d,${LOCAL_PROJECT_ROOT}/g-p-6a39e656c2e8819185c3e09837052bc0/research/topic4_v5/real_cad_experiment/corpus_v1/originals/nist/N01/nist_stc_06_asme1_ap242-e3.stp
N02,NIST,STC-07,,completed,0,True,True,True,1,1,306,0,True,1,0,True,1726248.379038069,6257,12570,0,0,1,True,True,True,admitted,0.536905125,2dddf9b8894bc241f7ffddf3dc4502baa3d49c374e8784039d14b86473d54832,2dddf9b8894bc241f7ffddf3dc4502baa3d49c374e8784039d14b86473d54832,${LOCAL_PROJECT_ROOT}/g-p-6a39e656c2e8819185c3e09837052bc0/research/topic4_v5/real_cad_experiment/corpus_v1/originals/nist/N02/nist_stc_07_asme1_ap242-e3.stp
N03,NIST,STC-08,,completed,0,True,True,True,1,1,271,0,True,1,0,True,503592.17795843113,5019,10134,0,0,1,True,True,True,admitted,0.434022,64f24b914910ce8e20c9e4bd59637b4fd155715c7c7b51689466534ed7db1442,64f24b914910ce8e20c9e4bd59637b4fd155715c7c7b51689466534ed7db1442,${LOCAL_PROJECT_ROOT}/g-p-6a39e656c2e8819185c3e09837052bc0/research/topic4_v5/real_cad_experiment/corpus_v1/originals/nist/N03/nist_stc_08_asme1_ap242-e3.stp
N04,NIST,STC-09,,completed,0,True,True,True,1,1,125,0,True,1,0,True,136445.1047920751,3248,6628,0,0,1,True,True,True,admitted,0.43776825,737423afcb223b87d92a4ea7646a97d8d55fb21cc24ba2fb72b952336bcf1fad,737423afcb223b87d92a4ea7646a97d8d55fb21cc24ba2fb72b952336bcf1fad,${LOCAL_PROJECT_ROOT}/g-p-6a39e656c2e8819185c3e09837052bc0/research/topic4_v5/real_cad_experiment/corpus_v1/originals/nist/N04/nist_stc_09_asme1_ap242-e3.stp
N05,NIST,STC-10,,completed,0,True,True,True,1,1,256,0,True,1,0,True,188312.81311697522,10421,20926,0,0,1,True,True,True,admitted,0.471235834,fba4f46cab1ce1402362038036884631b4a41afe1c9efc5681d358c39db7ed5f,fba4f46cab1ce1402362038036884631b4a41afe1c9efc5681d358c39db7ed5f,${LOCAL_PROJECT_ROOT}/g-p-6a39e656c2e8819185c3e09837052bc0/research/topic4_v5/real_cad_experiment/corpus_v1/originals/nist/N05/nist_stc_10_asme1_ap242-e2.stp
N06,NIST,CTC-01,,completed,0,True,True,True,1,1,117,0,True,1,0,True,14644823.305612635,1530,3096,0,0,1,True,True,True,admitted,0.179898542,85a5752da05f53c456ca3a9e038c90358e1d5a3141d1f0d6e5f0970f2356e821,85a5752da05f53c456ca3a9e038c90358e1d5a3141d1f0d6e5f0970f2356e821,${LOCAL_PROJECT_ROOT}/g-p-6a39e656c2e8819185c3e09837052bc0/research/topic4_v5/real_cad_experiment/corpus_v1/originals/nist/N06/nist_ctc_01_asme1_ap242-e1.stp
N07,NIST,CTC-02,,completed,0,True,True,True,1,1,637,0,True,1,0,True,47106787.80020498,15392,30824,0,0,1,True,True,True,admitted,1.235279042,99a0a2079ddeb64d05c2432cbe931fa17c89da60d8b0bcb0b11bd0ed94fa2e68,99a0a2079ddeb64d05c2432cbe931fa17c89da60d8b0bcb0b11bd0ed94fa2e68,${LOCAL_PROJECT_ROOT}/g-p-6a39e656c2e8819185c3e09837052bc0/research/topic4_v5/real_cad_experiment/corpus_v1/originals/nist/N07/nist_ctc_02_asme1_ap242-e2.stp
N08,NIST,CTC-03,,completed,0,True,True,True,1,1,120,0,True,1,0,True,332122.9076266056,1760,3584,0,0,1,True,True,True,admitted,0.168788667,196b665776e759282f80fc8fb27d7bceb995df77cf78b7ce48347535a4d6cb5f,196b665776e759282f80fc8fb27d7bceb995df77cf78b7ce48347535a4d6cb5f,${LOCAL_PROJECT_ROOT}/g-p-6a39e656c2e8819185c3e09837052bc0/research/topic4_v5/real_cad_experiment/corpus_v1/originals/nist/N08/nist_ctc_03_asme1_ap242-e2.stp
N09,NIST,CTC-04,,completed,0,True,True,True,1,1,484,0,True,1,0,True,17519780.202793345,11623,23378,0,0,1,True,True,True,admitted,0.710027792,20b43b54ce25d4ed17cff794084c406e831c687f5b62471d3371eef33669e355,20b43b54ce25d4ed17cff794084c406e831c687f5b62471d3371eef33669e355,${LOCAL_PROJECT_ROOT}/g-p-6a39e656c2e8819185c3e09837052bc0/research/topic4_v5/real_cad_experiment/corpus_v1/originals/nist/N09/nist_ctc_04_asme1_ap242-e1.stp
N10,NIST,CTC-05,,completed,0,True,True,True,1,1,156,0,True,1,0,True,12694917.715426987,4695,9426,0,0,1,True,True,True,admitted,0.272684875,59bbc09a34621c03106e4c1b2a5bc909fdb67463117c16c4965ee7a6fe5c1521,59bbc09a34621c03106e4c1b2a5bc909fdb67463117c16c4965ee7a6fe5c1521,${LOCAL_PROJECT_ROOT}/g-p-6a39e656c2e8819185c3e09837052bc0/research/topic4_v5/real_cad_experiment/corpus_v1/originals/nist/N10/nist_ctc_05_asme1_ap242-e1.stp
N11R,NIST,FTC-11 replacement,,completed,0,True,True,True,1,1,42,0,True,1,0,True,5135.058392239693,3784,7568,0,0,1,True,True,True,admitted,0.114566208,20a92edf514ae0989d556f9c7b9f065aed741cfbb361b7fe4cb7938a1eb5c232,20a92edf514ae0989d556f9c7b9f065aed741cfbb361b7fe4cb7938a1eb5c232,${LOCAL_PROJECT_ROOT}/g-p-6a39e656c2e8819185c3e09837052bc0/research/topic4_v5/real_cad_experiment/corpus_v1/originals/nist/N11R/nist_ftc_11_asme1_ap242-e2.stp
T01,TraceParts,AMI BPFL6-17 flange-mount bearing unit,,completed,0,True,True,True,3,3,290,0,True,3,0,True,69520.14943260606,9518,19368,0,214,2,True,True,False,mesh_nonmanifold,0.819601375,3010f05fdc8e6722728f1444260780b24edb5ba9ba1cba759eee0ada7955e1fd,3010f05fdc8e6722728f1444260780b24edb5ba9ba1cba759eee0ada7955e1fd,${GRADIENT_QEF_CAD_ROOT}/TraceParts/T01_BPFL6-17/T01_BPFL6-17_AP242.stp
T02,TraceParts,Lokring 90-degree elbow,,completed,0,True,True,True,1,1,50,0,True,1,0,True,59222.64126461405,2327,4654,0,0,1,True,True,True,admitted,0.060727584,d3f4876b2f4660daaba091e27a40159aa55b30014d88913fae61b7f5bd976452,d3f4876b2f4660daaba091e27a40159aa55b30014d88913fae61b7f5bd976452,${GRADIENT_QEF_CAD_ROOT}/TraceParts/T02_MAS-3000-EL90-P12/T02_MAS-3000-EL90-P12_AP242.stp
T03,TraceParts,Stafford Flange Adapter Max,,completed,0,True,True,True,1,1,119,0,True,1,0,True,50067.31352027917,3443,6894,0,0,1,True,True,True,admitted,0.2066645,5f4e1fd4987f71c4cb6b42ba209bf8e36c1a8fdb0b3cfcf4247ccb62136b426a,5f4e1fd4987f71c4cb6b42ba209bf8e36c1a8fdb0b3cfcf4247ccb62136b426a,${GRADIENT_QEF_CAD_ROOT}/TraceParts/T03_5EFL008REM/T03_5EFL008REM_AP242.stp
T04,TraceParts,Automatic Valve L21,,completed,0,True,True,True,1,10,774,0,True,1,0,True,170992.5955738668,9960,19924,0,5,10,True,True,False,mesh_nonmanifold,1.201530125,b474ac801743adce2e7517120f0cd89911ccffa4a3deb2a921b121b08db3b211,b474ac801743adce2e7517120f0cd89911ccffa4a3deb2a921b121b08db3b211,${GRADIENT_QEF_CAD_ROOT}/TraceParts/T04_L2103AAWR-A/T04_L2103AAWR-A_AP242.stp
